사고번호,사고일시,요일,시군구,사고내용,사망자수,중상자수,경상자수,부상신고자수,사고유형,법규위반,노면상태,기상상태,도로형태,가해운전자 차종,가해운전자 성별,가해운전자 연령,가해운전자 상해정도,피해운전자 차종,피해운전자 성별,피해운전자 연령,피해운전자 상해정도
2020011800100113,2020년 1월 18일 08시,토요일,인천광역시 남동구 만수동,부상신고사고,0,0,0,1,차대사람 - 기타,안전운전불이행,건조,맑음,단일로 - 기타,기타불명,기타불명,미분류,기타불명,보행자,여,48세,부상신고
2020011800100158,2020년 1월 18일 10시,토요일,인천광역시 남동구 만수동,경상사고,0,0,3,0,차대차 - 측면충돌,안전거리미확보,건조,맑음,단일로 - 기타,승용,여,43세,상해없음,승용,남,39세,경상
2020011800100194,2020년 1월 18일 11시,토요일,인천광역시 강화군 강화읍,경상사고,0,0,1,0,차대사람 - 횡단중,보행자보호의무위반,건조,맑음,교차로 - 교차로횡단보도내,승용,남,61세,상해없음,보행자,남,80세,경상
2020011800100195,2020년 1월 18일 11시,토요일,인천광역시 연수구 송도동,중상사고,0,1,1,0,차대차 - 측면충돌,안전운전불이행,건조,맑음,교차로 - 교차로부근,승용,여,63세,상해없음,승용,남,60세,경상
2020011800100196,2020년 1월 18일 11시,토요일,인천광역시 남동구 남촌동,경상사고,0,0,2,0,차대차 - 측면충돌,안전거리미확보,건조,맑음,단일로 - 교량,승용,여,24세,상해없음,승용,여,27세,경상
2020011800100239,2020년 1월 18일 12시,토요일,인천광역시 미추홀구 학익동,경상사고,0,0,4,0,차대차 - 기타,안전운전불이행,건조,맑음,단일로 - 기타,승용,남,62세,상해없음,승용,여,33세,경상
2020011800100240,2020년 1월 18일 12시,토요일,인천광역시 계양구 효성동,중상사고,0,1,0,0,차대차 - 기타,기타,건조,맑음,교차로 - 교차로안,원동기,남,50세,중상,승합,여,62세,상해없음
2020011800100241,2020년 1월 18일 12시,토요일,인천광역시 남동구 논현동,경상사고,0,0,1,1,차대차 - 정면충돌,신호위반,건조,맑음,교차로 - 교차로안,이륜,남,51세,부상신고,승용,남,63세,경상
2020011800100279,2020년 1월 18일 13시,토요일,인천광역시 미추홀구 용현동,경상사고,0,0,2,0,차대차 - 측면충돌,안전운전불이행,건조,맑음,교차로 - 교차로부근,승용,남,58세,상해없음,승용,여,33세,경상
2020011800100280,2020년 1월 18일 13시,토요일,인천광역시 남동구 장수동,경상사고,0,0,2,0,차대차 - 측면충돌,안전운전불이행,건조,맑음,단일로 - 기타,승용,남,53세,상해없음,승용,남,26세,경상
2020011800100318,2020년 1월 18일 14시,토요일,인천광역시 계양구 서운동,부상신고사고,0,0,0,2,차대차 - 기타,교차로운행방법위반,건조,맑음,교차로 - 교차로안,화물,남,62세,상해없음,승용,남,33세,부상신고
2020011800100319,2020년 1월 18일 14시,토요일,인천광역시 부평구 부평동,경상사고,0,0,2,0,차대차 - 측면충돌,안전운전불이행,건조,맑음,단일로 - 기타,승용,남,63세,상해없음,승용,남,35세,경상
2020011800100349,2020년 1월 18일 15시,토요일,인천광역시 남동구 간석동,경상사고,0,0,3,0,차대차 - 측면충돌,신호위반,건조,맑음,교차로 - 교차로안,승용,남,57세,상해없음,승용,남,34세,경상
2020011800100385,2020년 1월 18일 16시,토요일,인천광역시 계양구 작전동,경상사고,0,0,1,0,차대차 - 측면충돌,안전거리미확보,건조,맑음,단일로 - 기타,화물,남,57세,상해없음,승용,남,30세,경상
2020011800100420,2020년 1월 18일 17시,토요일,인천광역시 부평구 십정동,중상사고,0,1,0,0,차량단독 - 기타,안전운전불이행,건조,맑음,단일로 - 기타,승합,남,53세,상해없음,,,,
2020011800100421,2020년 1월 18일 17시,토요일,인천광역시 연수구 옥련동,경상사고,0,0,1,0,차대차 - 측면충돌,신호위반,건조,맑음,교차로 - 교차로부근,승용,남,28세,상해없음,이륜,남,35세,경상
2020011800100469,2020년 1월 18일 18시,토요일,인천광역시 부평구 부평동,중상사고,0,1,0,0,차대차 - 측면충돌,안전운전불이행,건조,맑음,교차로 - 교차로부근,승용,남,62세,상해없음,승용,남,60세,중상
2020011800100470,2020년 1월 18일 18시,토요일,인천광역시 계양구 효성동,중상사고,0,1,0,0,차대사람 - 횡단중,안전운전불이행,건조,맑음,교차로 - 교차로부근,이륜,남,27세,상해없음,보행자,남,50세,중상
2020011800100509,2020년 1월 18일 19시,토요일,인천광역시 계양구 효성동,중상사고,0,1,0,0,차대사람 - 횡단중,신호위반,건조,맑음,교차로 - 교차로안,승용,남,52세,상해없음,보행자,남,27세,중상
2020011800100510,2020년 1월 18일 19시,토요일,인천광역시 계양구 계산동,경상사고,0,0,1,0,차대차 - 측면충돌,안전거리미확보,건조,맑음,단일로 - 기타,승용,여,60세,상해없음,승용,여,51세,경상
2020011800100511,2020년 1월 18일 19시,토요일,인천광역시 강화군 양도면,중상사고,0,1,0,0,차대차 - 측면충돌,중앙선침범,건조,맑음,단일로 - 지하차도(도로)내,승용,여,27세,상해없음,화물,남,67세,중상
2020011800100534,2020년 1월 18일 20시,토요일,인천광역시 부평구 부평동,경상사고,0,0,1,2,차대차 - 측면충돌,안전운전불이행,건조,맑음,교차로 - 교차로안,승용,남,64세,상해없음,승용,남,27세,경상
2020011800100559,2020년 1월 18일 21시,토요일,인천광역시 중구 중산동,중상사고,0,1,2,0,차대차 - 측면충돌,신호위반,건조,맑음,교차로 - 교차로안,이륜,남,21세,중상,승용,남,37세,경상
2020011800100585,2020년 1월 18일 22시,토요일,인천광역시 옹진군 영흥면,경상사고,0,0,1,0,차대차 - 추돌,안전운전불이행,건조,맑음,단일로 - 기타,승용,남,48세,상해없음,승용,남,53세,경상
2020011900100029,2020년 1월 19일 01시,일요일,인천광역시 서구 청라동,경상사고,0,0,2,0,차대차 - 추돌,안전운전불이행,건조,맑음,단일로 - 기타,승용,남,20세,상해없음,승용,남,32세,경상
2020011900100105,2020년 1월 19일 09시,일요일,인천광역시 서구 석남동,중상사고,0,2,0,0,차대차 - 기타,신호위반,건조,맑음,교차로 - 교차로안,건설기계,남,47세,상해없음,승용,남,22세,중상
2020011900100106,2020년 1월 19일 09시,일요일,인천광역시 남동구 도림동,경상사고,0,0,1,0,차대차 - 추돌,안전운전불이행,건조,맑음,단일로 - 기타,승용,남,68세,상해없음,승용,여,64세,경상
2020011900100150,2020년 1월 19일 11시,일요일,인천광역시 남동구 만수동,경상사고,0,0,1,0,차대차 - 추돌,안전운전불이행,건조,맑음,단일로 - 기타,승용,남,55세,기타불명,승용,남,63세,상해없음
2020011900100151,2020년 1월 19일 11시,일요일,인천광역시 부평구 삼산동,경상사고,0,0,1,0,차대차 - 추돌,안전운전불이행,건조,맑음,단일로 - 기타,승용,남,59세,상해없음,승용,남,48세,경상
2020011900100206,2020년 1월 19일 13시,일요일,인천광역시 부평구 부평동,경상사고,0,0,1,0,차대차 - 기타,안전거리미확보,건조,맑음,단일로 - 기타,승용,남,62세,상해없음,이륜,남,33세,경상
2020011900100234,2020년 1월 19일 14시,일요일,인천광역시 서구 청라동,중상사고,0,1,1,0,차대차 - 정면충돌,신호위반,건조,맑음,교차로 - 교차로안,승합,남,58세,상해없음,이륜,남,50세,중상
2020011900100235,2020년 1월 19일 14시,일요일,인천광역시 남동구 논현동,경상사고,0,0,1,0,차대차 - 측면충돌,안전거리미확보,건조,맑음,단일로 - 기타,승용,여,24세,상해없음,이륜,남,40세,경상
2020011900100258,2020년 1월 19일 15시,일요일,인천광역시 부평구 갈산동,경상사고,0,0,2,0,차대차 - 추돌,안전운전불이행,기타,맑음,교차로 - 교차로안,승용,남,24세,상해없음,승용,남,30세,경상
2020011900100284,2020년 1월 19일 16시,일요일,인천광역시 부평구 부평동,경상사고,0,0,2,0,차대차 - 측면충돌,안전운전불이행,건조,맑음,교차로 - 교차로부근,승용,남,72세,상해없음,승용,남,23세,경상
2020011900100285,2020년 1월 19일 16시,일요일,인천광역시 서구 석남동,경상사고,0,0,1,0,차대사람 - 기타,기타,건조,맑음,단일로 - 기타,이륜,남,52세,상해없음,보행자,남,58세,경상
2020011900100286,2020년 1월 19일 16시,일요일,인천광역시 계양구 병방동,경상사고,0,0,1,0,차대차 - 측면충돌,안전거리미확보,건조,맑음,단일로 - 기타,승용,남,84세,상해없음,승용,남,27세,상해없음
2020011900100305,2020년 1월 19일 17시,일요일,인천광역시 중구 인현동,경상사고,0,0,1,0,차량단독 - 기타,안전운전불이행,건조,맑음,기타 - 기타,승합,남,67세,상해없음,,,,
2020011900100344,2020년 1월 19일 18시,일요일,인천광역시 미추홀구 용현동,경상사고,0,0,1,0,차대차 - 후진중충돌,안전운전불이행,건조,맑음,단일로 - 기타,승용,여,42세,상해없음,이륜,남,23세,경상
2020011900100345,2020년 1월 19일 18시,일요일,인천광역시 미추홀구 도화동,경상사고,0,0,2,0,차대차 - 추돌,안전운전불이행,건조,맑음,교차로 - 교차로부근,이륜,남,45세,상해없음,승용,남,32세,경상
2020011900100346,2020년 1월 19일 18시,일요일,인천광역시 부평구 부평동,경상사고,0,0,1,0,차대차 - 측면충돌,안전운전불이행,건조,맑음,교차로 - 교차로부근,승용,여,64세,상해없음,승용,남,53세,경상
2020011900100438,2020년 1월 19일 22시,일요일,인천광역시 중구 운서동,중상사고,0,1,0,0,차대사람 - 차도통행중,안전운전불이행,건조,맑음,단일로 - 기타,승합,남,37세,상해없음,보행자,남,23세,중상
2020011900100439,2020년 1월 19일 22시,일요일,인천광역시 계양구 서운동,경상사고,0,0,1,0,차대차 - 측면충돌,과속,건조,맑음,단일로 - 교량,승용,남,35세,상해없음,승용,남,45세,경상
2020012000100043,2020년 1월 20일 05시,월요일,인천광역시 미추홀구 주안동,경상사고,0,0,1,0,차대차 - 측면충돌,신호위반,건조,맑음,교차로 - 교차로안,승용,남,72세,상해없음,승합,남,43세,경상
2020012000100064,2020년 1월 20일 06시,월요일,인천광역시 연수구 옥련동,경상사고,0,0,1,0,차대차 - 측면충돌,안전운전불이행,건조,맑음,교차로 - 교차로횡단보도내,승용,남,55세,상해없음,승용,여,42세,경상
2020012000100090,2020년 1월 20일 07시,월요일,인천광역시 서구 가좌동,경상사고,0,0,1,0,차대차 - 측면충돌,안전운전불이행,건조,맑음,단일로 - 기타,건설기계,남,47세,상해없음,승용,남,71세,경상
2020012000100169,2020년 1월 20일 09시,월요일,인천광역시 미추홀구 학익동,중상사고,0,1,0,1,차대차 - 기타,안전운전불이행,건조,맑음,단일로 - 기타,승용,남,43세,중상,화물,남,59세,상해없음
2020012000100170,2020년 1월 20일 09시,월요일,인천광역시 부평구 부평동,경상사고,0,0,1,0,차대차 - 측면충돌,안전운전불이행,건조,맑음,교차로 - 교차로안,승용,여,53세,상해없음,승용,여,55세,경상
2020012000100171,2020년 1월 20일 09시,월요일,인천광역시 서구 석남동,경상사고,0,0,1,0,차대차 - 추돌,안전운전불이행,건조,맑음,교차로 - 교차로부근,특수,남,54세,상해없음,승용,남,56세,경상
2020012000100172,2020년 1월 20일 09시,월요일,인천광역시 부평구 갈산동,중상사고,0,1,0,0,차량단독 - 기타,안전운전불이행,건조,맑음,단일로 - 기타,승합,남,55세,기타불명,,,,
2020012000100203,2020년 1월 20일 10시,월요일,인천광역시 미추홀구 문학동,경상사고,0,0,1,0,차대차 - 측면충돌,안전거리미확보,건조,맑음,교차로 - 교차로부근,승용,남,42세,기타불명,건설기계,남,56세,경상
2020012000100242,2020년 1월 20일 11시,월요일,인천광역시 남동구 구월동,경상사고,0,0,1,0,차대차 - 측면충돌,교차로운행방법위반,건조,맑음,교차로 - 교차로안,승용,남,30세,상해없음,승용,여,38세,경상
2020012000100243,2020년 1월 20일 11시,월요일,인천광역시 부평구 삼산동,경상사고,0,0,2,0,차대차 - 추돌,안전운전불이행,건조,맑음,단일로 - 기타,승용,남,50세,상해없음,승용,남,46세,경상
2020012000100282,2020년 1월 20일 12시,월요일,인천광역시 미추홀구 용현동,경상사고,0,0,1,0,차대사람 - 길가장자리구역통행중,안전운전불이행,건조,맑음,단일로 - 기타,승용,남,41세,상해없음,보행자,남,25세,경상
2020012000100283,2020년 1월 20일 12시,월요일,인천광역시 미추홀구 관교동,경상사고,0,0,1,1,차대차 - 측면충돌,안전거리미확보,건조,맑음,단일로 - 기타,승용,여,50세,상해없음,승용,남,69세,경상
2020012000100284,2020년 1월 20일 12시,월요일,인천광역시 강화군 길상면,경상사고,0,0,1,0,차대차 - 정면충돌,중앙선침범,건조,맑음,단일로 - 교량,특수,남,56세,상해없음,화물,남,46세,경상
2020012000100364,2020년 1월 20일 14시,월요일,인천광역시 남동구 만수동,경상사고,0,0,1,0,차대차 - 측면충돌,안전운전불이행,건조,맑음,단일로 - 기타,승용,남,66세,상해없음,화물,남,45세,경상
2020012000100414,2020년 1월 20일 15시,월요일,인천광역시 서구 청라동,경상사고,0,0,2,0,차대차 - 기타,안전운전불이행,건조,맑음,교차로 - 교차로안,승용,남,46세,상해없음,승용,여,58세,경상
2020012000100415,2020년 1월 20일 15시,월요일,인천광역시 연수구 선학동,경상사고,0,0,2,0,차대차 - 측면충돌,안전거리미확보,건조,맑음,교차로 - 교차로부근,승용,남,63세,상해없음,화물,남,40세,경상
2020012000100449,2020년 1월 20일 16시,월요일,인천광역시 남동구 간석동,중상사고,0,1,0,0,차대사람 - 길가장자리구역통행중,안전운전불이행,건조,맑음,교차로 - 교차로안,화물,남,73세,상해없음,보행자,여,55세,중상
2020012000100450,2020년 1월 20일 16시,월요일,인천광역시 서구 경서동,경상사고,0,0,1,0,차대사람 - 횡단중,보행자보호의무위반,건조,맑음,교차로 - 교차로안,이륜,남,46세,상해없음,보행자,여,9세,경상
2020012000100451,2020년 1월 20일 16시,월요일,인천광역시 서구 대곡동,경상사고,0,0,1,0,차대차 - 기타,안전운전불이행,건조,맑음,교차로 - 교차로부근,화물,남,72세,상해없음,화물,남,54세,경상
2020012000100496,2020년 1월 20일 17시,월요일,인천광역시 남동구 남촌동,경상사고,0,0,1,0,차대차 - 측면충돌,안전운전불이행,건조,맑음,교차로 - 교차로부근,기타불명,기타불명,미분류,기타불명,자전거,남,62세,경상
2020012000100547,2020년 1월 20일 18시,월요일,인천광역시 서구 청라동,경상사고,0,0,1,0,차대차 - 기타,안전운전불이행,건조,맑음,단일로 - 기타,화물,남,80세,상해없음,승용,남,35세,경상
2020012000100548,2020년 1월 20일 18시,월요일,인천광역시 남동구 만수동,경상사고,0,0,3,0,차대차 - 측면충돌,차로위반,건조,맑음,단일로 - 기타,승용,남,61세,상해없음,승용,남,24세,경상
2020012000100594,2020년 1월 20일 19시,월요일,인천광역시 계양구 계산동,중상사고,0,1,0,0,차대차 - 측면충돌,안전운전불이행,건조,맑음,교차로 - 교차로안,승용,남,25세,상해없음,이륜,남,40세,중상
2020012000100595,2020년 1월 20일 19시,월요일,인천광역시 연수구 송도동,중상사고,0,1,0,0,차대사람 - 보도통행중,신호위반,건조,맑음,교차로 - 교차로안,승용,여,27세,상해없음,보행자,여,21세,중상
2020012000100655,2020년 1월 20일 21시,월요일,인천광역시 남동구 논현동,경상사고,0,0,5,0,차대차 - 측면충돌,신호위반,건조,맑음,교차로 - 교차로안,승용,남,24세,상해없음,화물,남,60세,경상
2020012000100679,2020년 1월 20일 22시,월요일,인천광역시 서구 왕길동,중상사고,0,1,1,0,차대차 - 측면충돌,안전운전불이행,건조,맑음,단일로 - 기타,승용,남,21세,상해없음,승용,남,67세,상해없음
2020012100100044,2020년 1월 21일 04시,화요일,인천광역시 부평구 부평동,중상사고,0,1,0,0,차대차 - 기타,안전운전불이행,건조,맑음,단일로 - 기타,승용,남,60세,상해없음,개인형이동수단(PM),남,58세,중상
2020012100100045,2020년 1월 21일 04시,화요일,인천광역시 서구 청라동,경상사고,0,0,1,0,차대사람 - 횡단중,신호위반,건조,맑음,단일로 - 기타,승용,남,54세,기타불명,보행자,여,37세,경상
2020012100100056,2020년 1월 21일 05시,화요일,인천광역시 남동구 만수동,경상사고,0,0,1,0,차대차 - 측면충돌,교차로운행방법위반,건조,맑음,교차로 - 교차로안,승용,여,54세,기타불명,승용,남,71세,경상
2020012100100091,2020년 1월 21일 07시,화요일,인천광역시 남동구 만수동,중상사고,0,1,0,0,차대사람 - 횡단중,안전운전불이행,건조,맑음,단일로 - 기타,이륜,남,67세,상해없음,보행자,여,71세,중상
2020012100100092,2020년 1월 21일 07시,화요일,인천광역시 연수구 옥련동,경상사고,0,0,1,0,차대차 - 측면충돌,안전거리미확보,건조,맑음,기타 - 기타,승용,남,62세,상해없음,승용,남,57세,경상
2020012100100139,2020년 1월 21일 08시,화요일,인천광역시 서구 경서동,경상사고,0,0,4,0,차대차 - 추돌,안전운전불이행,건조,맑음,교차로 - 교차로안,승용,남,35세,상해없음,승용,여,25세,경상
2020012100100178,2020년 1월 21일 09시,화요일,인천광역시 서구 왕길동,경상사고,0,0,1,0,차대차 - 측면충돌,안전운전불이행,건조,맑음,단일로 - 기타,승용,여,44세,경상,승합,남,65세,상해없음
2020012100100212,2020년 1월 21일 10시,화요일,인천광역시 미추홀구 주안동,경상사고,0,0,1,0,차대차 - 기타,안전운전불이행,건조,맑음,단일로 - 기타,승용,여,67세,상해없음,승합,남,41세,상해없음
2020012100100213,2020년 1월 21일 10시,화요일,인천광역시 미추홀구 도화동,경상사고,0,0,3,0,차대차 - 측면충돌,직진우회전진행방해,건조,맑음,교차로 - 교차로안,화물,남,46세,경상,승용,여,31세,경상
2020012100100214,2020년 1월 21일 10시,화요일,인천광역시 계양구 작전동,경상사고,0,0,2,1,차대차 - 추돌,안전운전불이행,건조,맑음,단일로 - 기타,승합,남,36세,상해없음,화물,남,51세,상해없음
2020012100100215,2020년 1월 21일 10시,화요일,인천광역시 남동구 논현동,경상사고,0,0,1,0,차대차 - 측면충돌,교차로운행방법위반,건조,맑음,교차로 - 교차로안,화물,남,52세,상해없음,승용,남,75세,경상
2020012100100250,2020년 1월 21일 11시,화요일,인천광역시 부평구 부평동,중상사고,0,1,0,0,차대사람 - 차도통행중,안전운전불이행,기타,맑음,교차로 - 교차로부근,화물,남,45세,상해없음,보행자,여,73세,중상
2020012100100291,2020년 1월 21일 12시,화요일,인천광역시 남동구 간석동,경상사고,0,0,1,0,차대차 - 추돌,안전운전불이행,건조,맑음,단일로 - 기타,승용,여,42세,상해없음,화물,남,49세,경상
2020012100100292,2020년 1월 21일 12시,화요일,인천광역시 계양구 계산동,경상사고,0,0,1,0,차대차 - 추돌,안전운전불이행,건조,맑음,교차로 - 교차로부근,화물,남,30세,상해없음,화물,남,48세,경상
2020012100100441,2020년 1월 21일 15시,화요일,인천광역시 서구 석남동,경상사고,0,0,3,0,차대차 - 추돌,안전운전불이행,건조,맑음,단일로 - 기타,이륜,남,53세,경상,승용,여,38세,경상
2020012100100442,2020년 1월 21일 15시,화요일,인천광역시 서구 원당동,경상사고,0,0,1,0,차대차 - 측면충돌,안전운전불이행,건조,맑음,단일로 - 기타,건설기계,남,53세,상해없음,승용,남,37세,경상
2020012100100481,2020년 1월 21일 16시,화요일,인천광역시 중구 항동7가,경상사고,0,0,1,0,차대차 - 측면충돌,차로위반,건조,맑음,단일로 - 기타,화물,남,54세,상해없음,승용,남,32세,경상
2020012100100531,2020년 1월 21일 17시,화요일,인천광역시 서구 경서동,경상사고,0,0,2,0,차대차 - 기타,안전운전불이행,건조,맑음,교차로 - 교차로부근,승용,남,36세,상해없음,승용,남,47세,경상
2020012100100532,2020년 1월 21일 17시,화요일,인천광역시 계양구 계산동,경상사고,0,0,1,0,차대차 - 측면충돌,안전운전불이행,건조,맑음,단일로 - 기타,승용,남,55세,상해없음,화물,남,49세,경상
2020012100100602,2020년 1월 21일 18시,화요일,인천광역시 중구 중산동,사망사고,1,0,1,0,차대차 - 추돌,안전운전불이행,건조,맑음,단일로 - 기타,승용,남,28세,사망,화물,남,43세,경상
2020012100100603,2020년 1월 21일 18시,화요일,인천광역시 부평구 일신동,경상사고,0,0,1,0,차대차 - 측면충돌,과속,건조,맑음,교차로 - 교차로안,승용,남,28세,상해없음,승용,여,39세,경상
2020012100100649,2020년 1월 21일 19시,화요일,인천광역시 미추홀구 주안동,경상사고,0,0,1,0,차대차 - 후진중충돌,안전운전불이행,건조,맑음,단일로 - 기타,승용,여,29세,상해없음,이륜,남,33세,경상
2020012100100650,2020년 1월 21일 19시,화요일,인천광역시 부평구 산곡동,경상사고,0,0,5,1,차대차 - 추돌,안전운전불이행,건조,맑음,교차로 - 교차로부근,화물,여,58세,상해없음,승용,남,55세,경상
2020012100100651,2020년 1월 21일 19시,화요일,인천광역시 서구 원당동,중상사고,0,1,0,0,차대사람 - 기타,안전운전불이행,건조,맑음,단일로 - 기타,승합,남,57세,상해없음,보행자,여,49세,중상
2020012100100679,2020년 1월 21일 20시,화요일,인천광역시 서구 청라동,경상사고,0,0,2,0,차대차 - 기타,안전운전불이행,건조,맑음,단일로 - 기타,이륜,남,26세,상해없음,승용,여,35세,경상
2020012100100704,2020년 1월 21일 21시,화요일,인천광역시 서구 석남동,중상사고,0,1,1,0,차대차 - 기타,기타,건조,맑음,기타 - 기타,승용,남,59세,상해없음,이륜,남,45세,중상
2020012100100726,2020년 1월 21일 22시,화요일,인천광역시 중구 중산동,경상사고,0,0,1,0,차대차 - 추돌,안전운전불이행,건조,맑음,단일로 - 기타,승합,남,56세,상해없음,승용,남,31세,경상
2020012100100751,2020년 1월 21일 23시,화요일,인천광역시 미추홀구 학익동,중상사고,0,1,1,0,차대차 - 추돌,안전운전불이행,건조,맑음,교차로 - 교차로부근,승용,남,57세,상해없음,승용,남,47세,경상
2020012200100009,2020년 1월 22일 00시,수요일,인천광역시 미추홀구 관교동,경상사고,0,0,2,0,차대차 - 측면충돌,신호위반,건조,맑음,교차로 - 교차로안,승용,남,52세,상해없음,승용,남,75세,경상
2020012200100010,2020년 1월 22일 00시,수요일,인천광역시 서구 가정동,중상사고,0,1,0,0,차대차 - 기타,신호위반,건조,맑음,교차로 - 교차로부근,승합,남,54세,상해없음,승용,남,44세,중상
2020012200100026,2020년 1월 22일 01시,수요일,인천광역시 미추홀구 주안동,경상사고,0,0,1,0,차대차 - 기타,차로위반,건조,맑음,교차로 - 교차로부근,승용,남,60세,상해없음,승용,남,22세,경상
2020012200100046,2020년 1월 22일 04시,수요일,인천광역시 부평구 부평동,중상사고,0,1,0,0,차대차 - 측면충돌,신호위반,건조,맑음,교차로 - 교차로안,화물,남,40세,기타불명,승용,남,66세,중상
2020012200100068,2020년 1월 22일 06시,수요일,인천광역시 계양구 병방동,경상사고,0,0,1,0,차대사람 - 차도통행중,안전운전불이행,건조,맑음,단일로 - 고가도로위,승용,남,53세,상해없음,보행자,남,50세,경상
2020012200100149,2020년 1월 22일 09시,수요일,인천광역시 남동구 구월동,경상사고,0,0,1,0,차대차 - 추돌,안전운전불이행,건조,맑음,단일로 - 기타,승용,남,60세,상해없음,승용,여,43세,경상
2020012200100175,2020년 1월 22일 10시,수요일,인천광역시 서구 가정동,경상사고,0,0,2,0,차대차 - 기타,안전운전불이행,건조,맑음,단일로 - 기타,승용,남,62세,상해없음,승용,남,35세,경상
2020012200100235,2020년 1월 22일 12시,수요일,인천광역시 부평구 부개동,중상사고,0,1,0,0,차량단독 - 기타,안전운전불이행,건조,맑음,단일로 - 기타,승합,남,56세,기타불명,,,,
2020012200100263,2020년 1월 22일 13시,수요일,인천광역시 남동구 논현동,경상사고,0,0,1,0,차대차 - 측면충돌,안전운전불이행,건조,맑음,교차로 - 교차로안,승용,남,28세,상해없음,이륜,남,48세,경상
2020012200100304,2020년 1월 22일 14시,수요일,인천광역시 미추홀구 숭의동,경상사고,0,0,2,0,차대차 - 기타,안전운전불이행,건조,맑음,단일로 - 기타,화물,남,54세,상해없음,화물,남,56세,경상
2020012200100342,2020년 1월 22일 15시,수요일,인천광역시 남동구 간석동,경상사고,0,0,1,0,차대차 - 추돌,안전운전불이행,건조,맑음,교차로 - 교차로부근,승용,여,51세,상해없음,승용,남,31세,경상
2020012200100386,2020년 1월 22일 16시,수요일,인천광역시 동구 송현동,경상사고,0,0,1,0,차대사람 - 기타,안전운전불이행,건조,맑음,단일로 - 기타,승용,여,50세,상해없음,보행자,남,60세,경상
2020012200100387,2020년 1월 22일 16시,수요일,인천광역시 부평구 십정동,경상사고,0,0,1,0,차대차 - 추돌,안전운전불이행,건조,맑음,교차로 - 교차로안,화물,남,58세,상해없음,이륜,남,72세,경상
2020012200100388,2020년 1월 22일 16시,수요일,인천광역시 서구 신현동,경상사고,0,0,1,0,차대차 - 측면충돌,안전운전불이행,건조,맑음,교차로 - 교차로안,이륜,남,57세,경상,승합,여,54세,상해없음
2020012200100389,2020년 1월 22일 16시,수요일,인천광역시 남동구 서창동,경상사고,0,0,1,0,차대차 - 추돌,안전운전불이행,건조,맑음,단일로 - 기타,승용,남,49세,상해없음,승용,남,40세,경상
2020012200100390,2020년 1월 22일 16시,수요일,인천광역시 남동구 남촌동,중상사고,0,1,0,0,차대차 - 기타,신호위반,건조,맑음,교차로 - 교차로횡단보도내,승용,남,70세,상해없음,자전거,남,77세,중상
2020012200100524,2020년 1월 22일 18시,수요일,인천광역시 부평구 부평동,경상사고,0,0,1,0,차대차 - 측면충돌,안전운전불이행,건조,맑음,단일로 - 기타,원동기,남,23세,상해없음,자전거,여,63세,경상
2020012200100589,2020년 1월 22일 19시,수요일,인천광역시 서구 가좌동,중상사고,0,1,0,0,차대차 - 기타,안전운전불이행,건조,맑음,교차로 - 교차로안,승용,여,44세,상해없음,자전거,여,26세,중상
2020012200100591,2020년 1월 22일 19시,수요일,인천광역시 연수구 옥련동,경상사고,0,0,1,0,차대차 - 측면충돌,안전거리미확보,건조,맑음,단일로 - 기타,승용,남,60세,상해없음,승합,남,59세,상해없음
2020012200100592,2020년 1월 22일 19시,수요일,인천광역시 부평구 갈산동,중상사고,0,2,1,0,차대차 - 정면충돌,안전운전불이행,건조,맑음,교차로 - 교차로안,승용,여,53세,중상,승용,남,51세,중상
2020012200100640,2020년 1월 22일 20시,수요일,인천광역시 서구 청라동,경상사고,0,0,2,0,차대차 - 측면충돌,안전운전불이행,건조,맑음,단일로 - 기타,승용,남,40세,상해없음,승용,남,27세,경상
2020012200100672,2020년 1월 22일 21시,수요일,인천광역시 서구 가정동,경상사고,0,0,1,0,차대사람 - 횡단중,보행자보호의무위반,건조,맑음,교차로 - 교차로횡단보도내,승합,남,63세,상해없음,보행자,여,30세,경상
2020012200100702,2020년 1월 22일 22시,수요일,인천광역시 미추홀구 용현동,경상사고,0,0,2,0,차대차 - 측면충돌,안전운전불이행,건조,맑음,단일로 - 기타,승용,남,49세,상해없음,승용,남,40세,경상
2020012200100738,2020년 1월 22일 23시,수요일,인천광역시 남동구 고잔동,경상사고,0,0,1,1,차대차 - 정면충돌,신호위반,건조,맑음,교차로 - 교차로안,승용,남,39세,부상신고,승합,남,66세,경상
2020012300100033,2020년 1월 23일 01시,목요일,인천광역시 서구 청라동,경상사고,0,0,4,0,차대차 - 측면충돌,안전운전불이행,건조,흐림,교차로 - 교차로안,승용,남,19세,경상,승용,남,36세,경상
2020012300100053,2020년 1월 23일 03시,목요일,인천광역시 남동구 구월동,경상사고,0,0,3,0,차대차 - 측면충돌,교차로운행방법위반,건조,맑음,교차로 - 교차로안,승용,남,69세,경상,승용,여,50세,경상
2020012300100083,2020년 1월 23일 06시,목요일,인천광역시 서구 경서동,경상사고,0,0,2,0,차대차 - 측면충돌,안전운전불이행,건조,맑음,단일로 - 기타,승용,남,62세,경상,승용,남,57세,경상
2020012300100105,2020년 1월 23일 07시,목요일,인천광역시 남동구 구월동,경상사고,0,0,1,0,차대사람 - 기타,기타,건조,맑음,단일로 - 기타,승합,남,66세,상해없음,보행자,남,58세,경상