사고번호,사고일시,요일,시군구,사고내용,사망자수,중상자수,경상자수,부상신고자수,사고유형,법규위반,노면상태,기상상태,도로형태,가해운전자 차종,가해운전자 성별,가해운전자 연령,가해운전자 상해정도,피해운전자 차종,피해운전자 성별,피해운전자 연령,피해운전자 상해정도
2020021400100360,2020년 2월 14일 15시,금요일,인천광역시 서구 오류동,중상사고,0,1,0,0,차대차 - 정면충돌,신호위반,건조,맑음,교차로 - 교차로안,승용,남,65세,상해없음,승용,남,52세,중상
2020021400100361,2020년 2월 14일 15시,금요일,인천광역시 서구 당하동,경상사고,0,0,2,0,차대차 - 측면충돌,중앙선침범,건조,맑음,교차로 - 교차로안,승용,여,48세,상해없음,승용,남,48세,경상
2020021400100362,2020년 2월 14일 15시,금요일,인천광역시 서구 연희동,경상사고,0,0,1,0,차대차 - 추돌,안전거리미확보,젖음/습기,맑음,단일로 - 지하차도(도로)내,승용,남,42세,상해없음,화물,남,42세,경상
2020021400100363,2020년 2월 14일 15시,금요일,인천광역시 연수구 청학동,중상사고,0,2,0,0,차대차 - 기타,신호위반,건조,맑음,교차로 - 교차로안,승용,남,71세,상해없음,승용,여,38세,중상
2020021400100438,2020년 2월 14일 17시,금요일,인천광역시 서구 청라동,중상사고,0,1,0,0,차대차 - 정면충돌,신호위반,건조,맑음,교차로 - 교차로안,승용,남,63세,상해없음,승용,여,48세,중상
2020021400100439,2020년 2월 14일 17시,금요일,인천광역시 서구 석남동,경상사고,0,0,1,0,차대사람 - 기타,안전운전불이행,건조,맑음,단일로 - 기타,승합,남,50세,상해없음,보행자,여,51세,경상
2020021400100489,2020년 2월 14일 18시,금요일,인천광역시 미추홀구 주안동,경상사고,0,0,1,0,차대차 - 기타,교차로운행방법위반,건조,맑음,교차로 - 교차로안,기타불명,기타불명,미분류,기타불명,이륜,남,28세,경상
2020021400100490,2020년 2월 14일 18시,금요일,인천광역시 서구 가좌동,경상사고,0,0,1,0,차대사람 - 기타,안전운전불이행,건조,맑음,주차장 - 주차장,승용,남,49세,상해없음,보행자,남,26세,경상
2020021400100491,2020년 2월 14일 18시,금요일,인천광역시 서구 가좌동,경상사고,0,0,1,0,차대차 - 측면충돌,안전운전불이행,건조,맑음,단일로 - 기타,기타불명,기타불명,미분류,기타불명,승용,남,30세,경상
2020021400100492,2020년 2월 14일 18시,금요일,인천광역시 남동구 장수동,경상사고,0,0,1,0,차대차 - 측면충돌,안전거리미확보,건조,맑음,단일로 - 기타,승용,남,23세,상해없음,승용,여,47세,경상
2020021400100537,2020년 2월 14일 19시,금요일,인천광역시 미추홀구 주안동,부상신고사고,0,0,0,1,차대차 - 측면충돌,안전운전불이행,건조,맑음,단일로 - 기타,이륜,남,65세,상해없음,승용,여,35세,부상신고
2020021400100577,2020년 2월 14일 20시,금요일,인천광역시 미추홀구 용현동,경상사고,0,0,1,0,차대차 - 측면충돌,안전운전불이행,건조,맑음,단일로 - 기타,승합,여,56세,상해없음,승용,남,29세,경상
2020021400100578,2020년 2월 14일 20시,금요일,인천광역시 부평구 십정동,경상사고,0,0,1,0,차대차 - 측면충돌,교차로운행방법위반,건조,맑음,교차로 - 교차로부근,승용,남,56세,상해없음,원동기,여,39세,경상
2020021400100606,2020년 2월 14일 21시,금요일,인천광역시 남동구 간석동,경상사고,0,0,1,0,차대차 - 추돌,안전운전불이행,건조,맑음,교차로 - 교차로안,승용,여,61세,상해없음,승용,여,27세,경상
2020021400100639,2020년 2월 14일 22시,금요일,인천광역시 동구 만석동,경상사고,0,0,1,0,차대차 - 측면충돌,신호위반,건조,맑음,교차로 - 교차로안,승용,남,58세,상해없음,승용,남,51세,경상
2020021500100020,2020년 2월 15일 00시,토요일,인천광역시 남동구 간석동,경상사고,0,0,2,0,차대차 - 추돌,안전운전불이행,건조,맑음,교차로 - 교차로부근,승용,남,42세,상해없음,승용,남,42세,경상
2020021500100021,2020년 2월 15일 00시,토요일,인천광역시 서구 신현동,중상사고,0,1,0,0,차대사람 - 횡단중,안전운전불이행,건조,맑음,교차로 - 교차로횡단보도내,승용,남,36세,상해없음,보행자,남,46세,중상
2020021500100043,2020년 2월 15일 01시,토요일,인천광역시 서구 가정동,경상사고,0,0,2,0,차대차 - 추돌,안전운전불이행,건조,맑음,단일로 - 기타,기타불명,기타불명,미분류,기타불명,승용,남,37세,경상
2020021500100052,2020년 2월 15일 02시,토요일,인천광역시 남동구 구월동,사망사고,1,1,1,0,차대차 - 기타,신호위반,건조,맑음,교차로 - 교차로안,승용,남,50세,상해없음,승용,남,30세,경상
2020021500100059,2020년 2월 15일 03시,토요일,인천광역시 미추홀구 주안동,경상사고,0,0,1,0,차대차 - 정면충돌,교차로운행방법위반,건조,맑음,교차로 - 교차로안,건설기계,남,56세,상해없음,승용,남,61세,경상
2020021500100071,2020년 2월 15일 04시,토요일,인천광역시 옹진군 영흥면,부상신고사고,0,0,0,1,차대차 - 기타,안전운전불이행,건조,맑음,단일로 - 기타,승용,남,19세,부상신고,승합,남,48세,기타불명
2020021500100072,2020년 2월 15일 04시,토요일,인천광역시 미추홀구 용현동,경상사고,0,0,1,0,차대차 - 측면충돌,신호위반,건조,맑음,교차로 - 교차로안,화물,남,43세,상해없음,승합,남,49세,경상
2020021500100074,2020년 2월 15일 04시,토요일,인천광역시 남동구 구월동,경상사고,0,0,1,0,차대사람 - 차도통행중,안전운전불이행,건조,맑음,단일로 - 기타,승용,남,63세,상해없음,보행자,여,28세,경상
2020021500100075,2020년 2월 15일 04시,토요일,인천광역시 계양구 작전동,중상사고,0,1,3,0,차대차 - 측면충돌,안전운전불이행,건조,맑음,단일로 - 기타,승용,남,19세,경상,승용,여,39세,중상
2020021500100086,2020년 2월 15일 05시,토요일,인천광역시 미추홀구 용현동,경상사고,0,0,1,0,차대차 - 측면충돌,신호위반,건조,맑음,교차로 - 교차로안,승용,남,30세,상해없음,승용,남,52세,경상
2020021500100193,2020년 2월 15일 11시,토요일,인천광역시 부평구 삼산동,경상사고,0,0,1,0,차대차 - 측면충돌,안전운전불이행,건조,맑음,교차로 - 교차로안,승용,남,53세,상해없음,승용,남,49세,경상
2020021500100234,2020년 2월 15일 12시,토요일,인천광역시 남동구 장수동,경상사고,0,0,2,0,차대차 - 정면충돌,신호위반,건조,맑음,교차로 - 교차로안,승용,남,22세,상해없음,승합,남,57세,경상
2020021500100263,2020년 2월 15일 13시,토요일,인천광역시 남동구 구월동,경상사고,0,0,2,0,차대차 - 측면충돌,안전운전불이행,건조,맑음,단일로 - 기타,이륜,남,30세,경상,승용,남,38세,경상
2020021500100294,2020년 2월 15일 14시,토요일,인천광역시 부평구 청천동,경상사고,0,0,1,0,차대차 - 측면충돌,안전운전불이행,건조,맑음,교차로 - 교차로안,이륜,남,58세,상해없음,승용,여,22세,경상
2020021500100351,2020년 2월 15일 16시,토요일,인천광역시 중구 운서동,경상사고,0,0,6,0,차대차 - 기타,안전운전불이행,젖음/습기,비,교차로 - 교차로안,승용,여,31세,상해없음,건설기계,남,42세,경상
2020021500100352,2020년 2월 15일 16시,토요일,인천광역시 동구 송림동,경상사고,0,0,2,0,차대차 - 측면충돌,교차로운행방법위반,건조,맑음,교차로 - 교차로안,화물,남,51세,상해없음,승용,남,22세,경상
2020021500100353,2020년 2월 15일 16시,토요일,인천광역시 남동구 구월동,중상사고,0,1,1,0,차대차 - 측면충돌,교차로운행방법위반,건조,맑음,교차로 - 교차로안,승용,남,59세,상해없음,승용,남,66세,중상
2020021500100396,2020년 2월 15일 17시,토요일,인천광역시 남동구 간석동,경상사고,0,0,1,0,차대차 - 측면충돌,안전운전불이행,건조,맑음,단일로 - 기타,승용,남,68세,기타불명,승용,남,53세,기타불명
2020021500100439,2020년 2월 15일 18시,토요일,인천광역시 중구 신흥동2가,경상사고,0,0,1,0,차대차 - 측면충돌,차로위반,건조,맑음,교차로 - 교차로안,승용,여,35세,상해없음,승용,남,46세,경상
2020021500100499,2020년 2월 15일 20시,토요일,인천광역시 미추홀구 주안동,경상사고,0,0,1,0,차대차 - 측면충돌,안전운전불이행,젖음/습기,비,교차로 - 교차로부근,승용,남,69세,상해없음,이륜,남,51세,경상
2020021500100500,2020년 2월 15일 20시,토요일,인천광역시 미추홀구 주안동,경상사고,0,0,1,0,차대차 - 측면충돌,안전운전불이행,젖음/습기,비,단일로 - 기타,승용,남,49세,기타불명,승용,남,67세,기타불명
2020021500100501,2020년 2월 15일 20시,토요일,인천광역시 남동구 구월동,경상사고,0,0,2,0,차대차 - 기타,안전운전불이행,젖음/습기,비,교차로 - 교차로부근,승용,남,29세,상해없음,승합,남,41세,경상
2020021500100502,2020년 2월 15일 20시,토요일,인천광역시 부평구 부평동,중상사고,0,1,0,0,차대사람 - 기타,안전운전불이행,젖음/습기,비,교차로 - 교차로부근,승용,남,59세,상해없음,보행자,남,56세,중상
2020021500100539,2020년 2월 15일 21시,토요일,인천광역시 미추홀구 주안동,경상사고,0,0,1,0,차대차 - 측면충돌,안전운전불이행,젖음/습기,비,교차로 - 교차로부근,승용,남,59세,상해없음,승용,남,35세,경상
2020021500100540,2020년 2월 15일 21시,토요일,인천광역시 서구 검암동,중상사고,0,1,0,0,차대사람 - 횡단중,신호위반,젖음/습기,비,교차로 - 교차로횡단보도내,이륜,남,16세,상해없음,보행자,여,43세,중상
2020021500100541,2020년 2월 15일 21시,토요일,인천광역시 서구 석남동,중상사고,0,1,0,0,차대사람 - 기타,안전운전불이행,젖음/습기,비,교차로 - 교차로부근,승용,남,47세,상해없음,보행자,여,25세,중상
2020021500100584,2020년 2월 15일 22시,토요일,인천광역시 중구 신흥동2가,중상사고,0,1,0,0,차대차 - 측면충돌,안전운전불이행,건조,맑음,교차로 - 교차로부근,승용,남,47세,상해없음,이륜,남,50세,중상
2020021500100585,2020년 2월 15일 22시,토요일,인천광역시 서구 검암동,경상사고,0,0,3,0,차대차 - 측면충돌,안전운전불이행,젖음/습기,비,교차로 - 교차로횡단보도내,승용,남,60세,상해없음,승용,남,38세,경상
2020021500100609,2020년 2월 15일 23시,토요일,인천광역시 미추홀구 주안동,경상사고,0,0,1,0,차대차 - 정면충돌,안전운전불이행,젖음/습기,비,교차로 - 교차로안,승용,여,45세,상해없음,원동기,남,24세,경상
2020021500100610,2020년 2월 15일 23시,토요일,인천광역시 서구 검암동,중상사고,0,1,0,0,차대사람 - 횡단중,보행자보호의무위반,젖음/습기,맑음,교차로 - 교차로횡단보도내,승용,남,50세,상해없음,보행자,남,58세,중상
2020021500100611,2020년 2월 15일 23시,토요일,인천광역시 부평구 부개동,경상사고,0,0,1,0,차대차 - 추돌,기타,젖음/습기,비,교차로 - 교차로부근,승용,남,47세,상해없음,승용,남,33세,경상
2020021600100019,2020년 2월 16일 00시,일요일,인천광역시 미추홀구 용현동,경상사고,0,0,2,0,차대차 - 추돌,안전운전불이행,젖음/습기,비,교차로 - 교차로부근,승용,남,29세,상해없음,승용,여,46세,경상
2020021600100020,2020년 2월 16일 00시,일요일,인천광역시 부평구 청천동,중상사고,0,2,0,0,차대차 - 측면충돌,신호위반,젖음/습기,비,교차로 - 교차로안,승용,남,32세,상해없음,승용,남,61세,중상
2020021600100021,2020년 2월 16일 00시,일요일,인천광역시 남동구 구월동,경상사고,0,0,2,0,차대차 - 측면충돌,과속,젖음/습기,비,단일로 - 기타,승용,남,25세,상해없음,승용,남,56세,경상
2020021600100085,2020년 2월 16일 03시,일요일,인천광역시 서구 검암동,경상사고,0,0,1,0,차대차 - 정면충돌,중앙선침범,건조,맑음,교차로 - 교차로안,승용,남,23세,상해없음,승용,여,57세,경상
2020021600100135,2020년 2월 16일 07시,일요일,인천광역시 서구 청라동,경상사고,0,0,1,0,차대차 - 추돌,안전운전불이행,건조,맑음,교차로 - 교차로안,승용,남,32세,상해없음,승용,남,32세,경상
2020021600100157,2020년 2월 16일 09시,일요일,인천광역시 연수구 동춘동,경상사고,0,0,1,0,차대차 - 측면충돌,안전운전불이행,젖음/습기,맑음,교차로 - 교차로횡단보도내,승용,남,54세,상해없음,자전거,남,49세,경상
2020021600100213,2020년 2월 16일 12시,일요일,인천광역시 계양구 계산동,경상사고,0,0,6,0,차대차 - 추돌,안전운전불이행,적설,눈,교차로 - 교차로안,승용,남,61세,경상,승용,남,18세,경상
2020021600100247,2020년 2월 16일 13시,일요일,인천광역시 남동구 간석동,경상사고,0,0,6,0,차대차 - 측면충돌,안전거리미확보,건조,맑음,단일로 - 기타,승용,남,35세,상해없음,승용,남,23세,경상
2020021600100383,2020년 2월 16일 18시,일요일,인천광역시 남동구 구월동,부상신고사고,0,0,0,1,차대차 - 기타,안전거리미확보,건조,맑음,단일로 - 기타,기타불명,기타불명,미분류,기타불명,승합,남,46세,부상신고
2020021600100384,2020년 2월 16일 18시,일요일,인천광역시 서구 가좌동,경상사고,0,0,1,0,차대차 - 추돌,기타,건조,맑음,단일로 - 기타,승용,여,48세,상해없음,승용,남,41세,경상
2020021600100385,2020년 2월 16일 18시,일요일,인천광역시 남동구 고잔동,경상사고,0,0,1,0,차대차 - 측면충돌,신호위반,젖음/습기,눈,교차로 - 교차로안,승용,남,33세,상해없음,승합,여,57세,경상
2020021600100437,2020년 2월 16일 20시,일요일,인천광역시 부평구 삼산동,경상사고,0,0,1,0,차대사람 - 횡단중,신호위반,건조,맑음,교차로 - 교차로횡단보도내,승용,여,69세,상해없음,보행자,여,17세,경상
2020021600100438,2020년 2월 16일 20시,일요일,인천광역시 부평구 삼산동,경상사고,0,0,1,0,차대차 - 기타,신호위반,건조,맑음,기타 - 기타,이륜,남,16세,상해없음,이륜,남,17세,경상
2020021600100482,2020년 2월 16일 22시,일요일,인천광역시 서구 가정동,중상사고,0,1,1,0,차대차 - 기타,안전운전불이행,젖음/습기,눈,교차로 - 교차로부근,승용,남,35세,상해없음,승용,남,54세,경상
2020021700100004,2020년 2월 17일 00시,월요일,인천광역시 중구 중산동,중상사고,0,1,0,0,차대차 - 측면충돌,안전운전불이행,젖음/습기,맑음,단일로 - 기타,승용,남,42세,상해없음,승용,여,43세,중상
2020021700100005,2020년 2월 17일 00시,월요일,인천광역시 서구 가정동,경상사고,0,0,1,0,차대차 - 기타,안전운전불이행,건조,맑음,단일로 - 기타,기타불명,기타불명,미분류,기타불명,승용,남,41세,경상
2020021700100102,2020년 2월 17일 08시,월요일,인천광역시 미추홀구 숭의동,경상사고,0,0,1,0,차대차 - 측면충돌,신호위반,건조,맑음,교차로 - 교차로안,승용,남,64세,상해없음,승용,남,67세,경상
2020021700100103,2020년 2월 17일 08시,월요일,인천광역시 부평구 구산동,경상사고,0,0,1,0,차대차 - 기타,중앙선침범,건조,맑음,단일로 - 기타,승용,여,36세,상해없음,승용,여,62세,경상
2020021700100152,2020년 2월 17일 09시,월요일,인천광역시 옹진군 영흥면,경상사고,0,0,1,0,차대차 - 측면충돌,안전운전불이행,건조,맑음,교차로 - 교차로안,농기계,남,66세,상해없음,승용,남,39세,경상
2020021700100153,2020년 2월 17일 09시,월요일,인천광역시 미추홀구 숭의동,경상사고,0,0,1,0,차대차 - 측면충돌,안전운전불이행,건조,맑음,교차로 - 교차로안,승용,남,31세,기타불명,승용,남,62세,경상
2020021700100154,2020년 2월 17일 09시,월요일,인천광역시 서구 불로동,경상사고,0,0,3,0,차대차 - 기타,안전운전불이행,건조,맑음,단일로 - 기타,승용,여,55세,경상,승용,남,52세,경상
2020021700100188,2020년 2월 17일 10시,월요일,인천광역시 중구 운남동,경상사고,0,0,1,0,차대차 - 기타,안전운전불이행,건조,맑음,단일로 - 기타,승용,남,69세,상해없음,승용,여,31세,경상
2020021700100189,2020년 2월 17일 10시,월요일,인천광역시 서구 마전동,경상사고,0,0,4,0,차대차 - 추돌,안전거리미확보,건조,맑음,단일로 - 지하차도(도로)내,건설기계,남,38세,상해없음,승용,여,40세,경상
2020021700100220,2020년 2월 17일 11시,월요일,인천광역시 중구 운서동,경상사고,0,0,1,0,차대차 - 기타,신호위반,건조,맑음,교차로 - 교차로횡단보도내,자전거,남,66세,경상,승용,남,56세,상해없음
2020021700100221,2020년 2월 17일 11시,월요일,인천광역시 미추홀구 용현동,경상사고,0,0,1,0,차대차 - 추돌,안전운전불이행,건조,맑음,단일로 - 기타,승용,남,71세,상해없음,승용,남,68세,경상
2020021700100222,2020년 2월 17일 11시,월요일,인천광역시 연수구 옥련동,경상사고,0,0,4,0,차대차 - 추돌,안전운전불이행,건조,맑음,교차로 - 교차로부근,승용,남,42세,상해없음,승용,여,53세,경상
2020021700100223,2020년 2월 17일 11시,월요일,인천광역시 부평구 삼산동,경상사고,0,0,1,0,차대차 - 측면충돌,안전운전불이행,건조,맑음,단일로 - 기타,화물,남,58세,상해없음,이륜,여,58세,경상
2020021700100248,2020년 2월 17일 12시,월요일,인천광역시 미추홀구 관교동,경상사고,0,0,1,0,차대차 - 측면충돌,신호위반,건조,맑음,교차로 - 교차로안,승용,남,66세,상해없음,승용,남,66세,경상
2020021700100295,2020년 2월 17일 13시,월요일,인천광역시 동구 송림동,중상사고,0,1,0,0,차대차 - 추돌,안전운전불이행,젖음/습기,눈,단일로 - 기타,화물,남,39세,상해없음,이륜,남,70세,중상
2020021700100296,2020년 2월 17일 13시,월요일,인천광역시 미추홀구 주안동,부상신고사고,0,0,0,1,차대차 - 기타,안전운전불이행,건조,맑음,단일로 - 기타,기타불명,기타불명,미분류,기타불명,이륜,남,36세,부상신고
2020021700100297,2020년 2월 17일 13시,월요일,인천광역시 남동구 간석동,중상사고,0,1,0,0,차대사람 - 횡단중,보행자보호의무위반,젖음/습기,눈,교차로 - 교차로부근,승용,남,55세,상해없음,보행자,남,12세,중상
2020021700100298,2020년 2월 17일 13시,월요일,인천광역시 연수구 옥련동,중상사고,0,1,0,0,차대사람 - 횡단중,보행자보호의무위반,건조,맑음,교차로 - 교차로횡단보도내,승용,남,52세,상해없음,보행자,남,76세,중상
2020021700100340,2020년 2월 17일 14시,월요일,인천광역시 미추홀구 주안동,경상사고,0,0,2,0,차대차 - 기타,신호위반,건조,맑음,교차로 - 교차로안,승용,여,28세,상해없음,승용,남,24세,경상
2020021700100341,2020년 2월 17일 14시,월요일,인천광역시 연수구 송도동,경상사고,0,0,3,0,차대차 - 측면충돌,안전운전불이행,서리/결빙,눈,단일로 - 기타,승용,여,29세,상해없음,승용,여,36세,경상
2020021700100379,2020년 2월 17일 15시,월요일,인천광역시 부평구 십정동,경상사고,0,0,1,0,차대차 - 측면충돌,안전운전불이행,건조,맑음,교차로 - 교차로안,승용,남,59세,상해없음,승용,남,38세,경상
2020021700100380,2020년 2월 17일 15시,월요일,인천광역시 서구 가좌동,경상사고,0,0,3,0,차대차 - 후진중충돌,안전운전불이행,건조,맑음,단일로 - 지하차도(도로)내,승용,남,38세,상해없음,승용,남,43세,경상
2020021700100381,2020년 2월 17일 15시,월요일,인천광역시 계양구 효성동,경상사고,0,0,1,0,차대사람 - 차도통행중,안전운전불이행,건조,맑음,단일로 - 기타,승용,남,58세,상해없음,보행자,남,83세,경상
2020021700100450,2020년 2월 17일 17시,월요일,인천광역시 미추홀구 주안동,경상사고,0,0,1,0,차대차 - 기타,안전운전불이행,건조,맑음,단일로 - 기타,승합,남,67세,상해없음,이륜,남,39세,경상
2020021700100451,2020년 2월 17일 17시,월요일,인천광역시 미추홀구 용현동,경상사고,0,0,2,0,차대차 - 측면충돌,안전운전불이행,건조,맑음,교차로 - 교차로부근,화물,남,62세,상해없음,승합,남,60세,경상
2020021700100452,2020년 2월 17일 17시,월요일,인천광역시 미추홀구 주안동,경상사고,0,0,1,0,차대차 - 추돌,안전운전불이행,건조,맑음,교차로 - 교차로부근,승용,남,65세,상해없음,승용,남,22세,경상
2020021700100453,2020년 2월 17일 17시,월요일,인천광역시 부평구 십정동,경상사고,0,0,1,0,차대차 - 추돌,안전운전불이행,서리/결빙,흐림,단일로 - 기타,승용,남,35세,상해없음,승용,여,44세,경상
2020021700100454,2020년 2월 17일 17시,월요일,인천광역시 서구 백석동,경상사고,0,0,1,0,차대차 - 측면충돌,안전운전불이행,젖음/습기,흐림,교차로 - 교차로부근,승용,남,68세,상해없음,승용,남,64세,경상
2020021700100508,2020년 2월 17일 18시,월요일,인천광역시 남동구 간석동,경상사고,0,0,1,0,차대사람 - 횡단중,보행자보호의무위반,건조,맑음,교차로 - 교차로부근,승합,남,44세,상해없음,보행자,남,73세,경상
2020021700100509,2020년 2월 17일 18시,월요일,인천광역시 서구 불로동,경상사고,0,0,2,0,차대차 - 측면충돌,안전운전불이행,건조,맑음,교차로 - 교차로부근,승용,여,48세,경상,승합,남,59세,경상
2020021700100556,2020년 2월 17일 19시,월요일,인천광역시 남동구 간석동,경상사고,0,0,1,0,차대차 - 측면충돌,안전거리미확보,건조,맑음,단일로 - 기타,승용,여,38세,상해없음,승용,남,43세,경상
2020021700100557,2020년 2월 17일 19시,월요일,인천광역시 서구 심곡동,경상사고,0,0,1,0,차대차 - 기타,신호위반,건조,맑음,교차로 - 교차로안,승용,여,54세,상해없음,승용,남,60세,경상
2020021700100606,2020년 2월 17일 20시,월요일,인천광역시 미추홀구 도화동,중상사고,0,1,1,0,차대사람 - 횡단중,안전운전불이행,건조,맑음,교차로 - 교차로부근,원동기,남,28세,경상,보행자,남,43세,중상
2020021700100607,2020년 2월 17일 20시,월요일,인천광역시 계양구 병방동,경상사고,0,0,1,0,차대차 - 측면충돌,안전운전불이행,건조,맑음,교차로 - 교차로안,기타불명,기타불명,미분류,기타불명,원동기,여,18세,경상
2020021700100642,2020년 2월 17일 21시,월요일,인천광역시 남동구 논현동,중상사고,0,1,0,0,차대차 - 정면충돌,신호위반,건조,맑음,교차로 - 교차로안,승용,남,45세,상해없음,승용,남,26세,중상
2020021700100671,2020년 2월 17일 22시,월요일,인천광역시 부평구 십정동,경상사고,0,0,1,0,차대차 - 기타,안전운전불이행,건조,흐림,교차로 - 교차로부근,기타불명,기타불명,미분류,기타불명,자전거,남,37세,경상
2020021700100672,2020년 2월 17일 22시,월요일,인천광역시 남동구 구월동,경상사고,0,0,1,0,차대차 - 추돌,안전운전불이행,건조,맑음,교차로 - 교차로부근,승용,남,35세,상해없음,승합,남,59세,경상
2020021700100673,2020년 2월 17일 22시,월요일,인천광역시 서구 연희동,경상사고,0,0,1,0,차대차 - 추돌,안전운전불이행,건조,맑음,교차로 - 교차로부근,화물,남,35세,상해없음,승합,남,53세,경상
2020021700100674,2020년 2월 17일 22시,월요일,인천광역시 강화군 길상면,중상사고,0,1,0,0,차량단독 - 전도전복 - 전도,안전운전불이행,건조,맑음,단일로 - 기타,승용,여,41세,상해없음,,,,
2020021700100693,2020년 2월 17일 23시,월요일,인천광역시 남동구 구월동,경상사고,0,0,1,0,차대차 - 기타,안전운전불이행,건조,맑음,교차로 - 교차로안,승용,남,31세,기타불명,이륜,남,28세,경상
2020021700100694,2020년 2월 17일 23시,월요일,인천광역시 서구 심곡동,경상사고,0,0,2,0,차대차 - 측면충돌,안전운전불이행,건조,맑음,교차로 - 교차로부근,승용,남,20세,상해없음,승용,남,52세,경상
2020021700100695,2020년 2월 17일 23시,월요일,인천광역시 연수구 연수동,중상사고,0,1,0,0,차대차 - 기타,신호위반,젖음/습기,비,단일로 - 기타,기타불명,기타불명,미분류,기타불명,이륜,남,30세,중상
2020021800100013,2020년 2월 18일 00시,화요일,인천광역시 부평구 부평동,경상사고,0,0,2,0,차대차 - 추돌,안전운전불이행,건조,맑음,교차로 - 교차로부근,승용,남,43세,상해없음,승용,남,43세,경상
2020021800100014,2020년 2월 18일 00시,화요일,인천광역시 서구 석남동,경상사고,0,0,1,0,차대차 - 추돌,안전운전불이행,건조,맑음,단일로 - 기타,이륜,남,28세,경상,승용,남,24세,기타불명
2020021800100023,2020년 2월 18일 01시,화요일,인천광역시 부평구 십정동,경상사고,0,0,2,0,차대차 - 추돌,안전운전불이행,건조,맑음,교차로 - 교차로부근,화물,남,29세,상해없음,승용,남,54세,경상
2020021800100024,2020년 2월 18일 01시,화요일,인천광역시 남동구 구월동,경상사고,0,0,2,0,차대차 - 추돌,안전운전불이행,건조,맑음,교차로 - 교차로부근,승용,남,37세,상해없음,승용,남,53세,경상
2020021800100035,2020년 2월 18일 03시,화요일,인천광역시 서구 청라동,중상사고,0,1,0,0,차대차 - 기타,안전거리미확보,건조,맑음,단일로 - 기타,이륜,남,33세,중상,승용,남,48세,상해없음
2020021800100050,2020년 2월 18일 05시,화요일,인천광역시 서구 공촌동,경상사고,0,0,1,0,차대차 - 추돌,안전운전불이행,건조,맑음,단일로 - 기타,승합,기타불명,미분류,기타불명,승용,남,51세,경상
2020021800100073,2020년 2월 18일 06시,화요일,인천광역시 서구 원당동,중상사고,0,1,0,0,차대사람 - 차도통행중,안전운전불이행,건조,맑음,단일로 - 기타,승용,남,37세,상해없음,보행자,여,57세,중상
2020021800100097,2020년 2월 18일 07시,화요일,인천광역시 남동구 간석동,경상사고,0,0,1,0,차대사람 - 횡단중,보행자보호의무위반,건조,맑음,교차로 - 교차로안,승용,남,63세,상해없음,보행자,여,75세,경상
2020021800100098,2020년 2월 18일 07시,화요일,인천광역시 연수구 연수동,경상사고,0,0,1,0,차대차 - 추돌,안전운전불이행,건조,맑음,교차로 - 교차로부근,승용,남,30세,상해없음,승합,남,63세,경상
2020021800100134,2020년 2월 18일 08시,화요일,인천광역시 서구 가정동,경상사고,0,0,1,0,차대차 - 측면충돌,안전운전불이행,건조,맑음,단일로 - 기타,승용,남,64세,상해없음,승용,여,53세,경상
2020021800100169,2020년 2월 18일 09시,화요일,인천광역시 중구 중산동,중상사고,0,1,0,0,차대차 - 측면충돌,안전운전불이행,건조,맑음,단일로 - 기타,건설기계,남,63세,상해없음,승용,여,60세,중상
2020021800100170,2020년 2월 18일 09시,화요일,인천광역시 미추홀구 용현동,경상사고,0,0,1,0,차대차 - 측면충돌,안전운전불이행,건조,맑음,단일로 - 기타,화물,남,66세,상해없음,승용,남,46세,경상
2020021800100171,2020년 2월 18일 09시,화요일,인천광역시 남동구 간석동,경상사고,0,0,1,0,차대차 - 기타,차로위반,건조,맑음,단일로 - 기타,승용,남,70세,상해없음,승용,남,36세,경상
2020021800100172,2020년 2월 18일 09시,화요일,인천광역시 부평구 부평동,경상사고,0,0,2,0,차대차 - 측면충돌,직진우회전진행방해,젖음/습기,맑음,교차로 - 교차로안,승용,남,59세,상해없음,원동기,남,28세,경상
2020021800100197,2020년 2월 18일 10시,화요일,인천광역시 동구 송현동,경상사고,0,0,2,0,차대차 - 추돌,안전운전불이행,건조,맑음,교차로 - 교차로안,승용,남,42세,상해없음,승용,여,48세,경상
2020021800100198,2020년 2월 18일 10시,화요일,인천광역시 미추홀구 주안동,경상사고,0,0,1,0,차대차 - 측면충돌,안전운전불이행,건조,맑음,단일로 - 기타,화물,남,29세,상해없음,승용,남,59세,경상
2020021800100199,2020년 2월 18일 10시,화요일,인천광역시 서구 가좌동,중상사고,0,1,0,0,차대차 - 추돌,안전운전불이행,젖음/습기,맑음,단일로 - 고가도로위,승합,남,62세,상해없음,승용,남,30세,상해없음
2020021800100233,2020년 2월 18일 11시,화요일,인천광역시 남동구 구월동,경상사고,0,0,1,0,차대차 - 기타,안전운전불이행,건조,맑음,단일로 - 기타,승용,남,59세,상해없음,이륜,남,41세,경상
2020021800100234,2020년 2월 18일 11시,화요일,인천광역시 연수구 송도동,경상사고,0,0,1,0,차대차 - 측면충돌,안전운전불이행,건조,맑음,교차로 - 교차로안,승용,남,32세,상해없음,화물,남,65세,경상
2020021800100310,2020년 2월 18일 13시,화요일,인천광역시 미추홀구 용현동,경상사고,0,0,1,0,차대차 - 기타,안전운전불이행,건조,맑음,단일로 - 기타,승합,남,62세,상해없음,이륜,남,36세,경상
2020021800100355,2020년 2월 18일 14시,화요일,인천광역시 미추홀구 관교동,중상사고,0,1,0,0,차대사람 - 기타,안전운전불이행,건조,맑음,단일로 - 기타,승합,남,55세,기타불명,보행자,여,78세,중상