사고번호,사고일시,요일,시군구,사고내용,사망자수,중상자수,경상자수,부상신고자수,사고유형,법규위반,노면상태,기상상태,도로형태,가해운전자 차종,가해운전자 성별,가해운전자 연령,가해운전자 상해정도,피해운전자 차종,피해운전자 성별,피해운전자 연령,피해운전자 상해정도
2020021800100356,2020년 2월 18일 14시,화요일,인천광역시 남동구 고잔동,중상사고,0,1,0,0,차대차 - 측면충돌,신호위반,건조,맑음,교차로 - 교차로안,화물,남,62세,상해없음,승용,남,32세,중상
2020021800100389,2020년 2월 18일 15시,화요일,인천광역시 중구 운남동,경상사고,0,0,1,0,차대차 - 측면충돌,안전운전불이행,건조,맑음,단일로 - 기타,승합,남,59세,상해없음,자전거,남,71세,경상
2020021800100390,2020년 2월 18일 15시,화요일,인천광역시 남동구 구월동,경상사고,0,0,1,0,차대차 - 측면충돌,교차로운행방법위반,건조,맑음,교차로 - 교차로안,승용,남,72세,상해없음,승용,여,55세,경상
2020021800100391,2020년 2월 18일 15시,화요일,인천광역시 서구 가좌동,경상사고,0,0,2,0,차대차 - 추돌,안전운전불이행,건조,맑음,교차로 - 교차로안,승용,남,43세,상해없음,승용,남,32세,경상
2020021800100392,2020년 2월 18일 15시,화요일,인천광역시 서구 가좌동,경상사고,0,0,1,1,차대차 - 기타,안전운전불이행,건조,맑음,단일로 - 기타,승용,여,55세,경상,화물,남,28세,부상신고
2020021800100441,2020년 2월 18일 16시,화요일,인천광역시 중구 운서동,경상사고,0,0,3,0,차대차 - 측면충돌,교차로운행방법위반,건조,맑음,교차로 - 교차로안,승용,남,27세,경상,승용,여,56세,경상
2020021800100442,2020년 2월 18일 16시,화요일,인천광역시 미추홀구 주안동,중상사고,0,2,2,1,차대차 - 측면충돌,교차로운행방법위반,건조,맑음,교차로 - 교차로안,승합,남,71세,상해없음,승용,여,37세,경상
2020021800100443,2020년 2월 18일 16시,화요일,인천광역시 미추홀구 숭의동,중상사고,0,1,0,0,차대차 - 측면충돌,신호위반,건조,맑음,교차로 - 교차로안,승용,남,82세,상해없음,승용,여,50세,중상
2020021800100444,2020년 2월 18일 16시,화요일,인천광역시 남동구 구월동,중상사고,0,1,0,0,차대차 - 기타,교차로운행방법위반,건조,맑음,단일로 - 기타,승용,남,51세,상해없음,이륜,남,58세,중상
2020021800100495,2020년 2월 18일 17시,화요일,인천광역시 동구 송림동,중상사고,0,1,0,0,차대차 - 측면충돌,교차로운행방법위반,건조,맑음,교차로 - 교차로안,화물,남,60세,상해없음,원동기,남,57세,중상
2020021800100496,2020년 2월 18일 17시,화요일,인천광역시 남동구 만수동,경상사고,0,0,1,0,차대차 - 측면충돌,중앙선침범,건조,맑음,단일로 - 기타,화물,남,67세,상해없음,이륜,남,38세,경상
2020021800100497,2020년 2월 18일 17시,화요일,인천광역시 강화군 선원면,중상사고,0,2,0,0,차대차 - 정면충돌,중앙선침범,건조,맑음,단일로 - 지하차도(도로)내,승용,남,45세,상해없음,화물,여,57세,중상
2020021800100498,2020년 2월 18일 17시,화요일,인천광역시 남동구 남촌동,부상신고사고,0,0,0,1,차대차 - 측면충돌,안전운전불이행,건조,맑음,단일로 - 고가도로위,승용,남,45세,상해없음,이륜,남,39세,부상신고
2020021800100567,2020년 2월 18일 18시,화요일,인천광역시 남동구 구월동,경상사고,0,0,1,0,차대차 - 기타,차로위반,젖음/습기,흐림,단일로 - 기타,승합,남,66세,상해없음,이륜,남,30세,경상
2020021800100568,2020년 2월 18일 18시,화요일,인천광역시 서구 가좌동,경상사고,0,0,1,0,차대차 - 측면충돌,안전운전불이행,건조,맑음,단일로 - 기타,화물,남,57세,상해없음,승용,남,60세,경상
2020021800100570,2020년 2월 18일 18시,화요일,인천광역시 남동구 논현동,중상사고,0,1,0,0,차대차 - 기타,신호위반,건조,맑음,단일로 - 교량,승용,여,52세,상해없음,이륜,남,37세,중상
2020021800100571,2020년 2월 18일 18시,화요일,인천광역시 남동구 고잔동,중상사고,0,1,0,0,차대차 - 추돌,안전운전불이행,건조,맑음,교차로 - 교차로안,승용,남,56세,상해없음,승용,여,42세,중상
2020021800100625,2020년 2월 18일 19시,화요일,인천광역시 미추홀구 주안동,경상사고,0,0,1,0,차대차 - 기타,안전운전불이행,서리/결빙,맑음,단일로 - 기타,화물,남,55세,상해없음,이륜,남,20세,경상
2020021800100626,2020년 2월 18일 19시,화요일,인천광역시 부평구 갈산동,중상사고,0,1,0,0,차대차 - 추돌,안전거리미확보,건조,맑음,교차로 - 교차로횡단보도내,화물,남,56세,상해없음,승용,여,52세,중상
2020021800100627,2020년 2월 18일 19시,화요일,인천광역시 서구 심곡동,경상사고,0,0,1,0,차대사람 - 차도통행중,안전운전불이행,젖음/습기,맑음,단일로 - 지하차도(도로)내,이륜,남,21세,상해없음,보행자,남,22세,경상
2020021800100629,2020년 2월 18일 19시,화요일,인천광역시 부평구 삼산동,경상사고,0,0,1,0,차대차 - 추돌,안전거리미확보,건조,맑음,단일로 - 기타,승용,남,52세,상해없음,승용,남,25세,경상
2020021800100710,2020년 2월 18일 21시,화요일,인천광역시 미추홀구 관교동,경상사고,0,0,1,0,차대차 - 측면충돌,안전운전불이행,건조,맑음,교차로 - 교차로안,승용,남,37세,상해없음,이륜,남,58세,경상
2020021800100741,2020년 2월 18일 22시,화요일,인천광역시 계양구 임학동,중상사고,0,1,0,0,차대차 - 측면충돌,안전운전불이행,건조,맑음,교차로 - 교차로안,승용,남,49세,상해없음,이륜,남,50세,중상
2020021800100763,2020년 2월 18일 23시,화요일,인천광역시 미추홀구 문학동,경상사고,0,0,2,0,차대차 - 측면충돌,안전운전불이행,건조,맑음,교차로 - 교차로안,승용,남,22세,상해없음,승용,남,34세,경상
2020021800100764,2020년 2월 18일 23시,화요일,인천광역시 부평구 산곡동,경상사고,0,0,1,0,차대차 - 추돌,안전운전불이행,건조,맑음,교차로 - 교차로부근,승용,남,29세,상해없음,승용,남,54세,경상
2020021800100765,2020년 2월 18일 23시,화요일,인천광역시 서구 청라동,경상사고,0,0,1,0,차대차 - 측면충돌,안전운전불이행,건조,맑음,교차로 - 교차로안,승용,남,24세,상해없음,승용,남,35세,경상
2020021900100011,2020년 2월 19일 00시,수요일,인천광역시 중구 중산동,경상사고,0,0,2,0,차대차 - 측면충돌,신호위반,건조,맑음,교차로 - 교차로안,화물,남,56세,상해없음,승용,남,26세,경상
2020021900100012,2020년 2월 19일 00시,수요일,인천광역시 미추홀구 도화동,경상사고,0,0,1,0,차대차 - 측면충돌,차로위반,건조,맑음,단일로 - 기타,승용,남,75세,상해없음,승용,남,58세,경상
2020021900100036,2020년 2월 19일 02시,수요일,인천광역시 미추홀구 용현동,중상사고,0,1,0,0,차대차 - 기타,안전운전불이행,건조,맑음,기타 - 기타,승용,남,45세,상해없음,이륜,남,28세,중상
2020021900100044,2020년 2월 19일 03시,수요일,인천광역시 서구 마전동,경상사고,0,0,2,0,차대차 - 추돌,안전운전불이행,건조,맑음,단일로 - 지하차도(도로)내,승용,여,37세,상해없음,승용,남,69세,경상
2020021900100046,2020년 2월 19일 04시,수요일,인천광역시 남동구 장수동,경상사고,0,0,1,0,차대차 - 추돌,안전운전불이행,건조,맑음,단일로 - 교량,승용,남,22세,상해없음,화물,남,50세,경상
2020021900100067,2020년 2월 19일 06시,수요일,인천광역시 중구 운서동,중상사고,0,2,0,1,차대차 - 측면충돌,신호위반,건조,맑음,단일로 - 기타,승용,남,22세,부상신고,승용,남,36세,중상
2020021900100068,2020년 2월 19일 06시,수요일,인천광역시 부평구 부평동,경상사고,0,0,5,0,차대차 - 측면충돌,안전운전불이행,건조,맑음,교차로 - 교차로안,승용,남,58세,상해없음,승용,남,18세,경상
2020021900100126,2020년 2월 19일 08시,수요일,인천광역시 부평구 삼산동,중상사고,0,1,0,0,차대차 - 추돌,안전운전불이행,건조,맑음,단일로 - 기타,승용,남,35세,상해없음,화물,남,52세,중상
2020021900100159,2020년 2월 19일 09시,수요일,인천광역시 계양구 병방동,경상사고,0,0,1,0,차대차 - 정면충돌,중앙선침범,건조,맑음,교차로 - 교차로부근,화물,남,62세,상해없음,승용,남,45세,경상
2020021900100229,2020년 2월 19일 11시,수요일,인천광역시 미추홀구 도화동,경상사고,0,0,2,0,차대차 - 기타,안전운전불이행,건조,맑음,단일로 - 기타,승합,남,72세,상해없음,승용,남,32세,경상
2020021900100230,2020년 2월 19일 11시,수요일,인천광역시 서구 검암동,경상사고,0,0,1,0,차대사람 - 기타,안전운전불이행,건조,맑음,교차로 - 교차로안,화물,남,63세,상해없음,보행자,남,70세,경상
2020021900100265,2020년 2월 19일 12시,수요일,인천광역시 부평구 청천동,경상사고,0,0,1,0,차대차 - 측면충돌,신호위반,건조,맑음,교차로 - 교차로안,승용,남,65세,상해없음,승용,여,51세,경상
2020021900100266,2020년 2월 19일 12시,수요일,인천광역시 연수구 옥련동,중상사고,0,1,1,0,차대차 - 추돌,안전운전불이행,건조,맑음,단일로 - 기타,화물,남,32세,상해없음,승용,남,46세,중상
2020021900100297,2020년 2월 19일 13시,수요일,인천광역시 동구 화수동,경상사고,0,0,2,0,차대차 - 측면충돌,중앙선침범,건조,맑음,단일로 - 기타,승용,여,60세,경상,승용,여,38세,경상
2020021900100298,2020년 2월 19일 13시,수요일,인천광역시 미추홀구 용현동,중상사고,0,1,0,0,차대차 - 추돌,안전운전불이행,건조,맑음,교차로 - 교차로부근,승합,남,72세,상해없음,승합,남,57세,중상
2020021900100299,2020년 2월 19일 13시,수요일,인천광역시 서구 청라동,경상사고,0,0,1,0,차대차 - 추돌,안전운전불이행,건조,맑음,단일로 - 기타,화물,남,55세,상해없음,승용,남,60세,경상
2020021900100339,2020년 2월 19일 14시,수요일,인천광역시 미추홀구 주안동,경상사고,0,0,1,0,차대차 - 기타,안전운전불이행,건조,맑음,단일로 - 기타,승용,남,56세,상해없음,이륜,남,26세,경상
2020021900100340,2020년 2월 19일 14시,수요일,인천광역시 미추홀구 주안동,중상사고,0,1,0,0,차대차 - 측면충돌,안전운전불이행,건조,맑음,교차로 - 교차로안,승용,여,56세,중상,승용,남,75세,기타불명
2020021900100341,2020년 2월 19일 14시,수요일,인천광역시 남동구 구월동,경상사고,0,0,2,0,차대차 - 기타,안전운전불이행,건조,맑음,교차로 - 교차로안,승용,여,49세,상해없음,승용,남,28세,경상
2020021900100380,2020년 2월 19일 15시,수요일,인천광역시 미추홀구 관교동,경상사고,0,0,1,0,차대차 - 추돌,안전운전불이행,건조,맑음,교차로 - 교차로안,화물,남,37세,기타불명,승용,여,62세,경상
2020021900100381,2020년 2월 19일 15시,수요일,인천광역시 서구 가정동,경상사고,0,0,1,0,차대차 - 추돌,안전운전불이행,건조,맑음,단일로 - 기타,승용,여,26세,상해없음,승용,남,41세,경상
2020021900100431,2020년 2월 19일 16시,수요일,인천광역시 남동구 구월동,경상사고,0,0,1,0,차대차 - 기타,안전거리미확보,건조,맑음,단일로 - 기타,승용,여,41세,상해없음,화물,남,53세,경상
2020021900100432,2020년 2월 19일 16시,수요일,인천광역시 서구 왕길동,경상사고,0,0,2,0,차대차 - 기타,신호위반,건조,맑음,교차로 - 교차로안,화물,남,71세,경상,화물,남,57세,경상
2020021900100433,2020년 2월 19일 16시,수요일,인천광역시 서구 금곡동,경상사고,0,0,1,0,차대차 - 추돌,안전운전불이행,건조,맑음,단일로 - 지하차도(도로)내,승용,여,59세,상해없음,승용,남,33세,경상
2020021900100434,2020년 2월 19일 16시,수요일,인천광역시 남동구 논현동,부상신고사고,0,0,0,1,차대차 - 측면충돌,안전거리미확보,건조,맑음,단일로 - 기타,화물,남,62세,상해없음,이륜,남,42세,부상신고
2020021900100477,2020년 2월 19일 17시,수요일,인천광역시 미추홀구 주안동,경상사고,0,0,1,0,차대사람 - 횡단중,안전운전불이행,건조,맑음,교차로 - 교차로안,화물,남,44세,상해없음,보행자,남,61세,경상
2020021900100478,2020년 2월 19일 17시,수요일,인천광역시 남동구 구월동,경상사고,0,0,1,0,차대차 - 측면충돌,기타,건조,맑음,단일로 - 기타,승용,남,55세,상해없음,이륜,남,47세,경상
2020021900100479,2020년 2월 19일 17시,수요일,인천광역시 연수구 청학동,중상사고,0,1,1,0,차대차 - 측면충돌,안전거리미확보,건조,맑음,단일로 - 기타,승용,여,58세,상해없음,승합,남,77세,중상
2020021900100528,2020년 2월 19일 18시,수요일,인천광역시 미추홀구 숭의동,중상사고,0,1,0,0,차대사람 - 횡단중,안전운전불이행,건조,맑음,단일로 - 기타,승용,남,51세,상해없음,보행자,남,81세,중상
2020021900100529,2020년 2월 19일 18시,수요일,인천광역시 부평구 부평동,경상사고,0,0,1,0,차대차 - 측면충돌,안전운전불이행,건조,맑음,단일로 - 기타,승용,남,61세,상해없음,승용,남,45세,경상
2020021900100530,2020년 2월 19일 18시,수요일,인천광역시 계양구 병방동,경상사고,0,0,1,0,차대차 - 측면충돌,안전운전불이행,건조,맑음,교차로 - 교차로안,이륜,남,57세,경상,승용,남,49세,상해없음
2020021900100531,2020년 2월 19일 18시,수요일,인천광역시 부평구 부평동,경상사고,0,0,2,0,차대차 - 기타,직진우회전진행방해,젖음/습기,맑음,교차로 - 교차로안,승용,남,57세,상해없음,이륜,남,19세,경상
2020021900100577,2020년 2월 19일 19시,수요일,인천광역시 중구 항동7가,경상사고,0,0,1,0,차량단독 - 기타,안전운전불이행,기타,맑음,기타 - 기타,이륜,남,41세,경상,,,,
2020021900100578,2020년 2월 19일 19시,수요일,인천광역시 부평구 부평동,경상사고,0,0,1,0,차대차 - 추돌,안전운전불이행,건조,흐림,교차로 - 교차로부근,승용,남,63세,상해없음,화물,남,42세,경상
2020021900100622,2020년 2월 19일 20시,수요일,인천광역시 연수구 선학동,경상사고,0,0,1,0,차대차 - 측면충돌,교차로운행방법위반,건조,맑음,단일로 - 기타,승용,남,52세,상해없음,승용,남,55세,경상
2020021900100623,2020년 2월 19일 20시,수요일,인천광역시 연수구 송도동,경상사고,0,0,1,0,차대차 - 측면충돌,안전운전불이행,건조,맑음,단일로 - 기타,승합,남,52세,상해없음,승용,남,64세,경상
2020021900100681,2020년 2월 19일 22시,수요일,인천광역시 남동구 구월동,경상사고,0,0,3,0,차대차 - 측면충돌,안전운전불이행,건조,흐림,단일로 - 기타,승용,남,39세,상해없음,승용,남,27세,경상
2020022000100018,2020년 2월 20일 00시,목요일,인천광역시 부평구 부평동,경상사고,0,0,2,0,차대차 - 후진중충돌,불법유턴,건조,맑음,단일로 - 기타,승용,남,56세,상해없음,승용,여,54세,경상
2020022000100073,2020년 2월 20일 06시,목요일,인천광역시 남동구 논현동,중상사고,0,1,0,0,차대차 - 측면충돌,안전운전불이행,건조,맑음,교차로 - 교차로부근,승용,남,58세,상해없음,화물,남,59세,중상
2020022000100087,2020년 2월 20일 07시,목요일,인천광역시 서구 경서동,경상사고,0,0,1,0,차대차 - 추돌,안전운전불이행,건조,맑음,단일로 - 기타,건설기계,남,63세,상해없음,승용,남,30세,경상
2020022000100170,2020년 2월 20일 09시,목요일,인천광역시 남동구 논현동,경상사고,0,0,2,0,차대차 - 측면충돌,교차로운행방법위반,건조,맑음,교차로 - 교차로안,승용,남,42세,상해없음,승용,남,26세,경상
2020022000100171,2020년 2월 20일 09시,목요일,인천광역시 남동구 남촌동,경상사고,0,0,3,0,차대차 - 추돌,안전거리미확보,건조,맑음,단일로 - 교량,승용,여,22세,상해없음,승용,여,37세,경상
2020022000100202,2020년 2월 20일 10시,목요일,인천광역시 남동구 구월동,경상사고,0,0,1,0,차대차 - 측면충돌,안전거리미확보,건조,맑음,단일로 - 기타,승용,여,40세,상해없음,화물,남,29세,경상
2020022000100203,2020년 2월 20일 10시,목요일,인천광역시 서구 백석동,경상사고,0,0,2,0,차대차 - 추돌,안전운전불이행,건조,맑음,단일로 - 기타,화물,남,50세,상해없음,승용,여,34세,경상
2020022000100204,2020년 2월 20일 10시,목요일,인천광역시 강화군 교동면,경상사고,0,0,1,0,차대차 - 측면충돌,안전운전불이행,건조,맑음,단일로 - 지하차도(도로)내,화물,남,60세,상해없음,자전거,여,76세,경상
2020022000100205,2020년 2월 20일 10시,목요일,인천광역시 남동구 만수동,경상사고,0,0,1,0,차대차 - 측면충돌,안전운전불이행,건조,맑음,단일로 - 기타,화물,남,46세,상해없음,승용,남,45세,경상
2020022000100231,2020년 2월 20일 11시,목요일,인천광역시 남동구 간석동,중상사고,0,1,0,0,차대사람 - 기타,안전운전불이행,건조,맑음,교차로 - 교차로부근,승용,남,65세,상해없음,보행자,여,91세,중상
2020022000100232,2020년 2월 20일 11시,목요일,인천광역시 남동구 만수동,경상사고,0,0,1,0,차대차 - 측면충돌,신호위반,건조,맑음,교차로 - 교차로안,승용,남,74세,상해없음,승용,여,49세,경상
2020022000100267,2020년 2월 20일 12시,목요일,인천광역시 서구 청라동,중상사고,0,1,0,0,차대차 - 기타,신호위반,건조,맑음,교차로 - 교차로안,승용,남,48세,상해없음,이륜,남,37세,중상
2020022000100268,2020년 2월 20일 12시,목요일,인천광역시 서구 석남동,경상사고,0,0,1,0,차량단독 - 기타,안전운전불이행,건조,맑음,단일로 - 기타,승합,남,47세,상해없음,,,,
2020022000100269,2020년 2월 20일 12시,목요일,인천광역시 서구 석남동,중상사고,0,1,0,0,차대사람 - 횡단중,보행자보호의무위반,건조,맑음,교차로 - 교차로횡단보도내,승용,여,36세,상해없음,보행자,남,56세,중상
2020022000100308,2020년 2월 20일 13시,목요일,인천광역시 강화군 강화읍,경상사고,0,0,1,2,차대차 - 측면충돌,안전운전불이행,건조,맑음,단일로 - 지하차도(도로)내,승용,여,59세,상해없음,승용,여,29세,부상신고
2020022000100341,2020년 2월 20일 14시,목요일,인천광역시 서구 석남동,경상사고,0,0,1,0,차대차 - 추돌,안전거리미확보,건조,맑음,단일로 - 지하차도(도로)내,화물,남,45세,상해없음,승용,남,53세,경상
2020022000100342,2020년 2월 20일 14시,목요일,인천광역시 남동구 도림동,경상사고,0,0,2,0,차대차 - 측면충돌,중앙선침범,건조,맑음,교차로 - 교차로안,승용,남,45세,상해없음,승용,남,48세,경상
2020022000100383,2020년 2월 20일 15시,목요일,인천광역시 부평구 부평동,경상사고,0,0,1,0,차량단독 - 기타,안전운전불이행,건조,맑음,단일로 - 기타,승합,남,40세,상해없음,,,,
2020022000100384,2020년 2월 20일 15시,목요일,인천광역시 부평구 십정동,경상사고,0,0,1,0,차대차 - 측면충돌,차로위반,건조,맑음,교차로 - 교차로안,승용,남,27세,상해없음,승용,남,29세,경상
2020022000100385,2020년 2월 20일 15시,목요일,인천광역시 서구 가좌동,경상사고,0,0,1,0,차대차 - 기타,안전운전불이행,건조,맑음,교차로 - 교차로안,승합,남,54세,상해없음,이륜,남,60세,경상
2020022000100431,2020년 2월 20일 16시,목요일,인천광역시 서구 석남동,경상사고,0,0,1,0,차대차 - 추돌,안전운전불이행,건조,맑음,교차로 - 교차로부근,승용,남,32세,상해없음,승용,여,38세,경상
2020022000100432,2020년 2월 20일 16시,목요일,인천광역시 서구 신현동,경상사고,0,0,1,0,차대차 - 기타,안전운전불이행,건조,맑음,교차로 - 교차로부근,화물,남,44세,상해없음,이륜,남,82세,경상
2020022000100433,2020년 2월 20일 16시,목요일,인천광역시 서구 가좌동,경상사고,0,0,1,0,차대차 - 추돌,차로위반,건조,맑음,단일로 - 교량,화물,남,59세,상해없음,승용,남,64세,경상
2020022000100434,2020년 2월 20일 16시,목요일,인천광역시 남동구 도림동,부상신고사고,0,0,0,2,차대차 - 측면충돌,안전거리미확보,젖음/습기,맑음,교차로 - 교차로부근,승용,남,44세,상해없음,화물,남,56세,부상신고
2020022000100467,2020년 2월 20일 17시,목요일,인천광역시 미추홀구 주안동,경상사고,0,0,1,0,차대차 - 추돌,안전운전불이행,젖음/습기,맑음,교차로 - 교차로부근,승용,남,55세,상해없음,승용,여,38세,경상
2020022000100468,2020년 2월 20일 17시,목요일,인천광역시 서구 청라동,경상사고,0,0,1,0,차대차 - 측면충돌,차로위반,건조,맑음,단일로 - 기타,승합,여,68세,상해없음,승용,남,19세,경상
2020022000100525,2020년 2월 20일 18시,목요일,인천광역시 부평구 산곡동,경상사고,0,0,1,0,차대사람 - 길가장자리구역통행중,안전운전불이행,건조,맑음,단일로 - 기타,화물,남,63세,상해없음,보행자,남,57세,경상
2020022000100526,2020년 2월 20일 18시,목요일,인천광역시 서구 왕길동,경상사고,0,0,1,0,차대차 - 기타,안전운전불이행,건조,맑음,단일로 - 기타,기타불명,기타불명,미분류,기타불명,승용,여,55세,경상
2020022000100572,2020년 2월 20일 19시,목요일,인천광역시 서구 청라동,경상사고,0,0,2,0,차대차 - 기타,교차로운행방법위반,건조,맑음,교차로 - 교차로부근,자전거,남,16세,경상,이륜,남,26세,경상
2020022000100573,2020년 2월 20일 19시,목요일,인천광역시 남동구 만수동,경상사고,0,0,2,0,차대차 - 후진중충돌,안전운전불이행,건조,맑음,단일로 - 기타,승용,남,43세,상해없음,승용,남,36세,경상
2020022000100617,2020년 2월 20일 20시,목요일,인천광역시 미추홀구 용현동,경상사고,0,0,1,0,차대사람 - 횡단중,보행자보호의무위반,건조,맑음,교차로 - 교차로안,승용,남,44세,상해없음,보행자,남,53세,경상
2020022000100618,2020년 2월 20일 20시,목요일,인천광역시 서구 청라동,경상사고,0,0,1,0,차대차 - 기타,안전운전불이행,건조,맑음,교차로 - 교차로안,승용,여,30세,상해없음,이륜,남,55세,경상
2020022000100652,2020년 2월 20일 21시,목요일,인천광역시 남동구 논현동,경상사고,0,0,1,0,차대차 - 추돌,안전운전불이행,건조,맑음,단일로 - 기타,승용,남,23세,상해없음,승용,여,34세,경상
2020022000100674,2020년 2월 20일 22시,목요일,인천광역시 남동구 논현동,경상사고,0,0,3,0,차대차 - 추돌,안전운전불이행,젖음/습기,맑음,단일로 - 기타,승용,남,36세,상해없음,승용,여,44세,경상
2020022000100704,2020년 2월 20일 23시,목요일,인천광역시 연수구 청학동,경상사고,0,0,1,0,차대차 - 추돌,안전운전불이행,건조,맑음,교차로 - 교차로부근,승용,남,61세,상해없음,승용,남,48세,경상
2020022100100018,2020년 2월 21일 00시,금요일,인천광역시 서구 백석동,경상사고,0,0,1,0,차대차 - 측면충돌,신호위반,건조,맑음,교차로 - 교차로안,승용,여,43세,상해없음,승용,남,57세,경상
2020022100100043,2020년 2월 21일 02시,금요일,인천광역시 남동구 간석동,중상사고,0,1,0,0,차량단독 - 공작물충돌,안전운전불이행,젖음/습기,맑음,단일로 - 교량,화물,남,43세,중상,,,,
2020022100100044,2020년 2월 21일 02시,금요일,인천광역시 계양구 작전동,중상사고,0,1,0,0,차대사람 - 횡단중,안전운전불이행,건조,맑음,교차로 - 교차로횡단보도내,승용,남,22세,기타불명,보행자,남,28세,중상
2020022100100094,2020년 2월 21일 06시,금요일,인천광역시 부평구 십정동,중상사고,0,1,0,0,차대사람 - 보도통행중,보행자보호의무위반,건조,맑음,교차로 - 교차로안,화물,남,63세,상해없음,보행자,여,47세,중상
2020022100100114,2020년 2월 21일 07시,금요일,인천광역시 미추홀구 도화동,부상신고사고,0,0,0,1,차대차 - 측면충돌,교차로운행방법위반,건조,맑음,교차로 - 교차로안,승용,여,50세,부상신고,승용,남,64세,상해없음
2020022100100115,2020년 2월 21일 07시,금요일,인천광역시 부평구 갈산동,경상사고,0,0,1,0,차대차 - 측면충돌,안전운전불이행,젖음/습기,흐림,단일로 - 기타,이륜,남,40세,기타불명,자전거,남,57세,경상
2020022100100116,2020년 2월 21일 07시,금요일,인천광역시 부평구 청천동,경상사고,0,0,2,0,차대차 - 측면충돌,안전운전불이행,건조,맑음,단일로 - 기타,승용,남,60세,상해없음,승합,남,49세,경상
2020022100100155,2020년 2월 21일 08시,금요일,인천광역시 미추홀구 학익동,경상사고,0,0,1,0,차대사람 - 횡단중,보행자보호의무위반,건조,맑음,기타 - 기타,승용,남,58세,상해없음,보행자,여,34세,경상
2020022100100156,2020년 2월 21일 08시,금요일,인천광역시 연수구 연수동,중상사고,0,1,1,0,차대차 - 추돌,안전운전불이행,건조,맑음,단일로 - 기타,승용,여,31세,상해없음,승용,남,29세,중상
2020022100100216,2020년 2월 21일 10시,금요일,인천광역시 남동구 간석동,경상사고,0,0,1,0,차대차 - 기타,교차로운행방법위반,건조,맑음,교차로 - 교차로안,승용,남,67세,상해없음,이륜,남,67세,경상
2020022100100241,2020년 2월 21일 11시,금요일,인천광역시 남동구 구월동,경상사고,0,0,1,0,차대사람 - 횡단중,안전운전불이행,건조,맑음,교차로 - 교차로안,승용,여,27세,상해없음,보행자,남,22세,경상
2020022100100242,2020년 2월 21일 11시,금요일,인천광역시 서구 가좌동,경상사고,0,0,1,0,차대사람 - 기타,안전운전불이행,건조,맑음,기타 - 기타,건설기계,남,53세,상해없음,보행자,남,46세,경상
2020022100100303,2020년 2월 21일 13시,금요일,인천광역시 남동구 논현동,경상사고,0,0,1,0,차대차 - 정면충돌,안전운전불이행,건조,맑음,교차로 - 교차로안,승용,여,56세,상해없음,이륜,남,41세,경상
2020022100100329,2020년 2월 21일 14시,금요일,인천광역시 계양구 효성동,경상사고,0,0,1,0,차대사람 - 길가장자리구역통행중,안전운전불이행,건조,맑음,단일로 - 기타,화물,남,28세,상해없음,보행자,남,88세,경상
2020022100100330,2020년 2월 21일 14시,금요일,인천광역시 남동구 고잔동,부상신고사고,0,0,0,1,차대차 - 기타,안전운전불이행,건조,맑음,단일로 - 교량,승용,여,39세,상해없음,화물,남,58세,부상신고
2020022100100368,2020년 2월 21일 15시,금요일,인천광역시 미추홀구 주안동,중상사고,0,1,0,0,차대사람 - 횡단중,안전운전불이행,건조,맑음,기타 - 기타,승용,남,59세,상해없음,보행자,여,64세,중상
2020022100100369,2020년 2월 21일 15시,금요일,인천광역시 연수구 옥련동,경상사고,0,0,1,0,차대차 - 기타,안전운전불이행,건조,맑음,교차로 - 교차로부근,화물,남,44세,상해없음,승용,여,45세,경상
2020022100100370,2020년 2월 21일 15시,금요일,인천광역시 부평구 삼산동,경상사고,0,0,3,0,차대차 - 정면충돌,신호위반,건조,맑음,교차로 - 교차로안,승용,남,53세,상해없음,승용,여,42세,경상
2020022100100402,2020년 2월 21일 16시,금요일,인천광역시 남동구 구월동,경상사고,0,0,1,0,차대차 - 기타,안전거리미확보,건조,맑음,단일로 - 기타,승용,남,36세,상해없음,승합,남,40세,경상
2020022100100403,2020년 2월 21일 16시,금요일,인천광역시 서구 청라동,경상사고,0,0,1,0,차대차 - 측면충돌,안전운전불이행,건조,맑음,단일로 - 기타,기타불명,기타불명,미분류,기타불명,승용,여,21세,경상
2020022100100404,2020년 2월 21일 16시,금요일,인천광역시 서구 왕길동,경상사고,0,0,1,0,차대차 - 기타,안전운전불이행,건조,맑음,단일로 - 기타,승용,여,55세,경상,승합,남,59세,기타불명
2020022100100436,2020년 2월 21일 17시,금요일,인천광역시 남동구 논현동,부상신고사고,0,0,0,1,차대차 - 기타,안전운전불이행,젖음/습기,맑음,교차로 - 교차로부근,승용,기타불명,미분류,기타불명,이륜,남,36세,부상신고
2020022100100437,2020년 2월 21일 17시,금요일,인천광역시 남동구 남촌동,경상사고,0,0,2,0,차대차 - 측면충돌,안전거리미확보,건조,맑음,단일로 - 기타,승용,남,58세,상해없음,승용,남,29세,경상
2020022100100478,2020년 2월 21일 18시,금요일,인천광역시 부평구 갈산동,경상사고,0,0,1,0,차대차 - 측면충돌,안전운전불이행,건조,맑음,단일로 - 지하차도(도로)내,승용,여,56세,상해없음,승용,남,43세,경상
2020022100100479,2020년 2월 21일 18시,금요일,인천광역시 서구 가좌동,사망사고,1,0,0,0,차대차 - 정면충돌,교차로운행방법위반,건조,맑음,교차로 - 교차로안,화물,남,59세,상해없음,이륜,남,57세,사망