사고번호,사고일시,요일,시군구,사고내용,사망자수,중상자수,경상자수,부상신고자수,사고유형,법규위반,노면상태,기상상태,도로형태,가해운전자 차종,가해운전자 성별,가해운전자 연령,가해운전자 상해정도,피해운전자 차종,피해운전자 성별,피해운전자 연령,피해운전자 상해정도
2020022100100480,2020년 2월 21일 18시,금요일,인천광역시 부평구 일신동,경상사고,0,0,1,0,차대사람 - 기타,안전운전불이행,건조,맑음,단일로 - 기타,승용,남,33세,상해없음,보행자,남,50세,경상
2020022100100481,2020년 2월 21일 18시,금요일,인천광역시 남동구 만수동,부상신고사고,0,0,0,1,차대차 - 기타,안전운전불이행,건조,맑음,교차로 - 교차로안,승용,남,53세,상해없음,이륜,남,30세,부상신고
2020022100100528,2020년 2월 21일 19시,금요일,인천광역시 미추홀구 용현동,중상사고,0,1,0,0,차대사람 - 횡단중,보행자보호의무위반,건조,맑음,교차로 - 교차로횡단보도내,승용,남,61세,상해없음,보행자,여,56세,중상
2020022100100529,2020년 2월 21일 19시,금요일,인천광역시 남동구 만수동,경상사고,0,0,1,0,차대차 - 기타,중앙선침범,젖음/습기,비,단일로 - 기타,이륜,남,18세,상해없음,승용,여,24세,경상
2020022100100530,2020년 2월 21일 19시,금요일,인천광역시 서구 석남동,경상사고,0,0,1,0,차대차 - 추돌,안전운전불이행,젖음/습기,맑음,교차로 - 교차로안,승용,남,42세,상해없음,승용,남,25세,경상
2020022100100531,2020년 2월 21일 19시,금요일,인천광역시 서구 검암동,중상사고,0,1,0,0,차대차 - 기타,신호위반,건조,맑음,교차로 - 교차로안,승용,남,44세,상해없음,이륜,남,18세,중상
2020022100100532,2020년 2월 21일 19시,금요일,인천광역시 서구 청라동,경상사고,0,0,2,0,차대차 - 정면충돌,안전운전불이행,건조,흐림,교차로 - 교차로안,승용,남,26세,경상,승용,여,26세,경상
2020022100100533,2020년 2월 21일 19시,금요일,인천광역시 남동구 만수동,경상사고,0,0,1,0,차대사람 - 횡단중,안전운전불이행,건조,맑음,단일로 - 기타,승용,남,40세,상해없음,보행자,여,30세,경상
2020022100100586,2020년 2월 21일 20시,금요일,인천광역시 미추홀구 주안동,경상사고,0,0,1,1,차대차 - 측면충돌,신호위반,젖음/습기,비,교차로 - 교차로안,승용,남,78세,부상신고,승용,여,42세,경상
2020022100100620,2020년 2월 21일 21시,금요일,인천광역시 남동구 간석동,경상사고,0,0,2,0,차대차 - 측면충돌,안전운전불이행,건조,흐림,교차로 - 교차로안,승용,남,71세,상해없음,승용,남,53세,경상
2020022100100621,2020년 2월 21일 21시,금요일,인천광역시 남동구 구월동,경상사고,0,0,1,0,차대차 - 후진중충돌,교차로운행방법위반,건조,흐림,교차로 - 교차로안,승용,여,34세,상해없음,승용,여,27세,상해없음
2020022100100622,2020년 2월 21일 21시,금요일,인천광역시 서구 당하동,부상신고사고,0,0,0,1,차대사람 - 기타,안전운전불이행,젖음/습기,비,교차로 - 교차로안,승용,남,46세,상해없음,보행자,남,6세,부상신고
2020022100100623,2020년 2월 21일 21시,금요일,인천광역시 연수구 송도동,중상사고,0,1,0,0,차대사람 - 보도통행중,신호위반,젖음/습기,비,단일로 - 기타,승합,남,38세,상해없음,보행자,여,13세,중상
2020022100100658,2020년 2월 21일 22시,금요일,인천광역시 중구 운서동,경상사고,0,0,1,0,차대차 - 측면충돌,신호위반,젖음/습기,비,교차로 - 교차로안,승용,남,25세,상해없음,승용,남,66세,경상
2020022100100659,2020년 2월 21일 22시,금요일,인천광역시 부평구 십정동,경상사고,0,0,2,0,차대차 - 측면충돌,안전운전불이행,젖음/습기,비,교차로 - 교차로부근,승용,남,33세,상해없음,승용,여,38세,경상
2020022100100660,2020년 2월 21일 22시,금요일,인천광역시 서구 당하동,경상사고,0,0,1,0,차대차 - 추돌,안전운전불이행,젖음/습기,비,단일로 - 기타,승용,남,55세,상해없음,승용,남,41세,경상
2020022100100661,2020년 2월 21일 22시,금요일,인천광역시 서구 가정동,경상사고,0,0,1,0,차대사람 - 보도통행중,기타,젖음/습기,비,단일로 - 기타,승합,남,48세,상해없음,보행자,남,34세,경상
2020022100100662,2020년 2월 21일 22시,금요일,인천광역시 계양구 임학동,중상사고,0,1,0,0,차대사람 - 횡단중,안전운전불이행,젖음/습기,비,교차로 - 교차로횡단보도내,승용,여,32세,상해없음,보행자,여,56세,중상
2020022100100663,2020년 2월 21일 22시,금요일,인천광역시 남동구 만수동,중상사고,0,1,0,0,차대차 - 측면충돌,안전운전불이행,젖음/습기,비,단일로 - 기타,승용,남,23세,상해없음,승용,남,64세,중상
2020022100100697,2020년 2월 21일 23시,금요일,인천광역시 미추홀구 주안동,경상사고,0,0,2,0,차대차 - 후진중충돌,안전운전불이행,젖음/습기,비,단일로 - 기타,승합,남,55세,상해없음,승용,남,23세,경상
2020022200100026,2020년 2월 22일 00시,토요일,인천광역시 미추홀구 주안동,중상사고,0,2,0,0,차대차 - 추돌,안전운전불이행,젖음/습기,비,기타 - 기타,승용,여,63세,상해없음,화물,남,42세,상해없음
2020022200100027,2020년 2월 22일 00시,토요일,인천광역시 서구 가정동,경상사고,0,0,1,0,차대사람 - 기타,안전운전불이행,젖음/습기,흐림,교차로 - 교차로안,승용,남,34세,상해없음,보행자,남,53세,경상
2020022200100028,2020년 2월 22일 00시,토요일,인천광역시 연수구 연수동,경상사고,0,0,3,0,차대차 - 측면충돌,기타,건조,맑음,단일로 - 기타,승용,남,41세,상해없음,승용,남,53세,경상
2020022200100055,2020년 2월 22일 01시,토요일,인천광역시 남동구 간석동,중상사고,0,1,0,0,차대사람 - 횡단중,보행자보호의무위반,젖음/습기,비,교차로 - 교차로횡단보도내,승용,남,56세,상해없음,보행자,남,53세,중상
2020022200100084,2020년 2월 22일 04시,토요일,인천광역시 계양구 계산동,부상신고사고,0,0,0,1,차대차 - 추돌,안전운전불이행,건조,맑음,단일로 - 기타,승용,남,26세,상해없음,승합,남,51세,부상신고
2020022200100085,2020년 2월 22일 04시,토요일,인천광역시 남동구 논현동,경상사고,0,0,1,0,차대차 - 추돌,안전운전불이행,젖음/습기,흐림,단일로 - 기타,승용,남,33세,상해없음,승용,남,64세,경상
2020022200100105,2020년 2월 22일 06시,토요일,인천광역시 서구 가좌동,경상사고,0,0,1,0,차대사람 - 보도통행중,보행자보호의무위반,젖음/습기,비,교차로 - 교차로횡단보도내,화물,남,57세,상해없음,보행자,여,50세,경상
2020022200100117,2020년 2월 22일 07시,토요일,인천광역시 미추홀구 숭의동,경상사고,0,0,3,1,차대차 - 측면충돌,신호위반,젖음/습기,흐림,교차로 - 교차로안,승합,남,57세,상해없음,승용,남,31세,경상
2020022200100167,2020년 2월 22일 10시,토요일,인천광역시 계양구 효성동,경상사고,0,0,2,0,차대차 - 추돌,안전운전불이행,젖음/습기,맑음,교차로 - 교차로부근,승합,남,29세,상해없음,승용,여,52세,경상
2020022200100191,2020년 2월 22일 11시,토요일,인천광역시 미추홀구 숭의동,경상사고,0,0,1,0,차대차 - 측면충돌,안전거리미확보,건조,맑음,단일로 - 기타,승합,남,72세,상해없음,승용,남,28세,경상
2020022200100192,2020년 2월 22일 11시,토요일,인천광역시 부평구 청천동,경상사고,0,0,2,0,차대차 - 측면충돌,안전운전불이행,건조,맑음,교차로 - 교차로부근,승용,남,65세,상해없음,승용,남,32세,경상
2020022200100193,2020년 2월 22일 11시,토요일,인천광역시 남동구 남촌동,경상사고,0,0,1,0,차대차 - 측면충돌,안전운전불이행,건조,맑음,교차로 - 교차로횡단보도내,승용,여,24세,상해없음,승용,남,40세,경상
2020022200100255,2020년 2월 22일 13시,토요일,인천광역시 남동구 간석동,경상사고,0,0,1,0,차대사람 - 기타,안전운전불이행,건조,맑음,단일로 - 기타,승용,남,67세,상해없음,보행자,여,51세,경상
2020022200100282,2020년 2월 22일 14시,토요일,인천광역시 남동구 구월동,경상사고,0,0,1,0,차대사람 - 기타,안전운전불이행,건조,맑음,단일로 - 기타,승합,남,42세,상해없음,보행자,여,66세,경상
2020022200100311,2020년 2월 22일 15시,토요일,인천광역시 서구 왕길동,사망사고,1,0,0,0,차대차 - 정면충돌,신호위반,건조,맑음,교차로 - 교차로안,이륜,남,47세,사망,승용,남,44세,상해없음
2020022200100339,2020년 2월 22일 16시,토요일,인천광역시 부평구 청천동,중상사고,0,1,2,0,차대차 - 추돌,안전운전불이행,건조,맑음,교차로 - 교차로부근,승용,여,27세,상해없음,승용,여,46세,중상
2020022200100340,2020년 2월 22일 16시,토요일,인천광역시 남동구 서창동,중상사고,0,1,0,0,차대사람 - 기타,안전운전불이행,건조,맑음,주차장 - 주차장,승용,여,43세,상해없음,보행자,여,21세,중상
2020022200100377,2020년 2월 22일 18시,토요일,인천광역시 부평구 십정동,중상사고,0,1,0,0,차대사람 - 횡단중,안전운전불이행,건조,맑음,단일로 - 기타,승용,남,63세,상해없음,보행자,남,66세,중상
2020022200100378,2020년 2월 22일 18시,토요일,인천광역시 서구 가좌동,경상사고,0,0,2,0,차대차 - 측면충돌,교차로운행방법위반,건조,맑음,교차로 - 교차로안,승용,남,23세,경상,승용,남,62세,상해없음
2020022200100379,2020년 2월 22일 18시,토요일,인천광역시 서구 검암동,경상사고,0,0,1,0,차대사람 - 길가장자리구역통행중,안전운전불이행,건조,맑음,단일로 - 기타,승용,남,24세,상해없음,보행자,여,52세,경상
2020022200100380,2020년 2월 22일 18시,토요일,인천광역시 서구 가좌동,경상사고,0,0,1,0,차대차 - 측면충돌,안전운전불이행,건조,맑음,교차로 - 교차로부근,승용,남,49세,상해없음,승용,남,35세,경상
2020022200100409,2020년 2월 22일 19시,토요일,인천광역시 동구 송현동,중상사고,0,1,0,0,차량단독 - 기타,기타,건조,맑음,단일로 - 기타,승합,남,58세,상해없음,,,,
2020022200100410,2020년 2월 22일 19시,토요일,인천광역시 미추홀구 용현동,부상신고사고,0,0,0,1,차대사람 - 기타,안전운전불이행,건조,맑음,단일로 - 기타,승용,남,58세,상해없음,보행자,남,16세,부상신고
2020022200100411,2020년 2월 22일 19시,토요일,인천광역시 미추홀구 문학동,경상사고,0,0,1,0,차대차 - 추돌,안전거리미확보,건조,맑음,단일로 - 기타,승용,남,33세,기타불명,승용,남,59세,경상
2020022200100412,2020년 2월 22일 19시,토요일,인천광역시 남동구 구월동,경상사고,0,0,1,0,차대사람 - 횡단중,안전운전불이행,건조,맑음,단일로 - 기타,승용,남,58세,상해없음,보행자,남,29세,경상
2020022200100413,2020년 2월 22일 19시,토요일,인천광역시 남동구 간석동,중상사고,0,1,0,0,차대사람 - 길가장자리구역통행중,안전운전불이행,건조,맑음,단일로 - 기타,이륜,남,33세,상해없음,보행자,여,86세,중상
2020022200100414,2020년 2월 22일 19시,토요일,인천광역시 서구 공촌동,경상사고,0,0,2,0,차대차 - 측면충돌,안전운전불이행,건조,맑음,단일로 - 기타,화물,남,57세,상해없음,승용,남,33세,경상
2020022200100435,2020년 2월 22일 20시,토요일,인천광역시 부평구 부평동,중상사고,0,1,0,0,차대차 - 측면충돌,안전운전불이행,건조,맑음,단일로 - 지하차도(도로)내,승용,남,33세,상해없음,자전거,여,53세,중상
2020022200100458,2020년 2월 22일 21시,토요일,인천광역시 남동구 만수동,경상사고,0,0,1,0,차대차 - 추돌,안전운전불이행,건조,맑음,단일로 - 기타,승용,남,61세,상해없음,승용,남,45세,경상
2020022300100033,2020년 2월 23일 03시,일요일,인천광역시 중구 운서동,중상사고,0,2,0,0,차대차 - 추돌,안전운전불이행,건조,맑음,단일로 - 기타,승용,남,47세,상해없음,승합,남,57세,중상
2020022300100065,2020년 2월 23일 08시,일요일,인천광역시 부평구 부평동,경상사고,0,0,1,0,차대차 - 측면충돌,차로위반,건조,맑음,단일로 - 기타,승용,여,32세,상해없음,이륜,남,40세,경상
2020022300100080,2020년 2월 23일 09시,일요일,인천광역시 남동구 구월동,경상사고,0,0,1,0,차대차 - 추돌,안전운전불이행,건조,맑음,교차로 - 교차로안,승용,남,35세,상해없음,승용,남,63세,경상
2020022300100081,2020년 2월 23일 09시,일요일,인천광역시 연수구 동춘동,경상사고,0,0,1,0,차대차 - 측면충돌,직진우회전진행방해,건조,맑음,교차로 - 교차로안,승용,남,63세,상해없음,승용,남,26세,경상
2020022300100112,2020년 2월 23일 11시,일요일,인천광역시 부평구 부평동,경상사고,0,0,1,0,차대차 - 측면충돌,안전운전불이행,건조,맑음,단일로 - 기타,승용,남,38세,상해없음,승용,남,25세,경상
2020022300100133,2020년 2월 23일 12시,일요일,인천광역시 미추홀구 용현동,경상사고,0,0,1,0,차대차 - 측면충돌,안전운전불이행,건조,맑음,단일로 - 기타,승용,여,51세,상해없음,승용,남,34세,경상
2020022300100134,2020년 2월 23일 12시,일요일,인천광역시 남동구 만수동,중상사고,0,1,0,0,차대사람 - 횡단중,기타,건조,맑음,단일로 - 기타,승용,남,65세,상해없음,보행자,남,5세,중상
2020022300100154,2020년 2월 23일 13시,일요일,인천광역시 연수구 송도동,경상사고,0,0,1,0,차대차 - 측면충돌,교차로운행방법위반,건조,맑음,교차로 - 교차로안,승용,남,68세,상해없음,승용,남,35세,경상
2020022300100155,2020년 2월 23일 13시,일요일,인천광역시 남동구 장수동,경상사고,0,0,1,0,차대차 - 측면충돌,안전운전불이행,건조,맑음,단일로 - 기타,승용,남,36세,상해없음,승용,남,34세,경상
2020022300100156,2020년 2월 23일 13시,일요일,인천광역시 남동구 남촌동,경상사고,0,0,3,0,차대차 - 측면충돌,안전거리미확보,건조,맑음,기타 - 기타,승용,여,65세,상해없음,승용,남,30세,경상
2020022300100175,2020년 2월 23일 14시,일요일,인천광역시 부평구 산곡동,경상사고,0,0,2,0,차대차 - 측면충돌,안전운전불이행,건조,맑음,교차로 - 교차로부근,승용,남,67세,상해없음,승용,남,64세,경상
2020022300100216,2020년 2월 23일 16시,일요일,인천광역시 옹진군 영흥면,중상사고,0,1,3,0,차대차 - 측면충돌,중앙선침범,건조,맑음,단일로 - 기타,승용,여,57세,상해없음,승용,남,27세,경상
2020022300100261,2020년 2월 23일 18시,일요일,인천광역시 남동구 만수동,부상신고사고,0,0,0,1,차대차 - 측면충돌,신호위반,건조,맑음,교차로 - 교차로부근,화물,남,71세,상해없음,화물,남,37세,상해없음
2020022300100311,2020년 2월 23일 20시,일요일,인천광역시 중구 운서동,경상사고,0,0,1,0,차대차 - 측면충돌,신호위반,건조,맑음,교차로 - 교차로안,승용,여,25세,상해없음,승용,남,30세,경상
2020022300100331,2020년 2월 23일 21시,일요일,인천광역시 연수구 송도동,경상사고,0,0,1,0,차대차 - 후진중충돌,안전운전불이행,건조,맑음,교차로 - 교차로부근,승용,남,18세,상해없음,이륜,남,37세,경상
2020022300100332,2020년 2월 23일 21시,일요일,인천광역시 연수구 송도동,중상사고,0,1,0,0,차대차 - 추돌,안전운전불이행,건조,맑음,교차로 - 교차로부근,승용,여,49세,상해없음,승용,여,53세,중상
2020022400100055,2020년 2월 24일 06시,월요일,인천광역시 미추홀구 주안동,경상사고,0,0,2,0,차대차 - 추돌,안전운전불이행,건조,맑음,교차로 - 교차로부근,승용,남,36세,상해없음,승용,남,54세,경상
2020022400100056,2020년 2월 24일 06시,월요일,인천광역시 서구 가정동,경상사고,0,0,5,0,차대차 - 기타,안전운전불이행,건조,맑음,단일로 - 기타,승용,남,69세,상해없음,화물,남,56세,경상
2020022400100057,2020년 2월 24일 06시,월요일,인천광역시 계양구 귤현동,경상사고,0,0,1,0,차대사람 - 횡단중,보행자보호의무위반,건조,맑음,교차로 - 교차로횡단보도내,승용,남,51세,상해없음,보행자,남,34세,경상
2020022400100071,2020년 2월 24일 07시,월요일,인천광역시 중구 운북동,중상사고,0,1,0,0,차대차 - 기타,안전운전불이행,건조,맑음,교차로 - 교차로안,건설기계,남,46세,중상,건설기계,남,55세,상해없음
2020022400100104,2020년 2월 24일 08시,월요일,인천광역시 부평구 일신동,경상사고,0,0,1,0,차대차 - 기타,안전거리미확보,건조,맑음,단일로 - 기타,승용,남,48세,기타불명,승용,남,31세,경상
2020022400100178,2020년 2월 24일 11시,월요일,인천광역시 연수구 송도동,경상사고,0,0,1,0,차대차 - 후진중충돌,불법유턴,건조,맑음,단일로 - 기타,승용,여,57세,상해없음,승용,남,41세,상해없음
2020022400100221,2020년 2월 24일 12시,월요일,인천광역시 미추홀구 용현동,경상사고,0,0,1,0,차대차 - 추돌,안전운전불이행,건조,맑음,교차로 - 교차로부근,화물,남,38세,상해없음,원동기,남,26세,경상
2020022400100222,2020년 2월 24일 12시,월요일,인천광역시 계양구 계산동,중상사고,0,1,0,0,차대차 - 측면충돌,안전운전불이행,건조,맑음,단일로 - 기타,승용,여,49세,상해없음,승용,여,58세,중상
2020022400100280,2020년 2월 24일 14시,월요일,인천광역시 남동구 간석동,경상사고,0,0,1,0,차대사람 - 횡단중,신호위반,건조,맑음,교차로 - 교차로횡단보도내,화물,남,67세,상해없음,보행자,여,79세,경상
2020022400100321,2020년 2월 24일 15시,월요일,인천광역시 서구 가정동,경상사고,0,0,2,0,차대차 - 기타,안전운전불이행,건조,맑음,단일로 - 기타,화물,남,48세,경상,승합,남,53세,경상
2020022400100362,2020년 2월 24일 17시,월요일,인천광역시 부평구 삼산동,부상신고사고,0,0,0,1,차량단독 - 전도전복 - 전도,안전운전불이행,건조,맑음,단일로 - 기타,자전거,남,60세,부상신고,,,,
2020022400100395,2020년 2월 24일 18시,월요일,인천광역시 서구 연희동,경상사고,0,0,1,0,차대사람 - 기타,안전운전불이행,건조,맑음,교차로 - 교차로안,화물,남,56세,상해없음,보행자,여,67세,경상
2020022400100434,2020년 2월 24일 19시,월요일,인천광역시 연수구 청학동,경상사고,0,0,1,0,차대사람 - 횡단중,보행자보호의무위반,건조,맑음,교차로 - 교차로횡단보도내,승합,남,65세,상해없음,보행자,여,63세,경상
2020022400100435,2020년 2월 24일 19시,월요일,인천광역시 연수구 옥련동,경상사고,0,0,1,0,차대차 - 추돌,안전운전불이행,건조,맑음,단일로 - 기타,승용,남,42세,상해없음,승용,남,49세,경상
2020022400100517,2020년 2월 24일 23시,월요일,인천광역시 미추홀구 용현동,중상사고,0,1,0,0,차대차 - 측면충돌,안전운전불이행,건조,맑음,단일로 - 기타,기타불명,기타불명,미분류,기타불명,승용,여,39세,중상
2020022400100518,2020년 2월 24일 23시,월요일,인천광역시 부평구 부평동,중상사고,0,1,0,0,차대차 - 측면충돌,안전운전불이행,건조,흐림,단일로 - 기타,승용,남,29세,기타불명,승용,남,30세,중상
2020022500100014,2020년 2월 25일 00시,화요일,인천광역시 강화군 양도면,경상사고,0,0,1,0,차량단독 - 도로외이탈 - 기타,안전운전불이행,건조,맑음,단일로 - 기타,승용,남,14세,상해없음,,,,
2020022500100071,2020년 2월 25일 06시,화요일,인천광역시 부평구 부평동,중상사고,0,1,0,0,차대차 - 추돌,신호위반,건조,맑음,교차로 - 교차로부근,승용,남,66세,상해없음,승용,남,57세,중상
2020022500100112,2020년 2월 25일 08시,화요일,인천광역시 남동구 간석동,경상사고,0,0,1,0,차대차 - 측면충돌,안전운전불이행,젖음/습기,비,단일로 - 기타,승용,남,25세,상해없음,승용,남,29세,경상
2020022500100113,2020년 2월 25일 08시,화요일,인천광역시 서구 원창동,경상사고,0,0,2,0,차대차 - 추돌,교차로운행방법위반,젖음/습기,맑음,교차로 - 교차로안,승용,여,62세,경상,승용,여,57세,경상
2020022500100139,2020년 2월 25일 09시,화요일,인천광역시 부평구 십정동,경상사고,0,0,1,0,차대차 - 측면충돌,신호위반,젖음/습기,비,교차로 - 교차로안,승용,여,55세,상해없음,화물,남,63세,경상
2020022500100140,2020년 2월 25일 09시,화요일,인천광역시 계양구 계산동,경상사고,0,0,1,0,차대차 - 측면충돌,기타,젖음/습기,비,단일로 - 기타,화물,남,60세,상해없음,승용,남,32세,경상
2020022500100141,2020년 2월 25일 09시,화요일,인천광역시 연수구 연수동,경상사고,0,0,2,0,차대차 - 측면충돌,차로위반,젖음/습기,비,교차로 - 교차로부근,승용,남,27세,상해없음,승용,남,36세,경상
2020022500100142,2020년 2월 25일 09시,화요일,인천광역시 남동구 장수동,부상신고사고,0,0,0,5,차대차 - 측면충돌,안전거리미확보,젖음/습기,비,단일로 - 기타,승용,남,51세,상해없음,승용,남,25세,부상신고
2020022500100184,2020년 2월 25일 11시,화요일,인천광역시 서구 청라동,경상사고,0,0,2,0,차대차 - 정면충돌,교차로운행방법위반,건조,맑음,교차로 - 교차로안,이륜,남,48세,경상,승용,남,34세,경상
2020022500100201,2020년 2월 25일 12시,화요일,인천광역시 동구 송림동,경상사고,0,0,1,0,차대차 - 측면충돌,안전운전불이행,젖음/습기,비,단일로 - 기타,승용,남,51세,상해없음,승용,남,50세,경상
2020022500100234,2020년 2월 25일 13시,화요일,인천광역시 부평구 삼산동,경상사고,0,0,2,0,차대차 - 추돌,안전거리미확보,젖음/습기,비,단일로 - 기타,화물,남,48세,상해없음,승용,남,32세,경상
2020022500100251,2020년 2월 25일 14시,화요일,인천광역시 미추홀구 도화동,사망사고,1,0,0,0,차대차 - 측면충돌,안전운전불이행,건조,맑음,단일로 - 기타,승합,남,63세,상해없음,자전거,남,71세,사망
2020022500100252,2020년 2월 25일 14시,화요일,인천광역시 미추홀구 주안동,경상사고,0,0,1,0,차대사람 - 보도통행중,안전운전불이행,건조,맑음,기타 - 기타,승용,여,33세,상해없음,보행자,남,79세,경상
2020022500100253,2020년 2월 25일 14시,화요일,인천광역시 부평구 부평동,경상사고,0,0,1,0,차대차 - 측면충돌,안전운전불이행,건조,맑음,단일로 - 지하차도(도로)내,원동기,남,63세,상해없음,승용,남,50세,경상
2020022500100254,2020년 2월 25일 14시,화요일,인천광역시 남동구 논현동,경상사고,0,0,2,0,차대차 - 측면충돌,안전운전불이행,건조,맑음,단일로 - 기타,승용,남,43세,상해없음,화물,남,29세,상해없음
2020022500100297,2020년 2월 25일 16시,화요일,인천광역시 남동구 구월동,경상사고,0,0,1,0,차대사람 - 기타,기타,건조,맑음,단일로 - 기타,승합,남,55세,상해없음,보행자,남,65세,경상
2020022500100321,2020년 2월 25일 17시,화요일,인천광역시 부평구 갈산동,경상사고,0,0,1,0,차대사람 - 기타,안전운전불이행,건조,맑음,기타 - 기타,화물,여,67세,상해없음,보행자,여,64세,경상
2020022500100395,2020년 2월 25일 19시,화요일,인천광역시 미추홀구 도화동,경상사고,0,0,1,0,차대차 - 측면충돌,신호위반,건조,맑음,교차로 - 교차로안,승용,남,64세,상해없음,이륜,남,18세,경상
2020022500100396,2020년 2월 25일 19시,화요일,인천광역시 강화군 강화읍,경상사고,0,0,1,0,차대차 - 정면충돌,안전운전불이행,젖음/습기,흐림,단일로 - 지하차도(도로)내,승용,남,51세,상해없음,화물,남,33세,경상
2020022500100442,2020년 2월 25일 21시,화요일,인천광역시 미추홀구 주안동,중상사고,0,1,0,0,차대차 - 측면충돌,안전운전불이행,건조,맑음,교차로 - 교차로안,승용,여,61세,상해없음,이륜,남,30세,중상
2020022500100454,2020년 2월 25일 22시,화요일,인천광역시 동구 송림동,경상사고,0,0,1,0,차대차 - 측면충돌,신호위반,건조,맑음,교차로 - 교차로안,승용,여,40세,상해없음,승용,남,38세,경상
2020022500100455,2020년 2월 25일 22시,화요일,인천광역시 계양구 서운동,경상사고,0,0,3,0,차대차 - 측면충돌,안전거리미확보,건조,맑음,단일로 - 기타,승용,여,27세,상해없음,승용,남,37세,경상
2020022500100467,2020년 2월 25일 23시,화요일,인천광역시 남동구 운연동,부상신고사고,0,0,0,1,차량단독 - 기타,안전운전불이행,건조,맑음,단일로 - 기타,승용,여,38세,부상신고,,,,
2020022600100019,2020년 2월 26일 01시,수요일,인천광역시 미추홀구 도화동,경상사고,0,0,1,0,차대차 - 측면충돌,차로위반,건조,맑음,기타 - 기타,승용,남,28세,상해없음,승용,남,27세,경상
2020022600100073,2020년 2월 26일 07시,수요일,인천광역시 부평구 십정동,경상사고,0,0,2,0,차대차 - 측면충돌,안전운전불이행,건조,맑음,단일로 - 지하차도(도로)내,승용,남,42세,상해없음,승용,남,44세,경상
2020022600100103,2020년 2월 26일 08시,수요일,인천광역시 계양구 효성동,경상사고,0,0,1,0,차대차 - 측면충돌,안전거리미확보,건조,맑음,단일로 - 기타,승용,여,65세,상해없음,승용,여,35세,경상
2020022600100104,2020년 2월 26일 08시,수요일,인천광역시 남동구 논현동,경상사고,0,0,1,0,차대차 - 측면충돌,안전거리미확보,건조,맑음,교차로 - 교차로안,승용,여,32세,상해없음,승용,남,31세,경상
2020022600100105,2020년 2월 26일 08시,수요일,인천광역시 남동구 논현동,경상사고,0,0,1,0,차대차 - 측면충돌,안전운전불이행,건조,맑음,교차로 - 교차로안,승용,남,69세,상해없음,승용,남,57세,경상
2020022600100148,2020년 2월 26일 10시,수요일,인천광역시 미추홀구 주안동,중상사고,0,1,0,0,차대사람 - 횡단중,안전운전불이행,건조,맑음,교차로 - 교차로횡단보도내,승용,여,55세,상해없음,보행자,여,43세,중상
2020022600100149,2020년 2월 26일 10시,수요일,인천광역시 서구 가정동,중상사고,0,2,0,0,차대차 - 정면충돌,신호위반,건조,맑음,교차로 - 교차로안,승용,남,52세,상해없음,승용,남,40세,중상
2020022600100150,2020년 2월 26일 10시,수요일,인천광역시 연수구 동춘동,경상사고,0,0,1,0,차대차 - 측면충돌,안전거리미확보,건조,맑음,단일로 - 기타,화물,남,56세,상해없음,승용,여,63세,경상
2020022600100196,2020년 2월 26일 12시,수요일,인천광역시 서구 가정동,경상사고,0,0,1,0,차대차 - 측면충돌,신호위반,건조,맑음,교차로 - 교차로안,승용,여,41세,상해없음,승용,여,55세,경상
2020022600100261,2020년 2월 26일 15시,수요일,인천광역시 부평구 부평동,경상사고,0,0,1,0,차대차 - 측면충돌,안전거리미확보,건조,맑음,단일로 - 기타,승용,남,76세,상해없음,승용,여,38세,경상
2020022600100275,2020년 2월 26일 16시,수요일,인천광역시 중구 답동,경상사고,0,0,1,0,차대차 - 측면충돌,신호위반,건조,맑음,교차로 - 교차로안,승용,여,36세,상해없음,승용,남,71세,경상
2020022600100299,2020년 2월 26일 17시,수요일,인천광역시 미추홀구 주안동,경상사고,0,0,1,0,차대차 - 측면충돌,신호위반,건조,맑음,교차로 - 교차로안,승용,여,71세,상해없음,승용,남,52세,경상
2020022600100300,2020년 2월 26일 17시,수요일,인천광역시 미추홀구 용현동,경상사고,0,0,1,0,차대차 - 기타,안전운전불이행,건조,맑음,단일로 - 기타,승용,남,63세,상해없음,승용,남,28세,경상
2020022600100301,2020년 2월 26일 17시,수요일,인천광역시 연수구 선학동,중상사고,0,1,0,0,차대사람 - 기타,안전운전불이행,건조,맑음,단일로 - 기타,승용,남,46세,상해없음,보행자,여,74세,중상
2020022600100302,2020년 2월 26일 17시,수요일,인천광역시 연수구 송도동,중상사고,0,2,2,0,차대차 - 측면충돌,신호위반,건조,맑음,교차로 - 교차로안,승용,남,65세,상해없음,승용,남,28세,중상
2020022600100303,2020년 2월 26일 17시,수요일,인천광역시 부평구 삼산동,중상사고,0,1,1,0,차대차 - 기타,안전운전불이행,건조,맑음,교차로 - 교차로안,승용,남,62세,상해없음,이륜,남,25세,중상
2020022600100348,2020년 2월 26일 18시,수요일,인천광역시 미추홀구 학익동,중상사고,0,1,0,0,차대차 - 추돌,안전운전불이행,건조,맑음,단일로 - 기타,승용,남,50세,상해없음,승용,여,44세,중상
2020022600100349,2020년 2월 26일 18시,수요일,인천광역시 부평구 산곡동,경상사고,0,0,1,0,차대사람 - 기타,안전운전불이행,건조,맑음,단일로 - 지하차도(도로)내,승합,남,54세,상해없음,보행자,남,25세,경상
2020022600100424,2020년 2월 26일 20시,수요일,인천광역시 연수구 동춘동,경상사고,0,0,1,0,차대사람 - 차도통행중,보행자보호의무위반,건조,맑음,기타 - 기타,이륜,남,36세,상해없음,보행자,남,51세,경상