사고번호,사고일시,요일,시군구,사고내용,사망자수,중상자수,경상자수,부상신고자수,사고유형,법규위반,노면상태,기상상태,도로형태,가해운전자 차종,가해운전자 성별,가해운전자 연령,가해운전자 상해정도,피해운전자 차종,피해운전자 성별,피해운전자 연령,피해운전자 상해정도
2020022600100440,2020년 2월 26일 21시,수요일,인천광역시 미추홀구 주안동,경상사고,0,0,1,0,차대사람 - 길가장자리구역통행중,안전운전불이행,건조,맑음,단일로 - 기타,기타불명,기타불명,미분류,기타불명,보행자,남,35세,경상
2020022600100482,2020년 2월 26일 23시,수요일,인천광역시 남동구 구월동,경상사고,0,0,1,0,차대차 - 측면충돌,안전운전불이행,건조,맑음,교차로 - 교차로안,승용,남,22세,상해없음,승용,남,68세,경상
2020022700100022,2020년 2월 27일 01시,목요일,인천광역시 계양구 작전동,중상사고,0,1,0,0,차대차 - 측면충돌,안전운전불이행,건조,맑음,교차로 - 교차로안,승용,남,37세,상해없음,이륜,남,19세,중상
2020022700100082,2020년 2월 27일 07시,목요일,인천광역시 서구 왕길동,경상사고,0,0,1,0,차대사람 - 길가장자리구역통행중,안전운전불이행,건조,맑음,교차로 - 교차로부근,승용,남,40세,상해없음,보행자,여,29세,경상
2020022700100083,2020년 2월 27일 07시,목요일,인천광역시 계양구 목상동,중상사고,0,4,0,0,차대차 - 정면충돌,중앙선침범,건조,맑음,단일로 - 기타,승용,남,34세,중상,승용,남,50세,중상
2020022700100153,2020년 2월 27일 10시,목요일,인천광역시 부평구 부평동,경상사고,0,0,1,0,차대차 - 측면충돌,안전운전불이행,건조,맑음,단일로 - 기타,승용,남,65세,기타불명,화물,남,23세,경상
2020022700100187,2020년 2월 27일 12시,목요일,인천광역시 계양구 임학동,중상사고,0,1,0,0,차대차 - 측면충돌,중앙선침범,건조,맑음,단일로 - 기타,승용,남,59세,상해없음,이륜,남,39세,중상
2020022700100209,2020년 2월 27일 13시,목요일,인천광역시 남동구 간석동,경상사고,0,0,1,0,차대차 - 측면충돌,안전운전불이행,건조,맑음,교차로 - 교차로부근,화물,남,69세,상해없음,승용,남,57세,경상
2020022700100210,2020년 2월 27일 13시,목요일,인천광역시 남동구 구월동,경상사고,0,0,1,0,차대차 - 측면충돌,안전운전불이행,건조,맑음,교차로 - 교차로안,승용,남,28세,상해없음,승용,남,38세,상해없음
2020022700100237,2020년 2월 27일 14시,목요일,인천광역시 계양구 계산동,경상사고,0,0,1,0,차대차 - 측면충돌,안전운전불이행,건조,맑음,교차로 - 교차로안,승용,남,66세,상해없음,승용,남,59세,경상
2020022700100287,2020년 2월 27일 16시,목요일,인천광역시 부평구 부평동,경상사고,0,0,1,0,차대차 - 추돌,안전운전불이행,건조,맑음,교차로 - 교차로부근,승용,남,69세,상해없음,승용,남,23세,경상
2020022700100288,2020년 2월 27일 16시,목요일,인천광역시 계양구 상야동,경상사고,0,0,1,0,차대차 - 측면충돌,안전운전불이행,건조,맑음,단일로 - 기타,자전거,남,69세,경상,화물,남,62세,상해없음
2020022700100289,2020년 2월 27일 16시,목요일,인천광역시 남동구 만수동,경상사고,0,0,1,0,차대사람 - 횡단중,안전운전불이행,건조,맑음,단일로 - 기타,승용,남,61세,상해없음,보행자,남,6세,경상
2020022700100341,2020년 2월 27일 18시,목요일,인천광역시 부평구 십정동,중상사고,0,1,0,0,차대사람 - 횡단중,신호위반,건조,맑음,교차로 - 교차로횡단보도내,승합,남,63세,상해없음,보행자,여,22세,중상
2020022700100342,2020년 2월 27일 18시,목요일,인천광역시 남동구 만수동,경상사고,0,0,1,0,차대차 - 측면충돌,안전운전불이행,건조,맑음,단일로 - 기타,승용,남,61세,상해없음,승용,여,40세,경상
2020022700100367,2020년 2월 27일 19시,목요일,인천광역시 서구 청라동,경상사고,0,0,2,0,차대차 - 추돌,신호위반,건조,맑음,단일로 - 기타,승용,여,38세,상해없음,승용,남,40세,경상
2020022700100369,2020년 2월 27일 19시,목요일,인천광역시 남동구 남촌동,경상사고,0,0,1,0,차대차 - 측면충돌,안전운전불이행,건조,맑음,교차로 - 교차로부근,승합,남,72세,상해없음,승용,여,60세,경상
2020022700100422,2020년 2월 27일 22시,목요일,인천광역시 미추홀구 주안동,경상사고,0,0,2,0,차대차 - 측면충돌,직진우회전진행방해,건조,맑음,교차로 - 교차로부근,승용,남,68세,경상,승용,남,67세,경상
2020022700100423,2020년 2월 27일 22시,목요일,인천광역시 계양구 계산동,중상사고,0,1,0,0,차대차 - 기타,신호위반,건조,맑음,교차로 - 교차로안,승용,남,24세,상해없음,이륜,남,36세,중상
2020022800100026,2020년 2월 28일 02시,금요일,인천광역시 미추홀구 용현동,경상사고,0,0,1,0,차대차 - 추돌,안전운전불이행,건조,기타,교차로 - 교차로부근,승용,남,47세,상해없음,승용,남,61세,경상
2020022800100038,2020년 2월 28일 05시,금요일,인천광역시 동구 송현동,경상사고,0,0,1,0,차대차 - 측면충돌,신호위반,건조,맑음,교차로 - 교차로안,승용,남,53세,상해없음,승용,여,61세,경상
2020022800100039,2020년 2월 28일 05시,금요일,인천광역시 연수구 송도동,중상사고,0,1,0,0,차대차 - 정면충돌,안전운전불이행,건조,맑음,교차로 - 교차로안,승합,남,58세,상해없음,화물,남,56세,중상
2020022800100082,2020년 2월 28일 08시,금요일,인천광역시 남동구 남촌동,중상사고,0,1,0,0,차대차 - 추돌,안전운전불이행,건조,맑음,단일로 - 고가도로위,화물,남,35세,상해없음,승용,남,76세,중상
2020022800100103,2020년 2월 28일 09시,금요일,인천광역시 남동구 서창동,경상사고,0,0,2,0,차대차 - 측면충돌,안전운전불이행,건조,맑음,교차로 - 교차로부근,승용,여,40세,경상,승용,남,76세,경상
2020022800100104,2020년 2월 28일 09시,금요일,인천광역시 남동구 서창동,경상사고,0,0,1,0,차대차 - 측면충돌,안전운전불이행,건조,흐림,단일로 - 기타,화물,남,44세,상해없음,승용,남,38세,경상
2020022800100212,2020년 2월 28일 14시,금요일,인천광역시 부평구 부개동,경상사고,0,0,2,0,차대차 - 측면충돌,교차로운행방법위반,건조,맑음,교차로 - 교차로안,승용,남,64세,상해없음,승용,남,48세,경상
2020022800100254,2020년 2월 28일 16시,금요일,인천광역시 서구 불로동,경상사고,0,0,2,0,차대차 - 측면충돌,신호위반,젖음/습기,흐림,교차로 - 교차로안,이륜,남,22세,경상,승용,남,27세,경상
2020022800100255,2020년 2월 28일 16시,금요일,인천광역시 계양구 효성동,경상사고,0,0,1,0,차대차 - 측면충돌,교차로운행방법위반,건조,맑음,교차로 - 교차로안,승용,남,53세,상해없음,이륜,남,17세,경상
2020022800100256,2020년 2월 28일 16시,금요일,인천광역시 계양구 효성동,중상사고,0,1,0,0,차대사람 - 횡단중,신호위반,건조,맑음,교차로 - 교차로안,승용,남,65세,상해없음,보행자,여,43세,중상
2020022800100282,2020년 2월 28일 17시,금요일,인천광역시 서구 가정동,경상사고,0,0,1,0,차대사람 - 기타,안전운전불이행,젖음/습기,비,교차로 - 교차로부근,승용,여,64세,상해없음,보행자,남,70세,경상
2020022800100320,2020년 2월 28일 18시,금요일,인천광역시 중구 운남동,경상사고,0,0,2,0,차대차 - 추돌,안전거리미확보,젖음/습기,비,단일로 - 지하차도(도로)내,승용,여,62세,상해없음,승용,여,58세,경상
2020022800100321,2020년 2월 28일 18시,금요일,인천광역시 미추홀구 주안동,경상사고,0,0,1,0,차대차 - 측면충돌,안전운전불이행,젖음/습기,비,단일로 - 기타,승용,남,39세,상해없음,이륜,남,25세,경상
2020022800100322,2020년 2월 28일 18시,금요일,인천광역시 계양구 효성동,중상사고,0,1,0,0,차대사람 - 기타,안전운전불이행,젖음/습기,비,주차장 - 주차장,승용,여,44세,상해없음,보행자,여,65세,중상
2020022800100323,2020년 2월 28일 18시,금요일,인천광역시 남동구 남촌동,경상사고,0,0,1,0,차대차 - 측면충돌,안전운전불이행,젖음/습기,비,교차로 - 교차로안,화물,남,62세,상해없음,승용,여,33세,경상
2020022800100366,2020년 2월 28일 19시,금요일,인천광역시 서구 가정동,경상사고,0,0,1,0,차대차 - 측면충돌,안전운전불이행,젖음/습기,비,교차로 - 교차로부근,화물,남,62세,기타불명,승용,남,43세,경상
2020022800100367,2020년 2월 28일 19시,금요일,인천광역시 연수구 옥련동,경상사고,0,0,2,0,차대차 - 측면충돌,안전운전불이행,젖음/습기,흐림,교차로 - 교차로부근,승용,남,25세,상해없음,승용,남,24세,경상
2020022800100403,2020년 2월 28일 20시,금요일,인천광역시 연수구 옥련동,경상사고,0,0,2,0,차대차 - 추돌,안전운전불이행,건조,맑음,교차로 - 교차로부근,승용,남,58세,상해없음,승용,여,46세,경상
2020022800100424,2020년 2월 28일 21시,금요일,인천광역시 연수구 송도동,경상사고,0,0,1,0,차대차 - 추돌,안전운전불이행,젖음/습기,비,교차로 - 교차로부근,승용,남,39세,상해없음,승용,남,38세,상해없음
2020022800100445,2020년 2월 28일 22시,금요일,인천광역시 연수구 선학동,경상사고,0,0,2,0,차대차 - 추돌,안전운전불이행,젖음/습기,비,교차로 - 교차로부근,승용,남,53세,상해없음,승용,남,35세,경상
2020022900100018,2020년 2월 29일 00시,토요일,인천광역시 남동구 도림동,경상사고,0,0,2,0,차대차 - 추돌,안전운전불이행,젖음/습기,흐림,교차로 - 교차로부근,승용,여,27세,상해없음,승합,남,28세,경상
2020022900100034,2020년 2월 29일 01시,토요일,인천광역시 미추홀구 관교동,중상사고,0,1,0,0,차대차 - 측면충돌,중앙선침범,건조,맑음,단일로 - 기타,승용,남,35세,상해없음,이륜,남,36세,중상
2020022900100052,2020년 2월 29일 03시,토요일,인천광역시 남동구 간석동,경상사고,0,0,1,0,차대사람 - 횡단중,안전운전불이행,젖음/습기,비,교차로 - 교차로안,승용,남,63세,상해없음,보행자,남,28세,경상
2020022900100063,2020년 2월 29일 04시,토요일,인천광역시 연수구 동춘동,경상사고,0,0,1,0,차대차 - 측면충돌,신호위반,젖음/습기,흐림,교차로 - 교차로안,승용,남,25세,상해없음,승용,남,35세,경상
2020022900100069,2020년 2월 29일 05시,토요일,인천광역시 부평구 일신동,경상사고,0,0,1,0,차대차 - 측면충돌,안전운전불이행,기타,맑음,기타 - 기타,승용,남,25세,상해없음,승용,남,40세,경상
2020022900100106,2020년 2월 29일 09시,토요일,인천광역시 동구 송림동,경상사고,0,0,2,0,차대차 - 기타,차로위반,건조,맑음,교차로 - 교차로안,승용,남,53세,상해없음,승용,남,54세,경상
2020022900100107,2020년 2월 29일 09시,토요일,인천광역시 서구 공촌동,경상사고,0,0,1,0,차량단독 - 공작물충돌,안전운전불이행,건조,맑음,단일로 - 기타,승용,남,61세,경상,,,,
2020022900100186,2020년 2월 29일 13시,토요일,인천광역시 부평구 산곡동,경상사고,0,0,1,0,차대차 - 측면충돌,안전운전불이행,건조,맑음,단일로 - 지하차도(도로)내,승용,남,19세,상해없음,승합,남,59세,경상
2020022900100211,2020년 2월 29일 14시,토요일,인천광역시 부평구 부평동,경상사고,0,0,1,0,차대사람 - 기타,안전운전불이행,건조,맑음,단일로 - 지하차도(도로)내,승용,남,72세,상해없음,보행자,남,60세,경상
2020022900100239,2020년 2월 29일 15시,토요일,인천광역시 부평구 청천동,중상사고,0,1,0,0,차대차 - 정면충돌,안전운전불이행,건조,맑음,단일로 - 기타,승용,남,60세,상해없음,승용,남,56세,중상
2020022900100240,2020년 2월 29일 15시,토요일,인천광역시 서구 청라동,경상사고,0,0,1,0,차대차 - 추돌,안전운전불이행,건조,맑음,주차장 - 주차장,승용,여,61세,상해없음,승용,여,32세,경상
2020022900100263,2020년 2월 29일 16시,토요일,인천광역시 계양구 작전동,경상사고,0,0,2,0,차대차 - 추돌,안전운전불이행,건조,맑음,교차로 - 교차로안,승용,남,20세,상해없음,승용,남,50세,경상
2020022900100299,2020년 2월 29일 18시,토요일,인천광역시 중구 덕교동,경상사고,0,0,1,0,차대사람 - 차도통행중,안전운전불이행,건조,맑음,단일로 - 지하차도(도로)내,승용,남,41세,상해없음,보행자,남,34세,경상
2020022900100300,2020년 2월 29일 18시,토요일,인천광역시 미추홀구 학익동,경상사고,0,0,1,0,차대차 - 측면충돌,안전운전불이행,건조,기타,단일로 - 기타,승용,남,69세,기타불명,승용,남,27세,경상
2020022900100301,2020년 2월 29일 18시,토요일,인천광역시 서구 마전동,경상사고,0,0,1,0,차대사람 - 횡단중,안전운전불이행,건조,맑음,교차로 - 교차로부근,승용,여,48세,상해없음,보행자,남,53세,경상
2020022900100347,2020년 2월 29일 20시,토요일,인천광역시 미추홀구 주안동,경상사고,0,0,1,0,차대차 - 측면충돌,안전운전불이행,젖음/습기,비,교차로 - 교차로안,승용,여,29세,기타불명,승용,여,23세,경상
2020022900100348,2020년 2월 29일 20시,토요일,인천광역시 부평구 산곡동,중상사고,0,1,0,0,차대사람 - 기타,안전운전불이행,건조,맑음,교차로 - 교차로안,승용,남,29세,상해없음,보행자,남,40세,중상
2020022900100349,2020년 2월 29일 20시,토요일,인천광역시 남동구 간석동,경상사고,0,0,1,0,차대차 - 측면충돌,안전운전불이행,건조,맑음,단일로 - 기타,기타불명,기타불명,미분류,기타불명,승합,남,55세,상해없음
2020022900100364,2020년 2월 29일 21시,토요일,인천광역시 강화군 강화읍,경상사고,0,0,1,0,차대사람 - 길가장자리구역통행중,안전운전불이행,건조,흐림,단일로 - 지하차도(도로)내,화물,남,59세,상해없음,보행자,남,42세,경상
2020022900100365,2020년 2월 29일 21시,토요일,인천광역시 부평구 부평동,경상사고,0,0,1,0,차대차 - 추돌,안전운전불이행,건조,맑음,단일로 - 기타,승용,남,32세,상해없음,이륜,남,26세,상해없음
2020022900100390,2020년 2월 29일 22시,토요일,인천광역시 부평구 부평동,중상사고,0,1,0,0,차대차 - 측면충돌,안전운전불이행,건조,맑음,교차로 - 교차로부근,승용,남,51세,상해없음,승용,남,52세,중상
2020022900100407,2020년 2월 29일 23시,토요일,인천광역시 서구 청라동,경상사고,0,0,1,0,차대차 - 기타,안전운전불이행,건조,맑음,교차로 - 교차로안,승용,여,25세,상해없음,이륜,남,40세,경상
2020030100100010,2020년 3월 1일 00시,일요일,인천광역시 계양구 작전동,경상사고,0,0,1,0,차대사람 - 길가장자리구역통행중,안전운전불이행,건조,맑음,단일로 - 기타,승용,남,30세,상해없음,보행자,남,25세,경상
2020030100100051,2020년 3월 1일 06시,일요일,인천광역시 계양구 병방동,경상사고,0,0,3,0,차대차 - 추돌,안전운전불이행,건조,맑음,교차로 - 교차로안,승용,남,24세,상해없음,승용,남,64세,경상
2020030100100069,2020년 3월 1일 10시,일요일,인천광역시 부평구 산곡동,경상사고,0,0,3,0,차대차 - 측면충돌,차로위반,건조,맑음,단일로 - 기타,승용,여,38세,상해없음,승용,남,22세,경상
2020030100100070,2020년 3월 1일 10시,일요일,인천광역시 남동구 간석동,경상사고,0,0,1,0,차대차 - 기타,안전운전불이행,건조,맑음,단일로 - 기타,승용,남,52세,상해없음,승용,여,43세,경상
2020030100100102,2020년 3월 1일 12시,일요일,인천광역시 중구 운서동,경상사고,0,0,2,0,차대차 - 측면충돌,안전운전불이행,건조,맑음,단일로 - 기타,이륜,남,25세,경상,승용,남,45세,경상
2020030100100123,2020년 3월 1일 13시,일요일,인천광역시 남동구 만수동,부상신고사고,0,0,0,1,차량단독 - 전도전복 - 전도,안전운전불이행,건조,맑음,교차로 - 교차로부근,이륜,남,42세,부상신고,,,,
2020030100100139,2020년 3월 1일 14시,일요일,인천광역시 중구 인현동,경상사고,0,0,2,0,차대차 - 추돌,안전운전불이행,건조,맑음,단일로 - 지하차도(도로)내,승용,남,39세,상해없음,승용,남,56세,경상
2020030100100140,2020년 3월 1일 14시,일요일,인천광역시 서구 가좌동,경상사고,0,0,1,0,차대차 - 후진중충돌,안전운전불이행,건조,맑음,단일로 - 기타,승용,남,56세,상해없음,승용,남,22세,경상
2020030100100159,2020년 3월 1일 15시,일요일,인천광역시 부평구 일신동,경상사고,0,0,1,0,차대차 - 측면충돌,안전거리미확보,건조,맑음,단일로 - 기타,승합,남,64세,상해없음,승용,남,23세,경상
2020030100100178,2020년 3월 1일 16시,일요일,인천광역시 계양구 작전동,경상사고,0,0,1,0,차대차 - 측면충돌,차로위반,건조,맑음,단일로 - 기타,이륜,남,31세,상해없음,승용,여,47세,경상
2020030100100229,2020년 3월 1일 19시,일요일,인천광역시 서구 시천동,부상신고사고,0,0,0,1,차대사람 - 보도통행중,안전운전불이행,건조,맑음,기타 - 기타,자전거,남,32세,상해없음,보행자,여,50세,부상신고
2020030100100230,2020년 3월 1일 19시,일요일,인천광역시 계양구 작전동,경상사고,0,0,1,0,차대사람 - 횡단중,안전운전불이행,건조,맑음,교차로 - 교차로부근,승용,남,80세,상해없음,보행자,남,85세,경상
2020030100100231,2020년 3월 1일 19시,일요일,인천광역시 부평구 부평동,경상사고,0,0,1,0,차대사람 - 길가장자리구역통행중,안전운전불이행,건조,맑음,단일로 - 기타,승용,남,34세,상해없음,보행자,남,24세,경상
2020030100100253,2020년 3월 1일 20시,일요일,인천광역시 부평구 십정동,경상사고,0,0,1,0,차대차 - 측면충돌,교차로운행방법위반,건조,흐림,교차로 - 교차로안,승합,남,32세,상해없음,승용,남,38세,경상
2020030100100263,2020년 3월 1일 21시,일요일,인천광역시 부평구 삼산동,경상사고,0,0,1,0,차대차 - 측면충돌,불법유턴,건조,맑음,단일로 - 기타,승용,남,55세,상해없음,원동기,남,41세,경상
2020030100100278,2020년 3월 1일 22시,일요일,인천광역시 강화군 하점면,중상사고,0,1,1,0,차량단독 - 전도전복 - 전복,안전운전불이행,젖음/습기,비,단일로 - 기타,승용,남,33세,상해없음,,,,
2020030100100279,2020년 3월 1일 22시,일요일,인천광역시 남동구 도림동,경상사고,0,0,1,0,차대사람 - 기타,안전운전불이행,건조,맑음,단일로 - 기타,승용,남,28세,상해없음,보행자,남,61세,경상
2020030100100280,2020년 3월 1일 22시,일요일,인천광역시 남동구 만수동,부상신고사고,0,0,0,1,차대사람 - 기타,안전운전불이행,건조,맑음,기타 - 기타,승용,남,42세,상해없음,보행자,여,25세,부상신고
2020030200100004,2020년 3월 2일 00시,월요일,인천광역시 남동구 간석동,경상사고,0,0,1,0,차대차 - 정면충돌,중앙선침범,건조,맑음,단일로 - 기타,승용,남,37세,상해없음,승용,남,26세,경상
2020030200100005,2020년 3월 2일 00시,월요일,인천광역시 계양구 효성동,경상사고,0,0,1,0,차대사람 - 기타,안전운전불이행,건조,맑음,교차로 - 교차로부근,기타불명,기타불명,미분류,기타불명,보행자,남,34세,경상
2020030200100013,2020년 3월 2일 01시,월요일,인천광역시 동구 송림동,경상사고,0,0,2,0,차대차 - 측면충돌,신호위반,건조,맑음,교차로 - 교차로안,승용,남,49세,상해없음,승용,남,53세,경상
2020030200100014,2020년 3월 2일 01시,월요일,인천광역시 미추홀구 주안동,경상사고,0,0,1,0,차대차 - 기타,안전운전불이행,건조,맑음,교차로 - 교차로안,승용,남,66세,상해없음,승용,남,42세,경상
2020030200100016,2020년 3월 2일 02시,월요일,인천광역시 부평구 부평동,경상사고,0,0,1,0,차대사람 - 횡단중,안전운전불이행,건조,맑음,단일로 - 기타,승용,남,31세,상해없음,보행자,남,23세,경상
2020030200100017,2020년 3월 2일 02시,월요일,인천광역시 서구 검암동,사망사고,1,0,0,0,차대사람 - 기타,안전운전불이행,건조,맑음,단일로 - 기타,화물,남,29세,상해없음,보행자,남,28세,사망
2020030200100036,2020년 3월 2일 05시,월요일,인천광역시 서구 청라동,중상사고,0,1,0,0,차대차 - 측면충돌,신호위반,건조,맑음,교차로 - 교차로안,화물,남,44세,상해없음,승용,남,40세,중상
2020030200100087,2020년 3월 2일 08시,월요일,인천광역시 서구 경서동,경상사고,0,0,1,0,차대차 - 정면충돌,신호위반,건조,맑음,교차로 - 교차로안,승용,남,53세,상해없음,승용,남,45세,경상
2020030200100088,2020년 3월 2일 08시,월요일,인천광역시 연수구 옥련동,경상사고,0,0,1,0,차대차 - 추돌,안전운전불이행,건조,맑음,교차로 - 교차로부근,승용,남,25세,상해없음,승용,남,32세,경상
2020030200100107,2020년 3월 2일 09시,월요일,인천광역시 계양구 오류동,중상사고,0,1,0,0,차대차 - 추돌,안전운전불이행,건조,맑음,단일로 - 기타,승용,남,45세,상해없음,승용,남,37세,중상
2020030200100108,2020년 3월 2일 09시,월요일,인천광역시 계양구 장기동,경상사고,0,0,1,0,차대사람 - 횡단중,보행자보호의무위반,건조,맑음,교차로 - 교차로횡단보도내,승용,남,74세,상해없음,보행자,남,35세,경상
2020030200100187,2020년 3월 2일 12시,월요일,인천광역시 미추홀구 학익동,경상사고,0,0,1,0,차대사람 - 횡단중,보행자보호의무위반,건조,맑음,교차로 - 교차로부근,승용,남,50세,상해없음,보행자,남,54세,경상
2020030200100242,2020년 3월 2일 14시,월요일,인천광역시 계양구 방축동,중상사고,0,1,0,0,차대차 - 측면충돌,안전운전불이행,건조,맑음,교차로 - 교차로안,화물,남,62세,상해없음,이륜,남,29세,중상
2020030200100263,2020년 3월 2일 15시,월요일,인천광역시 계양구 상야동,경상사고,0,0,4,0,차대차 - 추돌,안전운전불이행,건조,맑음,단일로 - 기타,건설기계,남,60세,기타불명,승용,남,21세,경상
2020030200100319,2020년 3월 2일 17시,월요일,인천광역시 서구 당하동,경상사고,0,0,1,0,차대사람 - 횡단중,보행자보호의무위반,건조,맑음,교차로 - 교차로횡단보도내,승용,여,41세,상해없음,보행자,남,10세,경상
2020030200100353,2020년 3월 2일 18시,월요일,인천광역시 서구 검암동,중상사고,0,1,0,0,차대차 - 추돌,과속,건조,맑음,단일로 - 기타,승용,남,59세,상해없음,승용,남,49세,중상
2020030200100405,2020년 3월 2일 20시,월요일,인천광역시 서구 마전동,경상사고,0,0,1,0,차대차 - 측면충돌,안전운전불이행,건조,맑음,교차로 - 교차로안,승용,남,56세,상해없음,승용,남,44세,경상
2020030200100432,2020년 3월 2일 21시,월요일,인천광역시 서구 신현동,중상사고,0,1,0,0,차대사람 - 기타,안전운전불이행,건조,맑음,단일로 - 기타,승용,남,58세,상해없음,보행자,여,54세,중상
2020030200100452,2020년 3월 2일 23시,월요일,인천광역시 동구 화평동,경상사고,0,0,1,0,차대사람 - 횡단중,보행자보호의무위반,건조,맑음,교차로 - 교차로횡단보도내,화물,남,70세,상해없음,보행자,남,46세,경상
2020030200100453,2020년 3월 2일 23시,월요일,인천광역시 서구 불로동,경상사고,0,0,2,0,차대차 - 측면충돌,안전운전불이행,건조,맑음,단일로 - 기타,승용,남,26세,상해없음,승용,여,23세,경상
2020030300100022,2020년 3월 3일 02시,화요일,인천광역시 남동구 구월동,중상사고,0,1,0,0,차대차 - 측면충돌,신호위반,건조,흐림,교차로 - 교차로안,승용,여,21세,상해없음,화물,남,45세,중상
2020030300100028,2020년 3월 3일 03시,화요일,인천광역시 서구 마전동,중상사고,0,1,0,0,차대사람 - 횡단중,안전운전불이행,건조,맑음,단일로 - 기타,승용,남,18세,상해없음,보행자,남,33세,중상
2020030300100031,2020년 3월 3일 04시,화요일,인천광역시 부평구 십정동,중상사고,0,1,0,0,차대차 - 추돌,안전운전불이행,건조,맑음,교차로 - 교차로부근,승용,남,33세,상해없음,승용,여,41세,중상
2020030300100053,2020년 3월 3일 06시,화요일,인천광역시 미추홀구 용현동,경상사고,0,0,2,0,차대차 - 측면충돌,신호위반,건조,맑음,교차로 - 교차로안,건설기계,남,31세,상해없음,승용,남,28세,경상
2020030300100055,2020년 3월 3일 06시,화요일,인천광역시 부평구 일신동,경상사고,0,0,2,0,차대차 - 추돌,안전거리미확보,건조,맑음,단일로 - 기타,승용,남,67세,상해없음,화물,남,29세,경상
2020030300100091,2020년 3월 3일 08시,화요일,인천광역시 미추홀구 주안동,부상신고사고,0,0,0,2,차대차 - 측면충돌,안전운전불이행,건조,맑음,단일로 - 기타,승용,남,28세,상해없음,승용,남,40세,부상신고
2020030300100110,2020년 3월 3일 09시,화요일,인천광역시 부평구 갈산동,경상사고,0,0,1,0,차대차 - 측면충돌,안전운전불이행,건조,흐림,교차로 - 교차로안,승용,여,49세,상해없음,승용,남,60세,경상
2020030300100133,2020년 3월 3일 10시,화요일,인천광역시 서구 가좌동,경상사고,0,0,1,0,차대차 - 기타,안전운전불이행,건조,맑음,단일로 - 기타,건설기계,남,64세,상해없음,승용,남,65세,경상
2020030300100134,2020년 3월 3일 10시,화요일,인천광역시 부평구 부평동,중상사고,0,1,0,0,차대사람 - 횡단중,안전운전불이행,건조,맑음,단일로 - 기타,승합,남,57세,상해없음,보행자,여,81세,중상
2020030300100156,2020년 3월 3일 11시,화요일,인천광역시 미추홀구 용현동,경상사고,0,0,1,0,차대차 - 추돌,안전운전불이행,건조,맑음,단일로 - 기타,승용,남,23세,상해없음,화물,남,67세,경상
2020030300100217,2020년 3월 3일 14시,화요일,인천광역시 연수구 동춘동,경상사고,0,0,1,0,차대차 - 측면충돌,불법유턴,건조,맑음,단일로 - 기타,화물,남,34세,상해없음,자전거,남,65세,경상
2020030300100236,2020년 3월 3일 15시,화요일,인천광역시 동구 송현동,경상사고,0,0,1,0,차대사람 - 횡단중,안전운전불이행,건조,맑음,교차로 - 교차로부근,승용,남,50세,상해없음,보행자,남,5세,경상
2020030300100237,2020년 3월 3일 15시,화요일,인천광역시 서구 연희동,경상사고,0,0,1,0,차대차 - 후진중충돌,안전운전불이행,건조,맑음,교차로 - 교차로부근,승용,여,59세,상해없음,승용,여,48세,경상
2020030300100253,2020년 3월 3일 16시,화요일,인천광역시 서구 당하동,경상사고,0,0,1,0,차대차 - 기타,안전운전불이행,건조,맑음,단일로 - 기타,화물,남,48세,상해없음,승용,여,58세,경상
2020030300100328,2020년 3월 3일 19시,화요일,인천광역시 중구 운서동,중상사고,0,2,0,0,차대사람 - 기타,안전운전불이행,건조,맑음,단일로 - 기타,이륜,남,24세,중상,보행자,남,60세,중상
2020030300100375,2020년 3월 3일 21시,화요일,인천광역시 서구 검암동,경상사고,0,0,1,0,차대차 - 추돌,안전운전불이행,건조,맑음,단일로 - 기타,승용,여,39세,상해없음,승용,남,32세,경상
2020030300100410,2020년 3월 3일 23시,화요일,인천광역시 미추홀구 주안동,경상사고,0,0,1,0,차대사람 - 보도통행중,안전운전불이행,건조,맑음,기타 - 기타,기타불명,기타불명,미분류,기타불명,보행자,남,50세,경상
2020030400100023,2020년 3월 4일 02시,수요일,인천광역시 미추홀구 주안동,중상사고,0,1,0,0,차대사람 - 횡단중,안전운전불이행,건조,맑음,교차로 - 교차로안,승용,남,34세,상해없음,보행자,여,45세,중상
2020030400100035,2020년 3월 4일 05시,수요일,인천광역시 미추홀구 주안동,중상사고,0,1,0,0,차대차 - 측면충돌,신호위반,건조,맑음,교차로 - 교차로안,승용,남,62세,기타불명,승용,남,56세,중상
2020030400100075,2020년 3월 4일 08시,수요일,인천광역시 부평구 부평동,경상사고,0,0,1,0,차대차 - 측면충돌,안전운전불이행,건조,맑음,단일로 - 기타,승용,남,38세,상해없음,승용,남,39세,경상
2020030400100133,2020년 3월 4일 11시,수요일,인천광역시 부평구 십정동,중상사고,0,1,0,0,차대사람 - 횡단중,보행자보호의무위반,건조,맑음,단일로 - 기타,승용,남,37세,상해없음,보행자,여,82세,중상
2020030400100159,2020년 3월 4일 12시,수요일,인천광역시 남동구 구월동,경상사고,0,0,1,0,차대차 - 측면충돌,교차로운행방법위반,건조,맑음,교차로 - 교차로안,승용,남,60세,상해없음,화물,남,32세,경상
2020030400100180,2020년 3월 4일 13시,수요일,인천광역시 미추홀구 주안동,경상사고,0,0,3,0,차대차 - 정면충돌,신호위반,건조,맑음,교차로 - 교차로안,승용,여,49세,상해없음,승용,여,52세,경상
2020030400100252,2020년 3월 4일 16시,수요일,인천광역시 서구 청라동,경상사고,0,0,1,0,차대사람 - 기타,안전운전불이행,건조,맑음,단일로 - 기타,승용,여,18세,상해없음,보행자,여,25세,경상