사고번호,사고일시,요일,시군구,사고내용,사망자수,중상자수,경상자수,부상신고자수,사고유형,법규위반,노면상태,기상상태,도로형태,가해운전자 차종,가해운전자 성별,가해운전자 연령,가해운전자 상해정도,피해운전자 차종,피해운전자 성별,피해운전자 연령,피해운전자 상해정도
2020030400100253,2020년 3월 4일 16시,수요일,인천광역시 계양구 장기동,경상사고,0,0,2,0,차대차 - 측면충돌,직진우회전진행방해,건조,맑음,교차로 - 교차로안,승용,여,59세,기타불명,승용,여,40세,경상
2020030400100285,2020년 3월 4일 17시,수요일,인천광역시 서구 왕길동,경상사고,0,0,2,0,차대차 - 추돌,안전운전불이행,건조,맑음,교차로 - 교차로안,승용,남,70세,상해없음,승용,여,53세,경상
2020030400100403,2020년 3월 4일 21시,수요일,인천광역시 부평구 십정동,경상사고,0,0,1,0,차대차 - 추돌,안전운전불이행,건조,맑음,교차로 - 교차로부근,화물,남,46세,상해없음,승용,남,40세,경상
2020030400100430,2020년 3월 4일 22시,수요일,인천광역시 남동구 간석동,경상사고,0,0,1,0,차대차 - 측면충돌,안전거리미확보,건조,맑음,단일로 - 기타,승용,남,22세,상해없음,승용,남,45세,경상
2020030500100032,2020년 3월 5일 03시,목요일,인천광역시 미추홀구 주안동,경상사고,0,0,1,0,차대차 - 측면충돌,안전운전불이행,건조,맑음,교차로 - 교차로부근,승용,남,23세,상해없음,승용,남,58세,경상
2020030500100077,2020년 3월 5일 07시,목요일,인천광역시 서구 당하동,경상사고,0,0,1,0,차대차 - 측면충돌,신호위반,건조,맑음,교차로 - 교차로안,승합,남,36세,상해없음,승용,남,49세,경상
2020030500100078,2020년 3월 5일 07시,목요일,인천광역시 남동구 고잔동,경상사고,0,0,1,0,차대차 - 측면충돌,교차로운행방법위반,건조,맑음,교차로 - 교차로안,승용,여,46세,상해없음,승용,남,35세,경상
2020030500100108,2020년 3월 5일 08시,목요일,인천광역시 미추홀구 주안동,경상사고,0,0,1,0,차대차 - 추돌,안전운전불이행,건조,맑음,단일로 - 기타,승용,여,36세,상해없음,승용,여,53세,경상
2020030500100109,2020년 3월 5일 08시,목요일,인천광역시 계양구 서운동,경상사고,0,0,1,0,차대사람 - 기타,안전운전불이행,건조,맑음,기타 - 기타,승용,남,43세,상해없음,보행자,여,19세,경상
2020030500100110,2020년 3월 5일 08시,목요일,인천광역시 부평구 갈산동,경상사고,0,0,1,0,차대차 - 측면충돌,교차로운행방법위반,건조,맑음,교차로 - 교차로안,화물,남,42세,상해없음,승용,남,37세,경상
2020030500100131,2020년 3월 5일 09시,목요일,인천광역시 부평구 산곡동,경상사고,0,0,2,0,차대차 - 기타,안전거리미확보,건조,맑음,교차로 - 교차로안,승용,남,37세,기타불명,승용,남,56세,경상
2020030500100177,2020년 3월 5일 11시,목요일,인천광역시 미추홀구 주안동,경상사고,0,0,1,0,차대차 - 측면충돌,안전운전불이행,건조,맑음,교차로 - 교차로부근,승용,남,66세,상해없음,승용,여,47세,경상
2020030500100200,2020년 3월 5일 12시,목요일,인천광역시 연수구 연수동,경상사고,0,0,1,0,차대차 - 측면충돌,안전운전불이행,건조,맑음,교차로 - 교차로안,승합,남,65세,상해없음,이륜,남,43세,경상
2020030500100275,2020년 3월 5일 15시,목요일,인천광역시 미추홀구 도화동,중상사고,0,2,0,0,차량단독 - 공작물충돌,안전운전불이행,건조,맑음,교차로 - 교차로안,승용,남,66세,중상,,,,
2020030500100276,2020년 3월 5일 15시,목요일,인천광역시 미추홀구 학익동,경상사고,0,0,1,0,차대차 - 측면충돌,안전운전불이행,건조,맑음,교차로 - 교차로안,승용,남,49세,상해없음,이륜,남,18세,경상
2020030500100321,2020년 3월 5일 17시,목요일,인천광역시 서구 가정동,중상사고,0,1,2,0,차대차 - 추돌,안전운전불이행,건조,맑음,단일로 - 기타,승용,남,27세,상해없음,화물,남,63세,중상
2020030500100367,2020년 3월 5일 18시,목요일,인천광역시 부평구 부평동,경상사고,0,0,1,0,차대차 - 측면충돌,신호위반,건조,맑음,단일로 - 지하차도(도로)내,승용,남,29세,상해없음,원동기,남,43세,경상
2020030500100434,2020년 3월 5일 20시,목요일,인천광역시 서구 가정동,중상사고,0,1,3,0,차대차 - 측면충돌,신호위반,건조,맑음,교차로 - 교차로안,승용,남,58세,경상,승용,여,58세,중상
2020030500100482,2020년 3월 5일 22시,목요일,인천광역시 연수구 연수동,경상사고,0,0,1,0,차대차 - 측면충돌,교차로운행방법위반,건조,맑음,교차로 - 교차로안,승용,남,59세,상해없음,원동기,남,29세,경상
2020030500100500,2020년 3월 5일 23시,목요일,인천광역시 미추홀구 용현동,중상사고,0,1,0,0,차대사람 - 횡단중,안전운전불이행,건조,맑음,단일로 - 기타,승용,남,60세,상해없음,보행자,남,25세,중상
2020030500100501,2020년 3월 5일 23시,목요일,인천광역시 서구 심곡동,중상사고,0,1,0,0,차대차 - 정면충돌,신호위반,건조,맑음,교차로 - 교차로안,승용,여,68세,상해없음,자전거,남,44세,중상
2020030600100011,2020년 3월 6일 00시,금요일,인천광역시 계양구 계산동,경상사고,0,0,3,0,차대차 - 추돌,안전운전불이행,건조,맑음,단일로 - 기타,승용,남,52세,상해없음,승용,남,29세,경상
2020030600100023,2020년 3월 6일 01시,금요일,인천광역시 미추홀구 주안동,경상사고,0,0,1,0,차대차 - 정면충돌,안전운전불이행,건조,맑음,단일로 - 기타,승용,남,29세,상해없음,이륜,남,45세,경상
2020030600100024,2020년 3월 6일 01시,금요일,인천광역시 남동구 논현동,경상사고,0,0,1,1,차대차 - 측면충돌,신호위반,건조,맑음,교차로 - 교차로안,이륜,남,20세,부상신고,승용,남,64세,경상
2020030600100051,2020년 3월 6일 05시,금요일,인천광역시 강화군 강화읍,경상사고,0,0,1,0,차대차 - 측면충돌,신호위반,건조,맑음,교차로 - 교차로안,화물,남,68세,상해없음,승용,남,49세,경상
2020030600100168,2020년 3월 6일 10시,금요일,인천광역시 동구 송림동,경상사고,0,0,2,0,차대차 - 정면충돌,신호위반,건조,맑음,교차로 - 교차로안,승용,여,47세,경상,화물,남,52세,경상
2020030600100169,2020년 3월 6일 10시,금요일,인천광역시 남동구 간석동,경상사고,0,0,1,0,차대차 - 측면충돌,교차로운행방법위반,건조,맑음,교차로 - 교차로안,승용,남,61세,상해없음,승용,여,43세,경상
2020030600100170,2020년 3월 6일 10시,금요일,인천광역시 서구 원창동,경상사고,0,0,1,0,차대차 - 후진중충돌,안전운전불이행,건조,맑음,단일로 - 기타,특수,남,51세,상해없음,승용,남,63세,경상
2020030600100171,2020년 3월 6일 10시,금요일,인천광역시 서구 불로동,중상사고,0,1,0,0,차대차 - 정면충돌,중앙선침범,건조,맑음,단일로 - 기타,승용,여,59세,상해없음,화물,남,72세,중상
2020030600100194,2020년 3월 6일 11시,금요일,인천광역시 부평구 부평동,경상사고,0,0,1,0,차대차 - 추돌,안전운전불이행,건조,맑음,교차로 - 교차로부근,화물,남,56세,상해없음,승용,남,44세,경상
2020030600100195,2020년 3월 6일 11시,금요일,인천광역시 남동구 구월동,중상사고,0,1,0,0,차대사람 - 길가장자리구역통행중,안전운전불이행,건조,맑음,단일로 - 기타,화물,남,50세,상해없음,보행자,여,62세,중상
2020030600100226,2020년 3월 6일 12시,금요일,인천광역시 미추홀구 도화동,경상사고,0,0,1,0,차대차 - 추돌,안전운전불이행,건조,맑음,교차로 - 교차로안,승용,남,27세,상해없음,승용,남,31세,경상
2020030600100283,2020년 3월 6일 14시,금요일,인천광역시 남동구 간석동,경상사고,0,0,1,0,차대차 - 측면충돌,안전운전불이행,건조,맑음,교차로 - 교차로안,이륜,남,18세,상해없음,승합,남,62세,경상
2020030600100404,2020년 3월 6일 17시,금요일,인천광역시 중구 을왕동,부상신고사고,0,0,0,1,차대사람 - 기타,안전운전불이행,건조,맑음,단일로 - 기타,승용,남,32세,기타불명,보행자,남,25세,부상신고
2020030600100447,2020년 3월 6일 18시,금요일,인천광역시 서구 청라동,경상사고,0,0,1,0,차대차 - 추돌,안전운전불이행,건조,맑음,교차로 - 교차로부근,승용,남,34세,상해없음,승용,여,35세,경상
2020030600100481,2020년 3월 6일 19시,금요일,인천광역시 남동구 구월동,경상사고,0,0,1,0,차대차 - 측면충돌,교차로운행방법위반,건조,흐림,교차로 - 교차로안,이륜,남,33세,상해없음,승용,남,43세,경상
2020030600100482,2020년 3월 6일 19시,금요일,인천광역시 계양구 작전동,경상사고,0,0,1,0,차대차 - 측면충돌,신호위반,건조,맑음,교차로 - 교차로안,승용,남,61세,상해없음,이륜,남,19세,경상
2020030600100511,2020년 3월 6일 20시,금요일,인천광역시 계양구 계산동,경상사고,0,0,1,0,차대사람 - 횡단중,보행자보호의무위반,건조,맑음,단일로 - 기타,승용,여,37세,상해없음,보행자,남,12세,경상
2020030600100540,2020년 3월 6일 21시,금요일,인천광역시 서구 청라동,중상사고,0,1,0,0,차대사람 - 횡단중,신호위반,건조,맑음,교차로 - 교차로안,이륜,남,18세,상해없음,보행자,여,21세,중상
2020030600100579,2020년 3월 6일 23시,금요일,인천광역시 중구 운남동,중상사고,0,1,0,0,차대사람 - 횡단중,보행자보호의무위반,건조,맑음,교차로 - 교차로안,승용,남,31세,상해없음,보행자,여,34세,중상
2020030700100008,2020년 3월 7일 00시,토요일,인천광역시 남동구 논현동,부상신고사고,0,0,0,1,차대사람 - 횡단중,신호위반,건조,맑음,교차로 - 교차로횡단보도내,승용,남,28세,상해없음,보행자,남,37세,부상신고
2020030700100020,2020년 3월 7일 01시,토요일,인천광역시 미추홀구 도화동,경상사고,0,0,1,0,차대차 - 기타,안전운전불이행,건조,기타,교차로 - 교차로부근,기타불명,기타불명,미분류,기타불명,승용,여,36세,상해없음
2020030700100021,2020년 3월 7일 01시,토요일,인천광역시 미추홀구 도화동,경상사고,0,0,1,0,차대차 - 추돌,안전운전불이행,건조,맑음,교차로 - 교차로안,승용,남,24세,상해없음,이륜,남,35세,경상
2020030700100041,2020년 3월 7일 03시,토요일,인천광역시 계양구 작전동,경상사고,0,0,2,0,차대차 - 정면충돌,신호위반,건조,맑음,교차로 - 교차로안,승용,남,47세,상해없음,승용,남,40세,경상
2020030700100124,2020년 3월 7일 10시,토요일,인천광역시 동구 송림동,경상사고,0,0,1,0,차대차 - 정면충돌,신호위반,건조,맑음,교차로 - 교차로안,화물,남,66세,상해없음,승용,남,64세,경상
2020030700100227,2020년 3월 7일 14시,토요일,인천광역시 동구 송림동,중상사고,0,1,0,0,차대사람 - 차도통행중,안전운전불이행,건조,맑음,교차로 - 교차로부근,이륜,남,25세,상해없음,보행자,여,11세,중상
2020030700100250,2020년 3월 7일 15시,토요일,인천광역시 계양구 귤현동,경상사고,0,0,1,0,차대차 - 추돌,안전운전불이행,건조,맑음,단일로 - 기타,기타불명,기타불명,미분류,기타불명,자전거,여,60세,경상
2020030700100276,2020년 3월 7일 16시,토요일,인천광역시 남동구 만수동,경상사고,0,0,1,0,차대차 - 후진중충돌,안전운전불이행,건조,맑음,단일로 - 기타,승용,남,40세,상해없음,승용,여,54세,경상
2020030700100297,2020년 3월 7일 17시,토요일,인천광역시 남동구 논현동,경상사고,0,0,2,0,차대차 - 기타,교차로운행방법위반,건조,맑음,교차로 - 교차로부근,승용,남,60세,상해없음,화물,남,40세,경상
2020030700100324,2020년 3월 7일 18시,토요일,인천광역시 부평구 부평동,경상사고,0,0,1,0,차대사람 - 횡단중,안전운전불이행,건조,맑음,단일로 - 기타,승용,남,47세,상해없음,보행자,남,15세,경상
2020030700100325,2020년 3월 7일 18시,토요일,인천광역시 연수구 연수동,중상사고,0,1,0,0,차대차 - 기타,안전운전불이행,건조,맑음,교차로 - 교차로안,원동기,남,40세,상해없음,원동기,남,45세,중상
2020030700100357,2020년 3월 7일 19시,토요일,인천광역시 미추홀구 용현동,경상사고,0,0,1,0,차대차 - 추돌,안전운전불이행,건조,맑음,단일로 - 기타,이륜,남,28세,상해없음,승용,여,58세,경상
2020030700100383,2020년 3월 7일 20시,토요일,인천광역시 부평구 부평동,경상사고,0,0,1,0,차대사람 - 횡단중,중앙선침범,건조,맑음,단일로 - 기타,화물,남,50세,상해없음,보행자,여,20세,경상
2020030700100384,2020년 3월 7일 20시,토요일,인천광역시 서구 경서동,경상사고,0,0,1,0,차대사람 - 횡단중,안전운전불이행,건조,맑음,교차로 - 교차로부근,화물,남,65세,상해없음,보행자,남,15세,경상
2020030700100385,2020년 3월 7일 20시,토요일,인천광역시 남동구 장수동,중상사고,0,1,0,0,차대차 - 측면충돌,안전운전불이행,건조,맑음,교차로 - 교차로횡단보도내,승용,남,25세,상해없음,자전거,남,55세,중상
2020030700100405,2020년 3월 7일 21시,토요일,인천광역시 미추홀구 주안동,경상사고,0,0,1,0,차대차 - 측면충돌,안전운전불이행,건조,맑음,교차로 - 교차로부근,승용,남,57세,상해없음,승용,남,31세,경상
2020030700100426,2020년 3월 7일 22시,토요일,인천광역시 부평구 산곡동,중상사고,0,1,0,0,차대차 - 정면충돌,중앙선침범,건조,맑음,교차로 - 교차로부근,특수,남,33세,상해없음,이륜,남,18세,중상
2020030700100436,2020년 3월 7일 23시,토요일,인천광역시 미추홀구 용현동,경상사고,0,0,1,0,차대사람 - 기타,안전운전불이행,건조,맑음,단일로 - 기타,승용,남,21세,상해없음,보행자,남,22세,경상
2020030800100031,2020년 3월 8일 02시,일요일,인천광역시 미추홀구 도화동,부상신고사고,0,0,0,1,차대사람 - 기타,안전운전불이행,건조,맑음,단일로 - 기타,기타불명,기타불명,미분류,기타불명,보행자,남,53세,부상신고
2020030800100076,2020년 3월 8일 08시,일요일,인천광역시 남동구 만수동,경상사고,0,0,2,0,차대차 - 측면충돌,안전운전불이행,건조,맑음,단일로 - 기타,승용,남,40세,상해없음,승용,남,51세,경상
2020030800100109,2020년 3월 8일 10시,일요일,인천광역시 남동구 구월동,경상사고,0,0,1,0,차대차 - 기타,안전운전불이행,건조,맑음,교차로 - 교차로부근,승용,남,59세,상해없음,자전거,여,49세,경상
2020030800100123,2020년 3월 8일 11시,일요일,인천광역시 서구 가정동,경상사고,0,0,2,0,차대사람 - 횡단중,안전운전불이행,건조,맑음,단일로 - 기타,이륜,남,51세,상해없음,보행자,남,19세,경상
2020030800100232,2020년 3월 8일 16시,일요일,인천광역시 부평구 부평동,경상사고,0,0,1,0,차대차 - 측면충돌,안전운전불이행,건조,맑음,교차로 - 교차로부근,승용,남,59세,상해없음,승용,남,24세,경상
2020030800100233,2020년 3월 8일 16시,일요일,인천광역시 강화군 길상면,경상사고,0,0,1,0,차대차 - 기타,중앙선침범,건조,맑음,단일로 - 기타,이륜,남,38세,상해없음,승용,남,28세,상해없음
2020030800100266,2020년 3월 8일 17시,일요일,인천광역시 연수구 송도동,중상사고,0,2,1,0,차대차 - 추돌,안전운전불이행,건조,맑음,단일로 - 기타,승용,남,76세,상해없음,승용,여,42세,중상
2020030800100288,2020년 3월 8일 18시,일요일,인천광역시 계양구 작전동,경상사고,0,0,1,0,차대차 - 측면충돌,안전운전불이행,건조,맑음,단일로 - 기타,승용,남,43세,상해없음,이륜,남,18세,경상
2020030800100313,2020년 3월 8일 19시,일요일,인천광역시 옹진군 영흥면,중상사고,0,1,1,0,차대차 - 기타,안전운전불이행,건조,맑음,단일로 - 기타,승용,여,55세,상해없음,승용,여,60세,경상
2020030800100336,2020년 3월 8일 20시,일요일,인천광역시 남동구 구월동,중상사고,0,2,1,0,차대차 - 측면충돌,신호위반,건조,맑음,교차로 - 교차로안,승용,남,25세,상해없음,승용,여,59세,경상
2020030900100005,2020년 3월 9일 00시,월요일,인천광역시 서구 가좌동,경상사고,0,0,1,0,차대차 - 추돌,신호위반,건조,맑음,교차로 - 교차로안,승용,남,52세,상해없음,승용,남,31세,경상
2020030900100067,2020년 3월 9일 07시,월요일,인천광역시 계양구 작전동,경상사고,0,0,1,0,차대차 - 측면충돌,안전운전불이행,건조,맑음,단일로 - 기타,승용,남,43세,상해없음,승용,남,29세,경상
2020030900100068,2020년 3월 9일 07시,월요일,인천광역시 연수구 선학동,경상사고,0,0,1,0,차대차 - 측면충돌,안전운전불이행,건조,맑음,교차로 - 교차로부근,승용,남,27세,상해없음,승용,남,37세,경상
2020030900100104,2020년 3월 9일 08시,월요일,인천광역시 계양구 서운동,경상사고,0,0,1,0,차대차 - 측면충돌,안전거리미확보,건조,맑음,단일로 - 기타,승용,남,57세,상해없음,승용,여,36세,경상
2020030900100105,2020년 3월 9일 08시,월요일,인천광역시 강화군 강화읍,중상사고,0,1,2,0,차대차 - 측면충돌,직진우회전진행방해,건조,맑음,단일로 - 기타,승용,여,38세,상해없음,승용,남,25세,중상
2020030900100136,2020년 3월 9일 09시,월요일,인천광역시 서구 금곡동,경상사고,0,0,2,0,차대차 - 기타,안전운전불이행,건조,맑음,교차로 - 교차로안,화물,남,67세,상해없음,승용,남,44세,경상
2020030900100192,2020년 3월 9일 11시,월요일,인천광역시 계양구 계산동,경상사고,0,0,1,0,차대사람 - 횡단중,안전운전불이행,건조,맑음,교차로 - 교차로부근,승용,여,50세,상해없음,보행자,여,74세,경상
2020030900100217,2020년 3월 9일 12시,월요일,인천광역시 중구 운서동,중상사고,0,1,2,0,차대차 - 측면충돌,안전운전불이행,건조,맑음,단일로 - 기타,승용,여,22세,경상,이륜,남,46세,중상
2020030900100218,2020년 3월 9일 12시,월요일,인천광역시 동구 송림동,중상사고,0,1,0,0,차대사람 - 기타,안전운전불이행,건조,맑음,단일로 - 기타,승용,남,67세,상해없음,보행자,여,85세,중상
2020030900100219,2020년 3월 9일 12시,월요일,인천광역시 서구 경서동,중상사고,0,1,0,0,차대차 - 정면충돌,신호위반,건조,맑음,교차로 - 교차로안,승용,남,75세,상해없음,승용,여,61세,중상
2020030900100250,2020년 3월 9일 13시,월요일,인천광역시 연수구 송도동,중상사고,0,1,0,0,차대차 - 측면충돌,안전운전불이행,건조,맑음,교차로 - 교차로안,화물,남,25세,상해없음,자전거,남,78세,중상
2020030900100306,2020년 3월 9일 15시,월요일,인천광역시 남동구 구월동,부상신고사고,0,0,0,1,차대사람 - 횡단중,안전운전불이행,건조,맑음,단일로 - 기타,승합,남,49세,상해없음,보행자,여,50세,부상신고
2020030900100324,2020년 3월 9일 16시,월요일,인천광역시 중구 운남동,경상사고,0,0,3,0,차대차 - 측면충돌,신호위반,건조,맑음,교차로 - 교차로안,건설기계,남,50세,경상,승용,여,31세,경상
2020030900100325,2020년 3월 9일 16시,월요일,인천광역시 미추홀구 숭의동,경상사고,0,0,1,0,차대차 - 기타,안전운전불이행,건조,맑음,단일로 - 기타,화물,남,63세,상해없음,승용,남,36세,경상
2020030900100326,2020년 3월 9일 16시,월요일,인천광역시 부평구 십정동,경상사고,0,0,1,0,차대사람 - 횡단중,안전운전불이행,건조,흐림,단일로 - 기타,승용,남,67세,상해없음,보행자,여,34세,경상
2020030900100327,2020년 3월 9일 16시,월요일,인천광역시 남동구 남촌동,부상신고사고,0,0,0,1,차대차 - 측면충돌,안전운전불이행,건조,맑음,교차로 - 교차로안,승용,남,64세,상해없음,자전거,남,55세,부상신고
2020030900100396,2020년 3월 9일 18시,월요일,인천광역시 계양구 귤현동,경상사고,0,0,1,0,차량단독 - 기타,안전운전불이행,건조,맑음,단일로 - 기타,승합,남,51세,상해없음,,,,
2020030900100431,2020년 3월 9일 19시,월요일,인천광역시 중구 중산동,경상사고,0,0,1,0,차대차 - 기타,교차로운행방법위반,건조,맑음,교차로 - 교차로부근,원동기,남,58세,상해없음,승용,여,41세,경상
2020030900100432,2020년 3월 9일 19시,월요일,인천광역시 미추홀구 주안동,중상사고,0,1,0,0,차대차 - 추돌,안전운전불이행,건조,맑음,교차로 - 교차로부근,승용,남,48세,상해없음,승용,여,54세,중상
2020030900100433,2020년 3월 9일 19시,월요일,인천광역시 남동구 간석동,경상사고,0,0,2,0,차대차 - 기타,안전운전불이행,건조,맑음,교차로 - 교차로부근,승용,남,22세,상해없음,승용,남,53세,경상
2020030900100434,2020년 3월 9일 19시,월요일,인천광역시 서구 가정동,중상사고,0,1,0,0,차대차 - 정면충돌,안전운전불이행,건조,맑음,교차로 - 교차로안,승용,남,26세,상해없음,승용,남,17세,중상
2020030900100459,2020년 3월 9일 20시,월요일,인천광역시 미추홀구 관교동,경상사고,0,0,1,0,차대차 - 측면충돌,신호위반,건조,맑음,교차로 - 교차로안,승용,남,21세,상해없음,승용,여,49세,경상
2020030900100460,2020년 3월 9일 20시,월요일,인천광역시 연수구 연수동,중상사고,0,1,0,0,차대차 - 측면충돌,안전운전불이행,건조,맑음,교차로 - 교차로부근,승용,여,40세,상해없음,이륜,남,23세,중상
2020030900100496,2020년 3월 9일 21시,월요일,인천광역시 남동구 고잔동,경상사고,0,0,2,0,차대차 - 측면충돌,신호위반,건조,흐림,교차로 - 교차로안,승용,남,49세,상해없음,승용,남,27세,경상
2020030900100521,2020년 3월 9일 22시,월요일,인천광역시 남동구 논현동,중상사고,0,1,2,0,차대차 - 추돌,안전운전불이행,건조,맑음,교차로 - 교차로부근,승용,남,25세,상해없음,승용,남,25세,중상
2020031000100019,2020년 3월 10일 00시,화요일,인천광역시 서구 가좌동,경상사고,0,0,1,0,차대사람 - 차도통행중,안전운전불이행,젖음/습기,비,단일로 - 지하차도(도로)내,승용,남,47세,상해없음,보행자,남,45세,경상
2020031000100020,2020년 3월 10일 00시,화요일,인천광역시 서구 석남동,중상사고,0,1,1,0,차대차 - 추돌,안전운전불이행,건조,맑음,단일로 - 기타,화물,남,29세,중상,화물,남,66세,경상
2020031000100038,2020년 3월 10일 01시,화요일,인천광역시 남동구 간석동,중상사고,0,4,0,0,차대차 - 측면충돌,안전운전불이행,젖음/습기,비,교차로 - 교차로안,승용,남,69세,상해없음,승합,남,39세,중상
2020031000100049,2020년 3월 10일 03시,화요일,인천광역시 강화군 강화읍,중상사고,0,1,0,0,차량단독 - 전도전복 - 전도,신호위반,젖음/습기,비,단일로 - 기타,승용,남,19세,상해없음,,,,
2020031000100063,2020년 3월 10일 05시,화요일,인천광역시 미추홀구 관교동,경상사고,0,0,3,0,차대차 - 측면충돌,신호위반,젖음/습기,비,교차로 - 교차로안,화물,남,38세,경상,승용,남,57세,경상
2020031000100064,2020년 3월 10일 05시,화요일,인천광역시 부평구 부평동,중상사고,0,1,3,0,차대차 - 추돌,안전운전불이행,건조,맑음,교차로 - 교차로부근,승용,여,19세,상해없음,승용,남,64세,중상
2020031000100108,2020년 3월 10일 08시,화요일,인천광역시 중구 신흥동3가,경상사고,0,0,1,0,차대차 - 측면충돌,교차로운행방법위반,젖음/습기,비,단일로 - 기타,특수,남,46세,기타불명,승용,여,46세,경상
2020031000100109,2020년 3월 10일 08시,화요일,인천광역시 서구 경서동,중상사고,0,1,1,0,차대차 - 기타,안전운전불이행,젖음/습기,비,교차로 - 교차로부근,건설기계,남,51세,상해없음,승용,여,45세,중상
2020031000100110,2020년 3월 10일 08시,화요일,인천광역시 계양구 작전동,중상사고,0,1,0,0,차대사람 - 횡단중,안전거리미확보,젖음/습기,비,교차로 - 교차로횡단보도내,화물,남,58세,상해없음,보행자,여,20세,중상
2020031000100130,2020년 3월 10일 09시,화요일,인천광역시 부평구 부평동,경상사고,0,0,2,0,차대차 - 측면충돌,안전운전불이행,기타,맑음,기타 - 기타,화물,남,58세,기타불명,승용,남,71세,경상
2020031000100174,2020년 3월 10일 11시,화요일,인천광역시 계양구 효성동,경상사고,0,0,2,0,차대차 - 기타,안전운전불이행,건조,맑음,교차로 - 교차로안,승용,남,65세,상해없음,승용,여,51세,경상
2020031000100175,2020년 3월 10일 11시,화요일,인천광역시 남동구 만수동,경상사고,0,0,1,0,차대차 - 측면충돌,안전운전불이행,젖음/습기,비,단일로 - 기타,화물,남,56세,상해없음,승용,남,44세,경상
2020031000100250,2020년 3월 10일 14시,화요일,인천광역시 중구 중산동,중상사고,0,1,0,0,차대차 - 추돌,안전운전불이행,젖음/습기,흐림,단일로 - 교량,화물,남,59세,상해없음,승용,여,54세,중상
2020031000100294,2020년 3월 10일 16시,화요일,인천광역시 미추홀구 도화동,경상사고,0,0,1,0,차대차 - 측면충돌,안전운전불이행,건조,맑음,단일로 - 기타,화물,여,43세,상해없음,승용,남,37세,경상
2020031000100329,2020년 3월 10일 17시,화요일,인천광역시 미추홀구 용현동,경상사고,0,0,1,0,차대차 - 측면충돌,안전운전불이행,건조,맑음,단일로 - 기타,승합,남,58세,상해없음,승용,남,75세,경상
2020031000100330,2020년 3월 10일 17시,화요일,인천광역시 부평구 부평동,중상사고,0,1,0,0,차대차 - 측면충돌,안전거리미확보,건조,맑음,단일로 - 기타,승용,여,36세,상해없음,승합,남,41세,상해없음
2020031000100387,2020년 3월 10일 19시,화요일,인천광역시 동구 송림동,사망사고,1,0,0,0,차대차 - 측면충돌,안전운전불이행,건조,맑음,단일로 - 기타,자전거,남,51세,사망,화물,남,51세,상해없음
2020031000100388,2020년 3월 10일 19시,화요일,인천광역시 중구 신흥동3가,중상사고,0,1,0,0,차량단독 - 기타,기타,건조,맑음,단일로 - 기타,승합,남,26세,상해없음,,,,
2020031000100389,2020년 3월 10일 19시,화요일,인천광역시 계양구 장기동,중상사고,0,1,0,0,차대차 - 측면충돌,안전운전불이행,건조,맑음,교차로 - 교차로안,화물,남,51세,상해없음,화물,남,34세,중상
2020031000100390,2020년 3월 10일 19시,화요일,인천광역시 남동구 도림동,경상사고,0,0,1,0,차대차 - 측면충돌,신호위반,건조,맑음,교차로 - 교차로안,승용,여,52세,상해없음,이륜,남,20세,경상
2020031000100424,2020년 3월 10일 20시,화요일,인천광역시 미추홀구 용현동,중상사고,0,1,0,0,차대차 - 측면충돌,안전운전불이행,건조,맑음,단일로 - 기타,승용,여,25세,상해없음,이륜,남,22세,중상
2020031000100442,2020년 3월 10일 21시,화요일,인천광역시 서구 마전동,중상사고,0,1,0,0,차대차 - 측면충돌,신호위반,건조,맑음,교차로 - 교차로부근,이륜,남,27세,중상,승용,남,55세,상해없음
2020031000100443,2020년 3월 10일 21시,화요일,인천광역시 연수구 송도동,경상사고,0,0,1,0,차대차 - 측면충돌,안전운전불이행,건조,맑음,교차로 - 교차로횡단보도내,승용,여,38세,상해없음,자전거,남,16세,경상
2020031000100444,2020년 3월 10일 21시,화요일,인천광역시 부평구 부개동,경상사고,0,0,2,0,차대차 - 측면충돌,교차로운행방법위반,건조,맑음,교차로 - 교차로안,승용,여,53세,상해없음,승용,남,28세,경상
2020031000100466,2020년 3월 10일 22시,화요일,인천광역시 미추홀구 주안동,경상사고,0,0,2,0,차대차 - 후진중충돌,안전운전불이행,건조,맑음,단일로 - 기타,승용,남,65세,상해없음,승용,남,52세,경상
2020031000100467,2020년 3월 10일 22시,화요일,인천광역시 서구 당하동,중상사고,0,1,0,0,차대차 - 측면충돌,안전운전불이행,건조,맑음,단일로 - 기타,승용,남,27세,상해없음,승용,여,50세,중상
2020031000100484,2020년 3월 10일 23시,화요일,인천광역시 미추홀구 도화동,경상사고,0,0,1,0,차량단독 - 기타,기타,건조,맑음,단일로 - 기타,승용,남,62세,상해없음,,,,
2020031100100008,2020년 3월 11일 00시,수요일,인천광역시 중구 항동7가,경상사고,0,0,1,0,차대차 - 측면충돌,안전운전불이행,건조,맑음,교차로 - 교차로부근,승용,남,67세,상해없음,특수,남,36세,상해없음
2020031100100009,2020년 3월 11일 00시,수요일,인천광역시 부평구 일신동,경상사고,0,0,1,0,차대차 - 추돌,안전거리미확보,건조,맑음,단일로 - 교량,승용,남,28세,상해없음,승용,남,44세,경상
2020031100100030,2020년 3월 11일 02시,수요일,인천광역시 연수구 송도동,중상사고,0,5,0,0,차량단독 - 공작물충돌,안전운전불이행,건조,맑음,단일로 - 기타,승용,남,18세,상해없음,,,,
2020031100100036,2020년 3월 11일 03시,수요일,인천광역시 중구 을왕동,경상사고,0,0,2,0,차대차 - 추돌,안전운전불이행,건조,맑음,단일로 - 기타,승용,남,39세,상해없음,승용,남,27세,경상