사고번호,사고일시,요일,시군구,사고내용,사망자수,중상자수,경상자수,부상신고자수,사고유형,법규위반,노면상태,기상상태,도로형태,가해운전자 차종,가해운전자 성별,가해운전자 연령,가해운전자 상해정도,피해운전자 차종,피해운전자 성별,피해운전자 연령,피해운전자 상해정도
2020031100100053,2020년 3월 11일 06시,수요일,인천광역시 미추홀구 용현동,경상사고,0,0,1,0,차대차 - 측면충돌,안전운전불이행,건조,맑음,교차로 - 교차로안,기타불명,기타불명,미분류,기타불명,승용,남,59세,경상
2020031100100054,2020년 3월 11일 06시,수요일,인천광역시 연수구 선학동,중상사고,0,1,0,0,차대차 - 측면충돌,신호위반,건조,맑음,교차로 - 교차로부근,승용,남,53세,상해없음,승용,남,54세,중상
2020031100100073,2020년 3월 11일 07시,수요일,인천광역시 남동구 구월동,경상사고,0,0,2,0,차대차 - 측면충돌,안전거리미확보,건조,맑음,교차로 - 교차로부근,승용,남,30세,상해없음,승용,남,29세,경상
2020031100100074,2020년 3월 11일 07시,수요일,인천광역시 부평구 부개동,중상사고,0,1,0,0,차대사람 - 차도통행중,안전운전불이행,건조,맑음,교차로 - 교차로부근,건설기계,남,66세,상해없음,보행자,남,48세,중상
2020031100100075,2020년 3월 11일 07시,수요일,인천광역시 남동구 고잔동,경상사고,0,0,1,0,차대차 - 추돌,안전운전불이행,건조,맑음,단일로 - 기타,승용,여,33세,상해없음,승용,남,20세,경상
2020031100100104,2020년 3월 11일 08시,수요일,인천광역시 남동구 장수동,경상사고,0,0,1,0,차대차 - 측면충돌,안전운전불이행,건조,맑음,단일로 - 기타,건설기계,남,56세,상해없음,승용,여,51세,경상
2020031100100122,2020년 3월 11일 09시,수요일,인천광역시 부평구 삼산동,중상사고,0,1,0,0,차대차 - 정면충돌,안전운전불이행,건조,맑음,단일로 - 기타,자전거,남,45세,상해없음,자전거,여,60세,중상
2020031100100201,2020년 3월 11일 12시,수요일,인천광역시 부평구 산곡동,경상사고,0,0,1,0,차대사람 - 차도통행중,중앙선침범,건조,맑음,단일로 - 기타,이륜,남,23세,상해없음,보행자,남,39세,경상
2020031100100227,2020년 3월 11일 13시,수요일,인천광역시 계양구 동양동,경상사고,0,0,3,0,차대차 - 추돌,안전운전불이행,건조,맑음,단일로 - 기타,승용,여,26세,상해없음,승용,남,39세,경상
2020031100100228,2020년 3월 11일 13시,수요일,인천광역시 부평구 삼산동,중상사고,0,1,0,0,차대차 - 측면충돌,안전거리미확보,건조,맑음,단일로 - 기타,화물,남,58세,상해없음,승합,남,25세,중상
2020031100100255,2020년 3월 11일 14시,수요일,인천광역시 미추홀구 숭의동,경상사고,0,0,1,0,차대차 - 추돌,안전운전불이행,건조,맑음,단일로 - 기타,승용,여,35세,상해없음,승용,남,50세,경상
2020031100100256,2020년 3월 11일 14시,수요일,인천광역시 남동구 만수동,경상사고,0,0,1,0,차대차 - 측면충돌,안전운전불이행,건조,맑음,단일로 - 기타,이륜,남,53세,상해없음,승용,여,41세,경상
2020031100100257,2020년 3월 11일 14시,수요일,인천광역시 연수구 송도동,중상사고,0,2,0,0,차대차 - 정면충돌,중앙선침범,건조,맑음,단일로 - 기타,승용,여,43세,상해없음,승용,여,30세,중상
2020031100100258,2020년 3월 11일 14시,수요일,인천광역시 남동구 장수동,경상사고,0,0,3,0,차대차 - 측면충돌,안전운전불이행,건조,맑음,단일로 - 기타,승합,남,56세,상해없음,승용,여,22세,경상
2020031100100474,2020년 3월 11일 20시,수요일,인천광역시 남동구 만수동,경상사고,0,0,2,0,차대차 - 정면충돌,안전운전불이행,건조,흐림,교차로 - 교차로부근,이륜,남,23세,상해없음,승용,남,47세,경상
2020031100100495,2020년 3월 11일 21시,수요일,인천광역시 서구 청라동,경상사고,0,0,2,0,차대차 - 추돌,안전운전불이행,건조,맑음,단일로 - 기타,승용,남,55세,상해없음,승용,여,47세,경상
2020031100100496,2020년 3월 11일 21시,수요일,인천광역시 서구 석남동,경상사고,0,0,2,0,차대차 - 기타,안전운전불이행,건조,맑음,단일로 - 기타,기타불명,기타불명,미분류,기타불명,승용,남,23세,상해없음
2020031100100517,2020년 3월 11일 22시,수요일,인천광역시 남동구 서창동,경상사고,0,0,2,0,차대차 - 추돌,안전운전불이행,건조,맑음,단일로 - 기타,승용,남,46세,상해없음,승용,남,29세,경상
2020031100100532,2020년 3월 11일 23시,수요일,인천광역시 미추홀구 주안동,경상사고,0,0,1,0,차대차 - 추돌,안전운전불이행,건조,맑음,교차로 - 교차로부근,승용,남,56세,상해없음,승용,남,39세,경상
2020031100100533,2020년 3월 11일 23시,수요일,인천광역시 계양구 계산동,경상사고,0,0,2,0,차대차 - 측면충돌,안전거리미확보,건조,맑음,단일로 - 기타,승용,남,67세,상해없음,승용,남,23세,경상
2020031200100087,2020년 3월 12일 07시,목요일,인천광역시 남동구 고잔동,경상사고,0,0,1,0,차대차 - 측면충돌,안전운전불이행,건조,맑음,교차로 - 교차로안,화물,남,54세,상해없음,승용,남,28세,경상
2020031200100107,2020년 3월 12일 08시,목요일,인천광역시 서구 석남동,경상사고,0,0,1,0,차대차 - 측면충돌,안전운전불이행,건조,맑음,단일로 - 지하차도(도로)내,승용,여,52세,상해없음,승용,남,39세,경상
2020031200100141,2020년 3월 12일 09시,목요일,인천광역시 동구 송현동,경상사고,0,0,1,0,차대차 - 측면충돌,안전거리미확보,건조,맑음,단일로 - 기타,화물,남,66세,상해없음,승용,남,56세,경상
2020031200100142,2020년 3월 12일 09시,목요일,인천광역시 부평구 십정동,경상사고,0,0,1,0,차대차 - 추돌,안전거리미확보,건조,맑음,단일로 - 지하차도(도로)내,화물,남,54세,상해없음,승용,여,64세,경상
2020031200100143,2020년 3월 12일 09시,목요일,인천광역시 남동구 간석동,경상사고,0,0,1,0,차대차 - 추돌,안전거리미확보,건조,맑음,교차로 - 교차로안,승용,여,60세,상해없음,승용,남,40세,경상
2020031200100144,2020년 3월 12일 09시,목요일,인천광역시 서구 가좌동,경상사고,0,0,1,0,차대차 - 측면충돌,안전운전불이행,건조,맑음,단일로 - 지하차도(도로)내,화물,남,25세,상해없음,승용,남,61세,경상
2020031200100169,2020년 3월 12일 10시,목요일,인천광역시 미추홀구 주안동,중상사고,0,1,0,0,차대사람 - 길가장자리구역통행중,안전운전불이행,건조,맑음,기타 - 기타,승합,남,75세,상해없음,보행자,여,84세,중상
2020031200100170,2020년 3월 12일 10시,목요일,인천광역시 서구 가좌동,경상사고,0,0,1,0,차대차 - 측면충돌,교차로운행방법위반,건조,맑음,교차로 - 교차로안,승용,여,18세,상해없음,건설기계,남,62세,경상
2020031200100225,2020년 3월 12일 12시,목요일,인천광역시 남동구 구월동,중상사고,0,1,0,0,차대사람 - 길가장자리구역통행중,안전운전불이행,건조,맑음,단일로 - 기타,승용,여,63세,상해없음,보행자,남,58세,중상
2020031200100265,2020년 3월 12일 13시,목요일,인천광역시 강화군 선원면,중상사고,0,1,0,0,차대차 - 측면충돌,신호위반,건조,맑음,교차로 - 교차로안,승용,여,48세,상해없음,승용,남,59세,중상
2020031200100320,2020년 3월 12일 15시,목요일,인천광역시 연수구 동춘동,경상사고,0,0,1,0,차대차 - 후진중충돌,안전운전불이행,건조,맑음,기타 - 기타,승용,남,69세,상해없음,이륜,남,36세,경상
2020031200100350,2020년 3월 12일 16시,목요일,인천광역시 중구 신흥동2가,경상사고,0,0,2,0,차대차 - 측면충돌,안전거리미확보,건조,맑음,교차로 - 교차로부근,화물,남,63세,상해없음,승용,남,65세,경상
2020031200100351,2020년 3월 12일 16시,목요일,인천광역시 부평구 산곡동,중상사고,0,1,0,0,차대차 - 기타,교차로운행방법위반,건조,맑음,교차로 - 교차로부근,승용,여,39세,상해없음,이륜,남,22세,중상
2020031200100352,2020년 3월 12일 16시,목요일,인천광역시 서구 가좌동,경상사고,0,0,1,0,차대차 - 측면충돌,안전운전불이행,건조,맑음,단일로 - 기타,화물,남,55세,상해없음,승용,남,33세,경상
2020031200100389,2020년 3월 12일 17시,목요일,인천광역시 서구 연희동,경상사고,0,0,2,0,차대차 - 추돌,안전거리미확보,건조,맑음,단일로 - 기타,이륜,남,22세,경상,이륜,남,23세,경상
2020031200100390,2020년 3월 12일 17시,목요일,인천광역시 연수구 선학동,경상사고,0,0,2,0,차대차 - 추돌,안전거리미확보,건조,맑음,단일로 - 기타,승용,남,35세,경상,승용,남,51세,경상
2020031200100430,2020년 3월 12일 18시,목요일,인천광역시 미추홀구 주안동,경상사고,0,0,1,0,차량단독 - 기타,기타,건조,맑음,단일로 - 기타,승합,남,51세,상해없음,,,,
2020031200100431,2020년 3월 12일 18시,목요일,인천광역시 미추홀구 주안동,경상사고,0,0,1,0,차대차 - 측면충돌,안전운전불이행,건조,맑음,교차로 - 교차로안,승용,남,37세,상해없음,이륜,남,39세,경상
2020031200100432,2020년 3월 12일 18시,목요일,인천광역시 남동구 구월동,경상사고,0,0,1,0,차대차 - 추돌,안전운전불이행,건조,맑음,단일로 - 기타,승용,여,54세,상해없음,승합,남,59세,상해없음
2020031200100467,2020년 3월 12일 19시,목요일,인천광역시 강화군 강화읍,경상사고,0,0,1,0,차대차 - 추돌,안전운전불이행,건조,흐림,단일로 - 지하차도(도로)내,승용,남,79세,상해없음,승용,여,41세,경상
2020031200100531,2020년 3월 12일 21시,목요일,인천광역시 미추홀구 도화동,중상사고,0,1,0,0,차대차 - 후진중충돌,안전운전불이행,건조,맑음,단일로 - 기타,승용,남,50세,상해없음,승용,여,52세,중상
2020031200100532,2020년 3월 12일 21시,목요일,인천광역시 서구 가좌동,경상사고,0,0,2,0,차대사람 - 기타,안전운전불이행,건조,맑음,교차로 - 교차로안,승합,남,51세,상해없음,보행자,여,18세,경상
2020031200100555,2020년 3월 12일 22시,목요일,인천광역시 서구 가좌동,경상사고,0,0,1,0,차대사람 - 횡단중,안전운전불이행,건조,맑음,교차로 - 교차로횡단보도내,승용,남,67세,상해없음,보행자,남,72세,경상
2020031200100556,2020년 3월 12일 22시,목요일,인천광역시 남동구 만수동,경상사고,0,0,2,0,차대차 - 측면충돌,안전운전불이행,건조,맑음,교차로 - 교차로안,승용,남,29세,상해없음,화물,남,51세,경상
2020031300100026,2020년 3월 13일 02시,금요일,인천광역시 남동구 고잔동,경상사고,0,0,2,0,차대차 - 측면충돌,신호위반,건조,맑음,교차로 - 교차로안,승용,남,34세,상해없음,승용,남,54세,경상
2020031300100078,2020년 3월 13일 08시,금요일,인천광역시 부평구 십정동,경상사고,0,0,1,0,차대차 - 추돌,안전운전불이행,건조,맑음,단일로 - 기타,승용,남,53세,상해없음,화물,남,47세,경상
2020031300100079,2020년 3월 13일 08시,금요일,인천광역시 연수구 연수동,경상사고,0,0,1,0,차대차 - 측면충돌,안전거리미확보,건조,맑음,교차로 - 교차로부근,화물,남,67세,상해없음,승용,남,44세,경상
2020031300100188,2020년 3월 13일 12시,금요일,인천광역시 계양구 상야동,경상사고,0,0,1,0,차대차 - 추돌,안전운전불이행,건조,맑음,교차로 - 교차로부근,승용,남,36세,상해없음,승용,남,49세,경상
2020031300100218,2020년 3월 13일 13시,금요일,인천광역시 중구 운서동,경상사고,0,0,2,0,차대차 - 정면충돌,중앙선침범,건조,맑음,단일로 - 기타,승용,여,35세,상해없음,승용,여,57세,경상
2020031300100219,2020년 3월 13일 13시,금요일,인천광역시 중구 중산동,경상사고,0,0,1,0,차대차 - 추돌,안전운전불이행,건조,맑음,단일로 - 기타,화물,남,64세,상해없음,이륜,남,38세,경상
2020031300100220,2020년 3월 13일 13시,금요일,인천광역시 부평구 부평동,경상사고,0,0,1,0,차대차 - 기타,신호위반,건조,맑음,교차로 - 교차로안,승용,남,65세,상해없음,이륜,남,31세,경상
2020031300100221,2020년 3월 13일 13시,금요일,인천광역시 서구 석남동,경상사고,0,0,2,0,차대차 - 측면충돌,안전운전불이행,건조,맑음,단일로 - 기타,특수,남,42세,상해없음,승용,남,65세,경상
2020031300100251,2020년 3월 13일 14시,금요일,인천광역시 동구 송현동,중상사고,0,1,0,0,차대차 - 측면충돌,안전운전불이행,건조,맑음,단일로 - 기타,화물,남,48세,상해없음,승용,남,73세,중상
2020031300100274,2020년 3월 13일 15시,금요일,인천광역시 연수구 송도동,경상사고,0,0,1,0,차대차 - 측면충돌,차로위반,건조,맑음,단일로 - 기타,승용,남,81세,상해없음,승용,남,29세,경상
2020031300100312,2020년 3월 13일 16시,금요일,인천광역시 계양구 계산동,경상사고,0,0,1,0,차대차 - 측면충돌,차로위반,건조,맑음,단일로 - 기타,건설기계,남,42세,상해없음,승용,남,42세,경상
2020031300100347,2020년 3월 13일 17시,금요일,인천광역시 중구 중산동,경상사고,0,0,1,0,차대차 - 정면충돌,안전운전불이행,건조,맑음,교차로 - 교차로안,승용,남,36세,상해없음,자전거,남,68세,경상
2020031300100348,2020년 3월 13일 17시,금요일,인천광역시 중구 답동,중상사고,0,1,0,0,차대사람 - 횡단중,보행자보호의무위반,건조,맑음,교차로 - 교차로횡단보도내,이륜,남,20세,상해없음,보행자,여,23세,중상
2020031300100382,2020년 3월 13일 18시,금요일,인천광역시 서구 백석동,경상사고,0,0,2,0,차대차 - 추돌,안전운전불이행,건조,맑음,단일로 - 기타,승용,여,60세,상해없음,승용,여,53세,경상
2020031300100383,2020년 3월 13일 18시,금요일,인천광역시 연수구 청학동,경상사고,0,0,2,0,차대차 - 측면충돌,안전운전불이행,건조,맑음,단일로 - 기타,승용,남,54세,상해없음,승용,여,29세,경상
2020031300100449,2020년 3월 13일 20시,금요일,인천광역시 부평구 청천동,경상사고,0,0,2,0,차대차 - 측면충돌,안전운전불이행,건조,맑음,단일로 - 기타,승용,남,25세,상해없음,승용,남,34세,경상
2020031300100450,2020년 3월 13일 20시,금요일,인천광역시 계양구 계산동,경상사고,0,0,2,0,차대차 - 정면충돌,중앙선침범,건조,맑음,교차로 - 교차로안,승용,남,49세,상해없음,승용,남,50세,경상
2020031300100509,2020년 3월 13일 22시,금요일,인천광역시 서구 가정동,경상사고,0,0,2,0,차대차 - 측면충돌,신호위반,건조,맑음,단일로 - 터널,승용,남,46세,상해없음,승용,남,24세,경상
2020031300100526,2020년 3월 13일 23시,금요일,인천광역시 부평구 산곡동,경상사고,0,0,1,0,차대차 - 정면충돌,중앙선침범,건조,맑음,단일로 - 기타,승용,남,37세,기타불명,승용,남,40세,경상
2020031300100527,2020년 3월 13일 23시,금요일,인천광역시 서구 금곡동,중상사고,0,1,0,0,차대사람 - 기타,신호위반,건조,맑음,교차로 - 교차로부근,승용,남,54세,상해없음,보행자,여,61세,중상
2020031400100020,2020년 3월 14일 00시,토요일,인천광역시 서구 청라동,부상신고사고,0,0,0,1,차대차 - 측면충돌,안전운전불이행,건조,맑음,단일로 - 기타,승용,남,51세,상해없음,승용,남,33세,부상신고
2020031400100021,2020년 3월 14일 00시,토요일,인천광역시 연수구 옥련동,중상사고,0,1,1,0,차대차 - 측면충돌,기타,건조,맑음,교차로 - 교차로안,승용,남,35세,상해없음,승용,남,51세,중상
2020031400100039,2020년 3월 14일 01시,토요일,인천광역시 서구 청라동,경상사고,0,0,1,0,차대차 - 추돌,안전운전불이행,건조,맑음,교차로 - 교차로안,화물,여,39세,상해없음,승용,남,55세,경상
2020031400100050,2020년 3월 14일 02시,토요일,인천광역시 미추홀구 주안동,중상사고,0,2,1,0,차대차 - 정면충돌,신호위반,건조,맑음,교차로 - 교차로안,승용,남,23세,상해없음,승용,여,52세,중상
2020031400100051,2020년 3월 14일 02시,토요일,인천광역시 남동구 구월동,경상사고,0,0,1,0,차대차 - 정면충돌,안전운전불이행,건조,맑음,단일로 - 기타,승용,남,41세,상해없음,승용,남,50세,경상
2020031400100079,2020년 3월 14일 05시,토요일,인천광역시 남동구 간석동,경상사고,0,0,1,0,차대사람 - 기타,안전운전불이행,건조,맑음,교차로 - 교차로부근,승용,남,37세,상해없음,보행자,여,58세,경상
2020031400100221,2020년 3월 14일 12시,토요일,인천광역시 남동구 만수동,경상사고,0,0,2,0,차대차 - 측면충돌,안전거리미확보,건조,맑음,교차로 - 교차로안,화물,남,50세,경상,승용,남,63세,경상
2020031400100324,2020년 3월 14일 15시,토요일,인천광역시 부평구 부평동,경상사고,0,0,1,0,차대사람 - 보도통행중,기타,건조,맑음,교차로 - 교차로부근,승용,남,53세,상해없음,보행자,남,88세,경상
2020031400100325,2020년 3월 14일 15시,토요일,인천광역시 계양구 귤현동,경상사고,0,0,2,0,차대사람 - 기타,안전운전불이행,건조,맑음,단일로 - 기타,자전거,남,43세,경상,보행자,남,11세,경상
2020031400100358,2020년 3월 14일 16시,토요일,인천광역시 동구 송림동,경상사고,0,0,1,0,차대사람 - 기타,보행자보호의무위반,건조,맑음,교차로 - 교차로부근,승용,남,36세,기타불명,보행자,남,62세,경상
2020031400100359,2020년 3월 14일 16시,토요일,인천광역시 부평구 부평동,경상사고,0,0,2,0,차대차 - 측면충돌,안전거리미확보,건조,맑음,단일로 - 기타,승용,남,40세,상해없음,승용,여,50세,경상
2020031400100449,2020년 3월 14일 19시,토요일,인천광역시 서구 청라동,중상사고,0,1,0,0,차대차 - 추돌,안전운전불이행,건조,맑음,교차로 - 교차로안,이륜,남,40세,중상,승용,남,53세,상해없음
2020031400100450,2020년 3월 14일 19시,토요일,인천광역시 연수구 연수동,경상사고,0,0,1,0,차대차 - 측면충돌,교차로운행방법위반,건조,맑음,교차로 - 교차로안,승용,여,60세,상해없음,승용,남,51세,경상
2020031400100451,2020년 3월 14일 19시,토요일,인천광역시 부평구 갈산동,경상사고,0,0,1,0,차대차 - 후진중충돌,안전운전불이행,건조,맑음,단일로 - 기타,승용,남,62세,상해없음,이륜,남,26세,경상
2020031400100474,2020년 3월 14일 20시,토요일,인천광역시 계양구 병방동,경상사고,0,0,1,0,차대차 - 측면충돌,안전거리미확보,건조,맑음,단일로 - 기타,승합,남,30세,상해없음,승용,남,36세,경상
2020031400100509,2020년 3월 14일 22시,토요일,인천광역시 동구 송림동,중상사고,0,1,0,0,차대사람 - 횡단중,안전운전불이행,건조,맑음,단일로 - 기타,승용,남,54세,상해없음,보행자,여,59세,중상
2020031400100510,2020년 3월 14일 22시,토요일,인천광역시 부평구 부평동,경상사고,0,0,3,0,차대차 - 측면충돌,교차로운행방법위반,건조,맑음,교차로 - 교차로안,승용,남,49세,상해없음,승용,남,61세,경상
2020031400100520,2020년 3월 14일 23시,토요일,인천광역시 계양구 동양동,중상사고,0,2,0,0,차대차 - 측면충돌,안전운전불이행,건조,맑음,단일로 - 기타,승용,남,44세,중상,승용,남,34세,중상
2020031500100037,2020년 3월 15일 02시,일요일,인천광역시 중구 운서동,경상사고,0,0,1,0,차대차 - 추돌,신호위반,건조,맑음,교차로 - 교차로안,승용,여,52세,상해없음,승용,남,56세,경상
2020031500100038,2020년 3월 15일 02시,일요일,인천광역시 부평구 부평동,경상사고,0,0,2,0,차대차 - 추돌,안전운전불이행,건조,맑음,교차로 - 교차로부근,승용,남,36세,상해없음,승용,여,29세,경상
2020031500100057,2020년 3월 15일 05시,일요일,인천광역시 부평구 산곡동,경상사고,0,0,2,0,차대차 - 정면충돌,중앙선침범,건조,맑음,단일로 - 기타,승용,남,25세,상해없음,승합,남,51세,경상
2020031500100069,2020년 3월 15일 06시,일요일,인천광역시 부평구 산곡동,중상사고,0,1,0,0,차대사람 - 길가장자리구역통행중,안전운전불이행,건조,맑음,교차로 - 교차로부근,이륜,남,21세,기타불명,보행자,남,63세,중상
2020031500100119,2020년 3월 15일 11시,일요일,인천광역시 남동구 구월동,경상사고,0,0,2,0,차대차 - 측면충돌,안전운전불이행,건조,맑음,단일로 - 기타,승용,남,57세,상해없음,승용,남,30세,경상
2020031500100137,2020년 3월 15일 12시,일요일,인천광역시 미추홀구 주안동,중상사고,0,1,0,0,차대사람 - 보도통행중,안전운전불이행,건조,맑음,기타 - 기타,승용,남,58세,상해없음,보행자,여,19세,중상
2020031500100209,2020년 3월 15일 16시,일요일,인천광역시 부평구 부개동,경상사고,0,0,2,0,차대차 - 측면충돌,안전거리미확보,건조,맑음,단일로 - 기타,승용,남,37세,상해없음,승용,남,31세,경상
2020031500100230,2020년 3월 15일 17시,일요일,인천광역시 계양구 효성동,경상사고,0,0,1,0,차대차 - 측면충돌,신호위반,건조,맑음,교차로 - 교차로안,이륜,남,44세,상해없음,승합,남,24세,경상
2020031500100231,2020년 3월 15일 17시,일요일,인천광역시 남동구 서창동,중상사고,0,2,1,0,차대차 - 측면충돌,안전운전불이행,건조,맑음,단일로 - 기타,승용,여,35세,경상,승용,여,42세,중상
2020031500100258,2020년 3월 15일 18시,일요일,인천광역시 강화군 강화읍,중상사고,0,1,1,0,차대차 - 측면충돌,신호위반,건조,맑음,교차로 - 교차로안,승용,남,54세,상해없음,화물,남,59세,중상
2020031500100259,2020년 3월 15일 18시,일요일,인천광역시 연수구 옥련동,중상사고,0,1,0,0,차대차 - 측면충돌,교차로운행방법위반,건조,맑음,교차로 - 교차로부근,승용,남,24세,상해없음,자전거,남,43세,중상
2020031500100309,2020년 3월 15일 20시,일요일,인천광역시 계양구 서운동,부상신고사고,0,0,0,1,차대차 - 추돌,안전거리미확보,건조,맑음,단일로 - 교량,승용,남,54세,상해없음,화물,남,34세,부상신고
2020031500100320,2020년 3월 15일 21시,일요일,인천광역시 남동구 논현동,중상사고,0,1,1,0,차대차 - 추돌,안전운전불이행,건조,맑음,단일로 - 기타,화물,남,27세,상해없음,승용,여,40세,중상
2020031500100334,2020년 3월 15일 22시,일요일,인천광역시 동구 송현동,경상사고,0,0,1,0,차대차 - 추돌,안전운전불이행,건조,맑음,교차로 - 교차로부근,화물,남,39세,상해없음,승용,남,73세,경상
2020031600100027,2020년 3월 16일 05시,월요일,인천광역시 중구 항동7가,경상사고,0,0,1,0,차대사람 - 횡단중,신호위반,건조,맑음,기타 - 기타,화물,남,42세,상해없음,보행자,남,69세,경상
2020031600100098,2020년 3월 16일 08시,월요일,인천광역시 남동구 논현동,중상사고,0,1,0,0,차대차 - 기타,안전운전불이행,건조,맑음,교차로 - 교차로부근,화물,남,63세,상해없음,승합,남,54세,상해없음
2020031600100139,2020년 3월 16일 09시,월요일,인천광역시 중구 운서동,경상사고,0,0,4,0,차대차 - 추돌,안전운전불이행,건조,맑음,단일로 - 기타,화물,남,46세,경상,승용,남,57세,경상
2020031600100140,2020년 3월 16일 09시,월요일,인천광역시 부평구 청천동,경상사고,0,0,3,0,차대차 - 추돌,안전거리미확보,건조,맑음,단일로 - 교량,승용,남,33세,상해없음,승용,여,44세,경상
2020031600100141,2020년 3월 16일 09시,월요일,인천광역시 부평구 일신동,경상사고,0,0,1,1,차대차 - 추돌,안전거리미확보,건조,맑음,단일로 - 교량,승용,여,51세,경상,승용,남,36세,부상신고
2020031600100174,2020년 3월 16일 10시,월요일,인천광역시 미추홀구 도화동,중상사고,0,2,0,0,차대차 - 정면충돌,신호위반,건조,맑음,교차로 - 교차로안,화물,남,37세,상해없음,화물,남,71세,상해없음
2020031600100175,2020년 3월 16일 10시,월요일,인천광역시 서구 석남동,경상사고,0,0,1,0,차대차 - 기타,안전운전불이행,건조,맑음,단일로 - 기타,승용,남,74세,상해없음,승용,남,31세,경상
2020031600100176,2020년 3월 16일 10시,월요일,인천광역시 연수구 청학동,중상사고,0,1,0,0,차대차 - 측면충돌,안전거리미확보,건조,맑음,교차로 - 교차로부근,승용,남,36세,상해없음,이륜,남,41세,중상
2020031600100315,2020년 3월 16일 15시,월요일,인천광역시 서구 가좌동,경상사고,0,0,1,0,차대차 - 측면충돌,안전운전불이행,건조,맑음,교차로 - 교차로부근,승용,여,50세,경상,화물,남,39세,상해없음
2020031600100348,2020년 3월 16일 16시,월요일,인천광역시 남동구 구월동,경상사고,0,0,1,0,차대차 - 기타,안전운전불이행,건조,맑음,교차로 - 교차로안,원동기,남,24세,상해없음,승용,여,59세,경상
2020031600100349,2020년 3월 16일 16시,월요일,인천광역시 서구 원당동,경상사고,0,0,1,0,차대차 - 측면충돌,안전운전불이행,건조,맑음,단일로 - 기타,승용,여,50세,상해없음,승용,여,28세,경상
2020031600100350,2020년 3월 16일 16시,월요일,인천광역시 부평구 갈산동,사망사고,1,0,0,0,차대차 - 측면충돌,안전운전불이행,건조,맑음,단일로 - 기타,이륜,남,41세,사망,승용,여,24세,상해없음
2020031600100376,2020년 3월 16일 17시,월요일,인천광역시 미추홀구 용현동,경상사고,0,0,1,0,차대사람 - 길가장자리구역통행중,안전운전불이행,건조,맑음,단일로 - 기타,승합,남,35세,상해없음,보행자,여,67세,경상
2020031600100377,2020년 3월 16일 17시,월요일,인천광역시 남동구 구월동,중상사고,0,1,0,0,차량단독 - 기타,안전운전불이행,건조,맑음,단일로 - 기타,승합,남,61세,상해없음,,,,
2020031600100378,2020년 3월 16일 17시,월요일,인천광역시 연수구 청학동,경상사고,0,0,1,0,차대차 - 추돌,안전거리미확보,건조,맑음,교차로 - 교차로부근,승용,남,61세,상해없음,승용,남,47세,경상
2020031600100379,2020년 3월 16일 17시,월요일,인천광역시 연수구 동춘동,경상사고,0,0,1,0,차대차 - 기타,안전운전불이행,건조,맑음,단일로 - 기타,화물,남,56세,상해없음,승용,남,62세,경상
2020031600100421,2020년 3월 16일 18시,월요일,인천광역시 부평구 삼산동,경상사고,0,0,2,0,차대차 - 후진중충돌,불법유턴,건조,맑음,단일로 - 기타,승용,여,51세,상해없음,승용,남,29세,경상
2020031600100466,2020년 3월 16일 19시,월요일,인천광역시 계양구 작전동,중상사고,0,1,0,0,차대차 - 측면충돌,안전운전불이행,건조,맑음,교차로 - 교차로안,승합,남,59세,상해없음,승용,남,59세,중상
2020031600100467,2020년 3월 16일 19시,월요일,인천광역시 남동구 장수동,경상사고,0,0,2,0,차대차 - 측면충돌,신호위반,건조,맑음,교차로 - 교차로안,승용,남,56세,상해없음,승용,여,59세,경상
2020031600100492,2020년 3월 16일 20시,월요일,인천광역시 남동구 구월동,중상사고,0,1,0,1,차대사람 - 횡단중,안전운전불이행,건조,맑음,단일로 - 기타,승용,남,30세,상해없음,보행자,남,58세,중상
2020031600100493,2020년 3월 16일 20시,월요일,인천광역시 서구 마전동,경상사고,0,0,1,0,차대사람 - 차도통행중,안전운전불이행,건조,맑음,단일로 - 기타,기타불명,기타불명,미분류,기타불명,보행자,남,31세,경상
2020031600100494,2020년 3월 16일 20시,월요일,인천광역시 서구 가좌동,경상사고,0,0,1,0,차대차 - 측면충돌,신호위반,건조,맑음,단일로 - 기타,승용,남,32세,상해없음,승용,남,32세,경상
2020031600100513,2020년 3월 16일 21시,월요일,인천광역시 계양구 계산동,중상사고,0,1,0,0,차대사람 - 횡단중,안전운전불이행,건조,맑음,교차로 - 교차로횡단보도내,승용,남,41세,상해없음,보행자,남,61세,중상
2020031600100532,2020년 3월 16일 22시,월요일,인천광역시 미추홀구 용현동,경상사고,0,0,1,0,차대차 - 측면충돌,교차로운행방법위반,건조,맑음,교차로 - 교차로안,승용,남,25세,상해없음,승용,남,67세,경상
2020031600100545,2020년 3월 16일 23시,월요일,인천광역시 서구 가정동,경상사고,0,0,2,0,차대차 - 기타,신호위반,건조,맑음,단일로 - 지하차도(도로)내,화물,남,54세,경상,승용,남,24세,경상
2020031600100546,2020년 3월 16일 23시,월요일,인천광역시 서구 가정동,경상사고,0,0,1,0,차대차 - 측면충돌,안전운전불이행,건조,맑음,단일로 - 기타,승용,남,52세,상해없음,승용,여,26세,경상
2020031700100053,2020년 3월 17일 06시,화요일,인천광역시 남동구 장수동,경상사고,0,0,2,0,차대차 - 추돌,안전운전불이행,건조,맑음,단일로 - 기타,승용,남,30세,상해없음,승용,남,52세,경상