사고번호,사고일시,요일,시군구,사고내용,사망자수,중상자수,경상자수,부상신고자수,사고유형,법규위반,노면상태,기상상태,도로형태,가해운전자 차종,가해운전자 성별,가해운전자 연령,가해운전자 상해정도,피해운전자 차종,피해운전자 성별,피해운전자 연령,피해운전자 상해정도
2020031700100070,2020년 3월 17일 07시,화요일,인천광역시 서구 오류동,경상사고,0,0,1,0,차대차 - 측면충돌,과속,건조,흐림,단일로 - 기타,승용,남,31세,상해없음,자전거,남,32세,경상
2020031700100114,2020년 3월 17일 09시,화요일,인천광역시 부평구 갈산동,경상사고,0,0,1,0,차대차 - 측면충돌,안전거리미확보,건조,맑음,단일로 - 기타,승합,남,59세,상해없음,승용,남,39세,경상
2020031700100138,2020년 3월 17일 10시,화요일,인천광역시 미추홀구 주안동,경상사고,0,0,1,0,차대사람 - 횡단중,안전운전불이행,건조,맑음,교차로 - 교차로횡단보도내,승용,여,59세,상해없음,보행자,남,51세,경상
2020031700100175,2020년 3월 17일 12시,화요일,인천광역시 남동구 구월동,경상사고,0,0,4,0,차대차 - 측면충돌,안전운전불이행,건조,맑음,단일로 - 기타,승용,남,45세,상해없음,승용,남,19세,경상
2020031700100228,2020년 3월 17일 14시,화요일,인천광역시 미추홀구 주안동,경상사고,0,0,2,0,차대차 - 측면충돌,안전운전불이행,건조,맑음,교차로 - 교차로안,승용,여,51세,상해없음,승용,남,32세,경상
2020031700100230,2020년 3월 17일 14시,화요일,인천광역시 부평구 구산동,경상사고,0,0,1,0,차대차 - 측면충돌,신호위반,기타,맑음,기타 - 기타,화물,남,26세,상해없음,승용,남,37세,경상
2020031700100288,2020년 3월 17일 16시,화요일,인천광역시 서구 가정동,경상사고,0,0,1,0,차대차 - 측면충돌,안전운전불이행,건조,맑음,교차로 - 교차로안,승용,남,61세,상해없음,승용,남,25세,경상
2020031700100352,2020년 3월 17일 18시,화요일,인천광역시 계양구 계산동,경상사고,0,0,2,0,차대차 - 추돌,안전운전불이행,건조,맑음,교차로 - 교차로부근,승용,남,60세,상해없음,승용,남,61세,경상
2020031700100391,2020년 3월 17일 19시,화요일,인천광역시 계양구 작전동,경상사고,0,0,1,0,차대차 - 측면충돌,차로위반,건조,맑음,교차로 - 교차로부근,승용,여,28세,상해없음,승용,남,28세,경상
2020031700100392,2020년 3월 17일 19시,화요일,인천광역시 남동구 장수동,경상사고,0,0,1,0,차대차 - 추돌,안전거리미확보,건조,맑음,단일로 - 터널,승용,남,51세,상해없음,승용,남,35세,경상
2020031700100417,2020년 3월 17일 20시,화요일,인천광역시 미추홀구 도화동,경상사고,0,0,2,0,차대차 - 기타,안전운전불이행,건조,맑음,단일로 - 기타,승용,남,29세,기타불명,승용,여,43세,경상
2020031700100418,2020년 3월 17일 20시,화요일,인천광역시 남동구 간석동,경상사고,0,0,1,0,차대차 - 측면충돌,안전운전불이행,건조,맑음,교차로 - 교차로부근,승용,남,57세,상해없음,승용,남,39세,경상
2020031700100419,2020년 3월 17일 20시,화요일,인천광역시 부평구 구산동,경상사고,0,0,1,0,차대차 - 측면충돌,안전운전불이행,건조,맑음,단일로 - 기타,승용,여,57세,상해없음,승용,남,45세,경상
2020031700100456,2020년 3월 17일 22시,화요일,인천광역시 서구 청라동,경상사고,0,0,1,0,차대사람 - 기타,안전운전불이행,건조,맑음,주차장 - 주차장,승용,남,36세,상해없음,보행자,남,35세,경상
2020031800100007,2020년 3월 18일 00시,수요일,인천광역시 부평구 십정동,경상사고,0,0,2,0,차대차 - 측면충돌,교차로운행방법위반,건조,맑음,교차로 - 교차로안,승용,남,51세,상해없음,승용,남,27세,경상
2020031800100021,2020년 3월 18일 01시,수요일,인천광역시 중구 운서동,사망사고,1,3,0,0,차량단독 - 공작물충돌,안전운전불이행,젖음/습기,안개,단일로 - 기타,승용,남,17세,상해없음,,,,
2020031800100051,2020년 3월 18일 06시,수요일,인천광역시 남동구 수산동,경상사고,0,0,1,0,차량단독 - 전도전복 - 전도,안전운전불이행,건조,맑음,단일로 - 기타,이륜,남,17세,경상,,,,
2020031800100072,2020년 3월 18일 07시,수요일,인천광역시 중구 중산동,경상사고,0,0,2,0,차대차 - 측면충돌,신호위반,건조,맑음,교차로 - 교차로안,승용,남,49세,경상,승합,남,67세,경상
2020031800100101,2020년 3월 18일 08시,수요일,인천광역시 남동구 수산동,경상사고,0,0,2,0,차대차 - 정면충돌,신호위반,건조,맑음,교차로 - 교차로안,이륜,남,22세,경상,승용,여,45세,상해없음
2020031800100174,2020년 3월 18일 11시,수요일,인천광역시 남동구 구월동,경상사고,0,0,1,0,차대차 - 후진중충돌,안전운전불이행,건조,맑음,단일로 - 기타,승용,남,59세,상해없음,승용,남,21세,경상
2020031800100261,2020년 3월 18일 14시,수요일,인천광역시 중구 운남동,경상사고,0,0,1,0,차량단독 - 공작물충돌,안전운전불이행,건조,맑음,기타 - 기타,승용,남,31세,경상,,,,
2020031800100262,2020년 3월 18일 14시,수요일,인천광역시 중구 북성동2가,경상사고,0,0,1,0,차대차 - 측면충돌,안전운전불이행,건조,맑음,단일로 - 기타,승용,남,79세,상해없음,승용,여,36세,경상
2020031800100263,2020년 3월 18일 14시,수요일,인천광역시 서구 원당동,경상사고,0,0,1,0,차대차 - 측면충돌,안전운전불이행,건조,맑음,단일로 - 지하차도(도로)내,승용,남,65세,상해없음,승합,남,52세,경상
2020031800100288,2020년 3월 18일 15시,수요일,인천광역시 부평구 부평동,경상사고,0,0,1,0,차대차 - 측면충돌,안전운전불이행,건조,맑음,교차로 - 교차로부근,승용,남,27세,상해없음,원동기,남,58세,경상
2020031800100289,2020년 3월 18일 15시,수요일,인천광역시 서구 심곡동,경상사고,0,0,1,0,차대차 - 추돌,안전운전불이행,건조,맑음,교차로 - 교차로안,이륜,남,23세,상해없음,승용,여,55세,경상
2020031800100428,2020년 3월 18일 19시,수요일,인천광역시 계양구 계산동,경상사고,0,0,1,0,차대차 - 추돌,신호위반,건조,맑음,교차로 - 교차로안,승용,여,57세,상해없음,이륜,남,48세,경상
2020031800100460,2020년 3월 18일 20시,수요일,인천광역시 강화군 강화읍,경상사고,0,0,1,0,차대사람 - 횡단중,보행자보호의무위반,건조,맑음,교차로 - 교차로횡단보도내,승용,여,56세,상해없음,보행자,남,59세,경상
2020031800100461,2020년 3월 18일 20시,수요일,인천광역시 부평구 부평동,경상사고,0,0,1,0,차대차 - 측면충돌,안전운전불이행,건조,맑음,단일로 - 기타,승용,여,45세,상해없음,이륜,남,17세,경상
2020031800100473,2020년 3월 18일 21시,수요일,인천광역시 부평구 갈산동,경상사고,0,0,1,0,차대차 - 측면충돌,안전운전불이행,건조,맑음,교차로 - 교차로부근,화물,남,34세,상해없음,이륜,남,25세,경상
2020031800100494,2020년 3월 18일 22시,수요일,인천광역시 미추홀구 주안동,경상사고,0,0,1,0,차대차 - 추돌,안전운전불이행,건조,맑음,단일로 - 기타,승용,남,35세,기타불명,승용,여,51세,경상
2020031800100495,2020년 3월 18일 22시,수요일,인천광역시 서구 마전동,경상사고,0,0,1,0,차대차 - 측면충돌,신호위반,건조,맑음,교차로 - 교차로안,승용,여,30세,상해없음,승용,남,56세,경상
2020031900100021,2020년 3월 19일 01시,목요일,인천광역시 미추홀구 주안동,경상사고,0,0,1,0,차대차 - 추돌,안전운전불이행,건조,맑음,단일로 - 기타,승용,남,38세,상해없음,승용,남,41세,경상
2020031900100086,2020년 3월 19일 08시,목요일,인천광역시 남동구 구월동,경상사고,0,0,1,0,차대차 - 측면충돌,직진우회전진행방해,건조,맑음,교차로 - 교차로안,승용,남,20세,상해없음,승용,남,68세,기타불명
2020031900100102,2020년 3월 19일 09시,목요일,인천광역시 남동구 간석동,경상사고,0,0,2,0,차대차 - 측면충돌,안전운전불이행,건조,맑음,단일로 - 기타,승용,남,31세,상해없음,승용,남,27세,경상
2020031900100142,2020년 3월 19일 11시,목요일,인천광역시 강화군 길상면,경상사고,0,0,1,0,차대차 - 정면충돌,중앙선침범,건조,맑음,단일로 - 기타,승합,남,73세,상해없음,승용,남,54세,경상
2020031900100143,2020년 3월 19일 11시,목요일,인천광역시 남동구 고잔동,부상신고사고,0,0,0,1,차대차 - 측면충돌,안전운전불이행,건조,맑음,단일로 - 기타,승용,여,66세,부상신고,건설기계,남,58세,상해없음
2020031900100188,2020년 3월 19일 13시,목요일,인천광역시 계양구 작전동,중상사고,0,1,0,0,차대사람 - 횡단중,신호위반,건조,맑음,교차로 - 교차로부근,이륜,남,18세,상해없음,보행자,여,55세,중상
2020031900100189,2020년 3월 19일 13시,목요일,인천광역시 강화군 길상면,경상사고,0,0,2,0,차대차 - 측면충돌,안전운전불이행,건조,맑음,단일로 - 기타,승용,여,27세,상해없음,화물,남,59세,경상
2020031900100190,2020년 3월 19일 13시,목요일,인천광역시 남동구 서창동,경상사고,0,0,1,0,차대차 - 측면충돌,교차로운행방법위반,건조,맑음,교차로 - 교차로안,화물,남,57세,상해없음,이륜,남,44세,경상
2020031900100215,2020년 3월 19일 14시,목요일,인천광역시 서구 가좌동,경상사고,0,0,2,0,차대차 - 측면충돌,안전운전불이행,건조,맑음,교차로 - 교차로부근,승용,여,55세,경상,승용,남,25세,경상
2020031900100216,2020년 3월 19일 14시,목요일,인천광역시 남동구 남촌동,경상사고,0,0,4,0,차대차 - 측면충돌,안전거리미확보,건조,맑음,단일로 - 기타,승용,남,82세,상해없음,승용,여,54세,경상
2020031900100250,2020년 3월 19일 15시,목요일,인천광역시 미추홀구 주안동,경상사고,0,0,1,0,차대사람 - 기타,안전운전불이행,건조,맑음,단일로 - 기타,화물,남,72세,상해없음,보행자,남,62세,경상
2020031900100251,2020년 3월 19일 15시,목요일,인천광역시 남동구 도림동,경상사고,0,0,1,0,차대차 - 측면충돌,안전운전불이행,건조,맑음,단일로 - 기타,승합,남,55세,상해없음,승용,남,61세,경상
2020031900100276,2020년 3월 19일 16시,목요일,인천광역시 서구 가정동,중상사고,0,1,5,0,차대차 - 측면충돌,신호위반,건조,맑음,단일로 - 기타,화물,남,61세,중상,승합,남,53세,경상
2020031900100313,2020년 3월 19일 17시,목요일,인천광역시 동구 송림동,경상사고,0,0,1,0,차대사람 - 기타,안전운전불이행,건조,맑음,단일로 - 기타,이륜,남,23세,상해없음,보행자,남,69세,경상
2020031900100356,2020년 3월 19일 18시,목요일,인천광역시 부평구 십정동,경상사고,0,0,1,0,차대차 - 추돌,안전운전불이행,건조,맑음,단일로 - 기타,화물,남,62세,상해없음,승용,남,59세,경상
2020031900100357,2020년 3월 19일 18시,목요일,인천광역시 남동구 구월동,경상사고,0,0,1,0,차대차 - 측면충돌,신호위반,건조,맑음,교차로 - 교차로안,승용,여,39세,상해없음,이륜,남,35세,경상
2020031900100394,2020년 3월 19일 19시,목요일,인천광역시 미추홀구 주안동,경상사고,0,0,1,0,차대사람 - 횡단중,안전운전불이행,건조,맑음,교차로 - 교차로부근,승용,남,51세,상해없음,보행자,여,27세,경상
2020031900100395,2020년 3월 19일 19시,목요일,인천광역시 서구 경서동,경상사고,0,0,1,0,차대차 - 기타,안전운전불이행,건조,맑음,교차로 - 교차로횡단보도내,승합,남,59세,상해없음,승용,여,25세,경상
2020031900100412,2020년 3월 19일 20시,목요일,인천광역시 미추홀구 숭의동,중상사고,0,2,0,0,차대사람 - 횡단중,신호위반,건조,맑음,교차로 - 교차로부근,이륜,남,28세,상해없음,보행자,여,34세,중상
2020031900100435,2020년 3월 19일 21시,목요일,인천광역시 남동구 간석동,중상사고,0,1,0,0,차대사람 - 횡단중,신호위반,건조,맑음,단일로 - 기타,이륜,남,46세,상해없음,보행자,여,33세,중상
2020031900100436,2020년 3월 19일 21시,목요일,인천광역시 서구 검암동,경상사고,0,0,2,0,차대차 - 측면충돌,안전운전불이행,건조,맑음,단일로 - 기타,이륜,남,38세,경상,승용,남,43세,경상
2020031900100449,2020년 3월 19일 22시,목요일,인천광역시 서구 가정동,경상사고,0,0,1,0,차량단독 - 기타,안전운전불이행,건조,맑음,교차로 - 교차로안,화물,남,37세,경상,,,,
2020031900100450,2020년 3월 19일 22시,목요일,인천광역시 연수구 연수동,경상사고,0,0,1,0,차대차 - 측면충돌,안전운전불이행,건조,맑음,단일로 - 기타,승용,남,48세,상해없음,승용,남,37세,경상
2020032000100015,2020년 3월 20일 00시,금요일,인천광역시 서구 당하동,경상사고,0,0,1,0,차대차 - 측면충돌,교차로운행방법위반,건조,맑음,교차로 - 교차로부근,승용,남,72세,상해없음,승용,남,28세,경상
2020032000100016,2020년 3월 20일 00시,금요일,인천광역시 서구 가정동,경상사고,0,0,1,0,차대사람 - 기타,안전운전불이행,건조,맑음,교차로 - 교차로안,기타불명,기타불명,미분류,기타불명,보행자,남,34세,경상
2020032000100035,2020년 3월 20일 02시,금요일,인천광역시 부평구 부평동,경상사고,0,0,1,0,차대차 - 측면충돌,안전운전불이행,기타,맑음,교차로 - 교차로부근,승용,남,60세,상해없음,승용,남,19세,경상
2020032000100116,2020년 3월 20일 08시,금요일,인천광역시 계양구 병방동,경상사고,0,0,1,0,차대차 - 추돌,안전운전불이행,건조,맑음,단일로 - 기타,승용,남,56세,상해없음,승용,남,51세,경상
2020032000100231,2020년 3월 20일 12시,금요일,인천광역시 남동구 만수동,경상사고,0,0,2,0,차대차 - 측면충돌,안전운전불이행,건조,맑음,교차로 - 교차로안,승용,남,72세,경상,화물,남,30세,경상
2020032000100262,2020년 3월 20일 13시,금요일,인천광역시 중구 신흥동3가,경상사고,0,0,3,0,차대차 - 추돌,안전운전불이행,건조,맑음,교차로 - 교차로부근,특수,남,45세,상해없음,승용,여,23세,경상
2020032000100263,2020년 3월 20일 13시,금요일,인천광역시 부평구 십정동,경상사고,0,0,2,0,차대차 - 측면충돌,중앙선침범,건조,맑음,단일로 - 기타,승용,남,65세,상해없음,승용,남,32세,경상
2020032000100264,2020년 3월 20일 13시,금요일,인천광역시 계양구 효성동,경상사고,0,0,1,0,차대사람 - 횡단중,안전운전불이행,건조,맑음,교차로 - 교차로안,승용,남,43세,상해없음,보행자,여,30세,경상
2020032000100306,2020년 3월 20일 14시,금요일,인천광역시 서구 가좌동,경상사고,0,0,1,0,차대차 - 기타,안전운전불이행,건조,맑음,단일로 - 기타,건설기계,남,65세,상해없음,건설기계,남,44세,경상
2020032000100347,2020년 3월 20일 15시,금요일,인천광역시 계양구 계산동,경상사고,0,0,1,0,차대차 - 추돌,안전운전불이행,건조,맑음,단일로 - 터널,특수,남,50세,상해없음,승용,여,55세,경상
2020032000100348,2020년 3월 20일 15시,금요일,인천광역시 남동구 만수동,중상사고,0,1,0,0,차대사람 - 기타,중앙선침범,건조,맑음,단일로 - 기타,화물,여,46세,상해없음,보행자,남,49세,중상
2020032000100387,2020년 3월 20일 16시,금요일,인천광역시 서구 심곡동,경상사고,0,0,1,0,차대차 - 측면충돌,교차로운행방법위반,건조,맑음,교차로 - 교차로안,화물,남,45세,상해없음,이륜,남,17세,경상
2020032000100427,2020년 3월 20일 17시,금요일,인천광역시 중구 신흥동3가,경상사고,0,0,1,0,차대차 - 측면충돌,안전거리미확보,건조,맑음,단일로 - 기타,화물,남,55세,상해없음,승용,여,53세,경상
2020032000100428,2020년 3월 20일 17시,금요일,인천광역시 서구 신현동,중상사고,0,1,3,0,차대차 - 측면충돌,안전운전불이행,건조,맑음,교차로 - 교차로부근,이륜,남,55세,상해없음,승용,남,53세,경상
2020032000100429,2020년 3월 20일 17시,금요일,인천광역시 계양구 임학동,경상사고,0,0,1,0,차대사람 - 기타,안전운전불이행,건조,맑음,단일로 - 기타,승합,남,53세,기타불명,보행자,여,82세,경상
2020032000100430,2020년 3월 20일 17시,금요일,인천광역시 남동구 도림동,중상사고,0,1,0,0,차량단독 - 공작물충돌,안전운전불이행,건조,맑음,단일로 - 기타,화물,남,24세,상해없음,,,,
2020032000100464,2020년 3월 20일 18시,금요일,인천광역시 남동구 구월동,중상사고,0,1,2,0,차대차 - 기타,안전거리미확보,건조,맑음,단일로 - 기타,화물,남,43세,중상,승용,남,36세,경상
2020032000100465,2020년 3월 20일 18시,금요일,인천광역시 남동구 구월동,경상사고,0,0,2,0,차대차 - 추돌,안전운전불이행,건조,맑음,교차로 - 교차로횡단보도내,특수,남,27세,상해없음,승용,남,25세,경상
2020032000100533,2020년 3월 20일 20시,금요일,인천광역시 서구 가정동,경상사고,0,0,1,0,차대차 - 추돌,교차로운행방법위반,건조,맑음,교차로 - 교차로안,승용,남,65세,상해없음,승용,남,53세,경상
2020032000100534,2020년 3월 20일 20시,금요일,인천광역시 부평구 청천동,경상사고,0,0,1,0,차대차 - 측면충돌,안전거리미확보,건조,맑음,단일로 - 기타,특수,남,56세,상해없음,승용,남,44세,경상
2020032000100560,2020년 3월 20일 21시,금요일,인천광역시 미추홀구 학익동,경상사고,0,0,1,0,차대차 - 측면충돌,안전운전불이행,건조,맑음,교차로 - 교차로부근,승용,여,23세,상해없음,승용,남,49세,경상
2020032100100016,2020년 3월 21일 00시,토요일,인천광역시 미추홀구 주안동,경상사고,0,0,2,0,차대차 - 기타,신호위반,건조,맑음,교차로 - 교차로안,이륜,남,21세,상해없음,승용,남,47세,상해없음
2020032100100040,2020년 3월 21일 02시,토요일,인천광역시 남동구 간석동,중상사고,0,1,0,0,차대사람 - 횡단중,보행자보호의무위반,건조,맑음,교차로 - 교차로부근,기타불명,기타불명,미분류,기타불명,보행자,여,29세,중상
2020032100100051,2020년 3월 21일 03시,토요일,인천광역시 서구 가정동,경상사고,0,0,1,0,차대차 - 추돌,불법유턴,건조,맑음,교차로 - 교차로부근,승용,남,29세,상해없음,승용,여,23세,경상
2020032100100085,2020년 3월 21일 06시,토요일,인천광역시 중구 신흥동3가,경상사고,0,0,1,0,차대차 - 정면충돌,신호위반,건조,맑음,교차로 - 교차로안,화물,남,48세,상해없음,승용,남,41세,경상
2020032100100086,2020년 3월 21일 06시,토요일,인천광역시 서구 원창동,경상사고,0,0,1,0,차대차 - 추돌,신호위반,건조,맑음,교차로 - 교차로안,승용,남,59세,상해없음,승용,남,36세,경상
2020032100100127,2020년 3월 21일 09시,토요일,인천광역시 서구 마전동,경상사고,0,0,1,0,차대차 - 측면충돌,신호위반,건조,맑음,교차로 - 교차로안,승합,남,55세,상해없음,승용,남,57세,경상
2020032100100161,2020년 3월 21일 10시,토요일,인천광역시 미추홀구 도화동,경상사고,0,0,1,0,차대차 - 측면충돌,안전운전불이행,건조,맑음,단일로 - 기타,승용,남,76세,상해없음,승용,남,33세,경상
2020032100100196,2020년 3월 21일 11시,토요일,인천광역시 부평구 부평동,경상사고,0,0,2,0,차대차 - 추돌,안전거리미확보,건조,맑음,단일로 - 기타,승용,남,32세,상해없음,승용,남,67세,경상
2020032100100219,2020년 3월 21일 12시,토요일,인천광역시 계양구 임학동,경상사고,0,0,1,0,차대사람 - 횡단중,보행자보호의무위반,건조,맑음,교차로 - 교차로횡단보도내,승용,여,48세,상해없음,보행자,여,66세,경상
2020032100100221,2020년 3월 21일 12시,토요일,인천광역시 연수구 연수동,경상사고,0,0,1,0,차대차 - 추돌,안전운전불이행,건조,맑음,교차로 - 교차로부근,승용,여,51세,상해없음,승용,남,61세,경상
2020032100100259,2020년 3월 21일 13시,토요일,인천광역시 중구 운남동,경상사고,0,0,2,0,차대차 - 측면충돌,안전거리미확보,건조,맑음,단일로 - 기타,승용,여,34세,경상,승용,남,73세,상해없음
2020032100100260,2020년 3월 21일 13시,토요일,인천광역시 부평구 부평동,중상사고,0,3,0,0,차대차 - 측면충돌,안전거리미확보,건조,맑음,교차로 - 교차로부근,승용,남,56세,상해없음,화물,남,59세,중상
2020032100100261,2020년 3월 21일 13시,토요일,인천광역시 서구 가좌동,경상사고,0,0,2,0,차대차 - 후진중충돌,안전운전불이행,건조,맑음,단일로 - 기타,승용,남,60세,상해없음,승용,여,36세,경상
2020032100100262,2020년 3월 21일 13시,토요일,인천광역시 계양구 계산동,사망사고,1,0,0,0,차량단독 - 공작물충돌,중앙선침범,건조,맑음,교차로 - 교차로안,화물,남,57세,사망,,,,
2020032100100296,2020년 3월 21일 14시,토요일,인천광역시 서구 오류동,경상사고,0,0,1,0,차대차 - 기타,안전거리미확보,건조,맑음,단일로 - 기타,자전거,남,62세,상해없음,자전거,여,11세,경상
2020032100100339,2020년 3월 21일 15시,토요일,인천광역시 중구 중산동,경상사고,0,0,1,0,차대차 - 측면충돌,안전운전불이행,건조,맑음,단일로 - 기타,이륜,남,11세,경상,승용,남,35세,상해없음
2020032100100364,2020년 3월 21일 16시,토요일,인천광역시 서구 경서동,경상사고,0,0,2,0,차대차 - 측면충돌,안전거리미확보,건조,맑음,교차로 - 교차로부근,승용,남,32세,상해없음,승용,남,25세,경상
2020032100100366,2020년 3월 21일 16시,토요일,인천광역시 부평구 갈산동,경상사고,0,0,1,0,차대차 - 측면충돌,교차로운행방법위반,건조,맑음,교차로 - 교차로안,승용,남,59세,상해없음,승용,여,64세,경상
2020032100100408,2020년 3월 21일 17시,토요일,인천광역시 중구 운서동,경상사고,0,0,1,0,차대차 - 측면충돌,안전운전불이행,건조,맑음,교차로 - 교차로안,승용,남,67세,상해없음,원동기,남,19세,경상
2020032100100431,2020년 3월 21일 18시,토요일,인천광역시 서구 마전동,경상사고,0,0,1,0,차대사람 - 길가장자리구역통행중,안전운전불이행,건조,맑음,교차로 - 교차로안,승용,남,26세,상해없음,보행자,남,31세,경상
2020032100100463,2020년 3월 21일 19시,토요일,인천광역시 부평구 십정동,경상사고,0,0,2,0,차대차 - 측면충돌,차로위반,건조,맑음,교차로 - 교차로부근,승용,남,59세,상해없음,승용,남,23세,경상
2020032100100464,2020년 3월 21일 19시,토요일,인천광역시 남동구 남촌동,경상사고,0,0,2,0,차대차 - 측면충돌,안전운전불이행,건조,맑음,교차로 - 교차로안,화물,남,44세,상해없음,승용,남,56세,경상
2020032100100515,2020년 3월 21일 21시,토요일,인천광역시 미추홀구 도화동,중상사고,0,1,0,0,차대차 - 측면충돌,안전운전불이행,건조,맑음,교차로 - 교차로안,승용,남,61세,상해없음,이륜,남,42세,중상
2020032100100554,2020년 3월 21일 23시,토요일,인천광역시 남동구 구월동,경상사고,0,0,1,0,차대차 - 기타,안전운전불이행,건조,맑음,교차로 - 교차로부근,승용,남,63세,상해없음,승용,남,44세,경상
2020032200100018,2020년 3월 22일 00시,일요일,인천광역시 부평구 청천동,경상사고,0,0,2,0,차대차 - 추돌,안전거리미확보,건조,맑음,단일로 - 지하차도(도로)내,승용,남,35세,상해없음,승용,남,39세,경상
2020032200100041,2020년 3월 22일 02시,일요일,인천광역시 부평구 부개동,경상사고,0,0,2,0,차대차 - 추돌,안전운전불이행,건조,맑음,단일로 - 기타,승용,남,28세,상해없음,승용,남,51세,경상
2020032200100051,2020년 3월 22일 03시,일요일,인천광역시 부평구 십정동,경상사고,0,0,1,0,차대차 - 측면충돌,안전운전불이행,건조,맑음,교차로 - 교차로안,이륜,남,44세,상해없음,승용,여,57세,상해없음
2020032200100052,2020년 3월 22일 03시,일요일,인천광역시 남동구 간석동,경상사고,0,0,1,0,차대사람 - 기타,안전운전불이행,건조,맑음,단일로 - 기타,승용,남,54세,상해없음,보행자,남,28세,경상
2020032200100072,2020년 3월 22일 05시,일요일,인천광역시 부평구 부평동,중상사고,0,1,1,0,차대사람 - 횡단중,안전운전불이행,건조,맑음,단일로 - 기타,승용,남,68세,상해없음,보행자,여,24세,경상
2020032200100210,2020년 3월 22일 14시,일요일,인천광역시 미추홀구 주안동,경상사고,0,0,1,0,차대차 - 추돌,안전운전불이행,건조,맑음,단일로 - 기타,화물,남,60세,상해없음,승용,남,47세,경상
2020032200100211,2020년 3월 22일 14시,일요일,인천광역시 서구 당하동,경상사고,0,0,2,0,차대차 - 측면충돌,안전운전불이행,건조,맑음,단일로 - 기타,화물,남,36세,상해없음,승용,여,31세,경상
2020032200100233,2020년 3월 22일 15시,일요일,인천광역시 중구 운서동,경상사고,0,0,1,0,차대차 - 기타,안전운전불이행,건조,맑음,단일로 - 기타,승용,여,42세,상해없음,승용,남,53세,경상
2020032200100234,2020년 3월 22일 15시,일요일,인천광역시 서구 연희동,경상사고,0,0,1,0,차대사람 - 기타,안전운전불이행,건조,맑음,단일로 - 기타,기타불명,기타불명,미분류,기타불명,보행자,여,23세,경상
2020032200100285,2020년 3월 22일 17시,일요일,인천광역시 부평구 부평동,경상사고,0,0,1,0,차대차 - 기타,안전운전불이행,건조,맑음,기타 - 기타,승용,남,44세,기타불명,이륜,남,29세,경상
2020032200100341,2020년 3월 22일 19시,일요일,인천광역시 서구 가좌동,경상사고,0,0,4,0,차대차 - 추돌,안전운전불이행,건조,맑음,단일로 - 기타,승용,남,56세,상해없음,승용,남,34세,경상
2020032200100390,2020년 3월 22일 22시,일요일,인천광역시 강화군 강화읍,중상사고,0,3,0,0,차대차 - 추돌,안전운전불이행,건조,맑음,단일로 - 지하차도(도로)내,승용,남,45세,상해없음,승용,남,27세,중상
2020032300100009,2020년 3월 23일 00시,월요일,인천광역시 미추홀구 용현동,중상사고,0,1,0,0,차대사람 - 횡단중,보행자보호의무위반,건조,맑음,단일로 - 기타,원동기,남,36세,상해없음,보행자,남,32세,중상
2020032300100021,2020년 3월 23일 02시,월요일,인천광역시 부평구 십정동,경상사고,0,0,1,0,차대차 - 추돌,안전운전불이행,건조,맑음,단일로 - 기타,승용,남,14세,상해없음,승용,남,62세,경상
2020032300100025,2020년 3월 23일 03시,월요일,인천광역시 계양구 박촌동,경상사고,0,0,1,0,차대차 - 추돌,안전운전불이행,건조,맑음,단일로 - 기타,승용,남,31세,상해없음,승용,남,28세,경상
2020032300100028,2020년 3월 23일 04시,월요일,인천광역시 중구 중산동,경상사고,0,0,2,0,차대차 - 측면충돌,안전운전불이행,건조,맑음,단일로 - 기타,승용,남,13세,상해없음,승용,남,59세,경상
2020032300100040,2020년 3월 23일 06시,월요일,인천광역시 중구 운북동,경상사고,0,0,3,0,차대차 - 측면충돌,신호위반,건조,맑음,교차로 - 교차로안,승용,남,67세,경상,승용,남,61세,경상
2020032300100061,2020년 3월 23일 07시,월요일,인천광역시 서구 당하동,경상사고,0,0,1,0,차대차 - 측면충돌,과속,건조,맑음,단일로 - 기타,이륜,남,37세,상해없음,승용,여,26세,경상
2020032300100103,2020년 3월 23일 08시,월요일,인천광역시 남동구 고잔동,중상사고,0,1,2,0,차대차 - 측면충돌,안전운전불이행,건조,맑음,교차로 - 교차로부근,특수,남,39세,중상,화물,남,71세,경상
2020032300100138,2020년 3월 23일 09시,월요일,인천광역시 서구 마전동,경상사고,0,0,1,0,차대사람 - 기타,안전운전불이행,건조,맑음,교차로 - 교차로안,승용,여,47세,상해없음,보행자,남,56세,경상
2020032300100270,2020년 3월 23일 13시,월요일,인천광역시 남동구 간석동,경상사고,0,0,1,0,차량단독 - 기타,기타,건조,맑음,단일로 - 기타,승합,남,60세,상해없음,,,,
2020032300100271,2020년 3월 23일 13시,월요일,인천광역시 남동구 구월동,경상사고,0,0,3,0,차대차 - 측면충돌,안전거리미확보,건조,맑음,단일로 - 기타,승용,남,73세,상해없음,승용,남,23세,경상
2020032300100324,2020년 3월 23일 15시,월요일,인천광역시 중구 신흥동3가,경상사고,0,0,1,0,차대차 - 측면충돌,안전운전불이행,건조,맑음,교차로 - 교차로안,승용,남,54세,상해없음,화물,남,51세,경상
2020032300100325,2020년 3월 23일 15시,월요일,인천광역시 서구 청라동,경상사고,0,0,1,0,차대사람 - 기타,안전운전불이행,건조,맑음,단일로 - 기타,승용,남,49세,상해없음,보행자,남,45세,경상
2020032300100361,2020년 3월 23일 16시,월요일,인천광역시 서구 석남동,경상사고,0,0,1,0,차대사람 - 기타,안전운전불이행,건조,맑음,교차로 - 교차로부근,승용,여,37세,상해없음,보행자,여,22세,경상