사고번호,사고일시,요일,시군구,사고내용,사망자수,중상자수,경상자수,부상신고자수,사고유형,법규위반,노면상태,기상상태,도로형태,가해운전자 차종,가해운전자 성별,가해운전자 연령,가해운전자 상해정도,피해운전자 차종,피해운전자 성별,피해운전자 연령,피해운전자 상해정도
2020040300100599,2020년 4월 3일 23시,금요일,인천광역시 서구 검암동,경상사고,0,0,1,0,차대차 - 추돌,안전운전불이행,건조,맑음,단일로 - 기타,승용,여,47세,상해없음,승용,남,41세,경상
2020040400100025,2020년 4월 4일 01시,토요일,인천광역시 미추홀구 주안동,경상사고,0,0,2,0,차대차 - 측면충돌,중앙선침범,건조,맑음,단일로 - 기타,승용,남,22세,상해없음,승용,남,61세,경상
2020040400100026,2020년 4월 4일 01시,토요일,인천광역시 연수구 연수동,중상사고,0,1,0,0,차대차 - 추돌,안전운전불이행,건조,맑음,교차로 - 교차로부근,승용,남,30세,상해없음,승용,여,28세,중상
2020040400100037,2020년 4월 4일 02시,토요일,인천광역시 연수구 옥련동,경상사고,0,0,2,0,차대차 - 추돌,안전운전불이행,건조,맑음,교차로 - 교차로부근,승용,남,47세,상해없음,승용,남,27세,경상
2020040400100056,2020년 4월 4일 04시,토요일,인천광역시 연수구 송도동,사망사고,1,0,0,0,차량단독 - 공작물충돌,안전운전불이행,건조,맑음,교차로 - 교차로부근,승용,남,25세,사망,,,,
2020040400100076,2020년 4월 4일 06시,토요일,인천광역시 부평구 구산동,경상사고,0,0,1,0,차대차 - 추돌,안전운전불이행,건조,맑음,교차로 - 교차로부근,승용,남,47세,상해없음,특수,남,40세,경상
2020040400100104,2020년 4월 4일 08시,토요일,인천광역시 미추홀구 숭의동,경상사고,0,0,1,0,차대차 - 기타,안전운전불이행,건조,맑음,교차로 - 교차로부근,승용,여,66세,상해없음,승용,남,65세,경상
2020040400100155,2020년 4월 4일 10시,토요일,인천광역시 미추홀구 주안동,경상사고,0,0,2,0,차대차 - 추돌,안전운전불이행,건조,맑음,교차로 - 교차로부근,승용,남,53세,상해없음,승용,여,58세,경상
2020040400100156,2020년 4월 4일 10시,토요일,인천광역시 서구 마전동,중상사고,0,1,0,0,차대사람 - 기타,안전운전불이행,건조,맑음,교차로 - 교차로안,승용,여,44세,상해없음,보행자,여,59세,중상
2020040400100157,2020년 4월 4일 10시,토요일,인천광역시 계양구 작전동,경상사고,0,0,1,0,차대차 - 측면충돌,안전운전불이행,건조,맑음,단일로 - 기타,승용,여,41세,상해없음,승용,여,50세,경상
2020040400100158,2020년 4월 4일 10시,토요일,인천광역시 강화군 길상면,중상사고,0,1,0,0,차대차 - 측면충돌,안전운전불이행,건조,맑음,단일로 - 기타,화물,남,69세,상해없음,이륜,남,33세,중상
2020040400100196,2020년 4월 4일 11시,토요일,인천광역시 서구 석남동,중상사고,0,1,0,0,차대사람 - 횡단중,보행자보호의무위반,건조,맑음,교차로 - 교차로안,이륜,남,54세,상해없음,보행자,여,74세,중상
2020040400100197,2020년 4월 4일 11시,토요일,인천광역시 부평구 갈산동,경상사고,0,0,1,0,차대사람 - 차도통행중,안전운전불이행,건조,맑음,단일로 - 기타,사륜오토바이(ATV),남,58세,상해없음,보행자,남,44세,경상
2020040400100198,2020년 4월 4일 11시,토요일,인천광역시 남동구 논현동,경상사고,0,0,2,0,차대차 - 추돌,안전운전불이행,건조,맑음,단일로 - 기타,승용,여,42세,상해없음,승용,남,45세,경상
2020040400100227,2020년 4월 4일 12시,토요일,인천광역시 미추홀구 학익동,경상사고,0,0,5,0,차대차 - 기타,안전운전불이행,건조,맑음,단일로 - 기타,특수,남,51세,상해없음,승용,남,53세,경상
2020040400100260,2020년 4월 4일 13시,토요일,인천광역시 동구 만석동,중상사고,0,2,1,0,차량단독 - 기타,안전거리미확보,건조,맑음,단일로 - 기타,승합,여,63세,상해없음,,,,
2020040400100261,2020년 4월 4일 13시,토요일,인천광역시 남동구 간석동,중상사고,0,1,0,0,차대차 - 기타,기타,건조,맑음,교차로 - 교차로안,화물,남,51세,상해없음,이륜,남,41세,중상
2020040400100262,2020년 4월 4일 13시,토요일,인천광역시 부평구 갈산동,경상사고,0,0,1,0,차대차 - 측면충돌,신호위반,건조,맑음,교차로 - 교차로안,승용,남,54세,상해없음,승용,남,59세,경상
2020040400100297,2020년 4월 4일 14시,토요일,인천광역시 남동구 구월동,경상사고,0,0,1,0,차대사람 - 차도통행중,안전운전불이행,건조,맑음,교차로 - 교차로부근,승용,여,55세,상해없음,보행자,여,23세,경상
2020040400100298,2020년 4월 4일 14시,토요일,인천광역시 남동구 남촌동,경상사고,0,0,1,0,차대사람 - 횡단중,안전운전불이행,건조,맑음,단일로 - 기타,이륜,남,76세,상해없음,보행자,여,66세,경상
2020040400100337,2020년 4월 4일 15시,토요일,인천광역시 중구 운북동,경상사고,0,0,1,0,차대차 - 후진중충돌,안전거리미확보,건조,맑음,교차로 - 교차로부근,기타불명,기타불명,미분류,기타불명,승용,남,51세,상해없음
2020040400100338,2020년 4월 4일 15시,토요일,인천광역시 서구 당하동,경상사고,0,0,1,0,차대차 - 측면충돌,안전운전불이행,건조,맑음,단일로 - 기타,승용,여,38세,상해없음,승합,남,47세,경상
2020040400100339,2020년 4월 4일 15시,토요일,인천광역시 계양구 동양동,부상신고사고,0,0,0,2,차대차 - 측면충돌,안전운전불이행,건조,맑음,단일로 - 기타,승용,남,30세,상해없음,승용,남,42세,부상신고
2020040400100340,2020년 4월 4일 15시,토요일,인천광역시 남동구 남촌동,중상사고,0,1,0,0,차대사람 - 횡단중,안전운전불이행,건조,맑음,교차로 - 교차로안,승용,남,55세,상해없음,보행자,남,61세,중상
2020040400100341,2020년 4월 4일 15시,토요일,인천광역시 남동구 고잔동,경상사고,0,0,1,0,차대차 - 측면충돌,안전운전불이행,건조,맑음,교차로 - 교차로안,승용,여,31세,기타불명,승용,남,31세,경상
2020040400100430,2020년 4월 4일 17시,토요일,인천광역시 부평구 청천동,중상사고,0,1,0,0,차대차 - 측면충돌,안전운전불이행,건조,맑음,교차로 - 교차로부근,화물,남,58세,상해없음,승용,여,45세,중상
2020040400100431,2020년 4월 4일 17시,토요일,인천광역시 남동구 만수동,경상사고,0,0,2,0,차대차 - 추돌,안전운전불이행,건조,맑음,교차로 - 교차로부근,승용,남,34세,상해없음,승용,남,37세,경상
2020040400100463,2020년 4월 4일 18시,토요일,인천광역시 옹진군 영흥면,경상사고,0,0,5,0,차대차 - 추돌,안전운전불이행,건조,맑음,교차로 - 교차로부근,화물,남,64세,경상,승용,여,59세,경상
2020040400100497,2020년 4월 4일 19시,토요일,인천광역시 중구 중산동,경상사고,0,0,1,1,차대차 - 기타,안전운전불이행,건조,맑음,단일로 - 기타,승용,남,58세,부상신고,승용,남,43세,경상
2020040400100498,2020년 4월 4일 19시,토요일,인천광역시 서구 가좌동,경상사고,0,0,1,0,차대사람 - 보도통행중,안전운전불이행,건조,맑음,교차로 - 교차로부근,승용,남,50세,상해없음,보행자,남,49세,경상
2020040400100499,2020년 4월 4일 19시,토요일,인천광역시 부평구 부개동,경상사고,0,0,1,0,차대차 - 측면충돌,안전운전불이행,건조,맑음,교차로 - 교차로안,화물,남,64세,상해없음,이륜,남,45세,경상
2020040400100530,2020년 4월 4일 20시,토요일,인천광역시 미추홀구 주안동,경상사고,0,0,1,0,차대차 - 측면충돌,안전운전불이행,건조,맑음,단일로 - 기타,승용,여,52세,상해없음,승용,여,47세,경상
2020040400100531,2020년 4월 4일 20시,토요일,인천광역시 계양구 박촌동,경상사고,0,0,1,0,차대차 - 측면충돌,안전운전불이행,건조,맑음,단일로 - 교량,승용,남,40세,상해없음,승용,남,22세,경상
2020040400100576,2020년 4월 4일 22시,토요일,인천광역시 미추홀구 주안동,부상신고사고,0,0,0,1,차대사람 - 횡단중,신호위반,건조,맑음,단일로 - 기타,기타불명,기타불명,미분류,기타불명,보행자,여,28세,부상신고
2020040400100597,2020년 4월 4일 23시,토요일,인천광역시 계양구 작전동,경상사고,0,0,1,0,차대차 - 정면충돌,중앙선침범,건조,맑음,단일로 - 기타,승용,남,58세,상해없음,승용,남,64세,경상
2020040400100598,2020년 4월 4일 23시,토요일,인천광역시 계양구 작전동,중상사고,0,1,0,0,차대차 - 기타,안전운전불이행,건조,맑음,교차로 - 교차로안,승용,남,27세,상해없음,이륜,남,45세,중상
2020040400100599,2020년 4월 4일 23시,토요일,인천광역시 연수구 송도동,경상사고,0,0,1,0,차대차 - 측면충돌,안전거리미확보,건조,맑음,교차로 - 교차로부근,이륜,남,19세,기타불명,승용,남,24세,경상
2020040500100052,2020년 4월 5일 03시,일요일,인천광역시 동구 송현동,중상사고,0,1,0,1,차대차 - 측면충돌,안전운전불이행,건조,맑음,교차로 - 교차로안,이륜,남,51세,부상신고,이륜,남,25세,중상
2020040500100064,2020년 4월 5일 05시,일요일,인천광역시 미추홀구 주안동,중상사고,0,1,0,0,차대사람 - 횡단중,안전운전불이행,건조,맑음,교차로 - 교차로부근,승용,남,65세,상해없음,보행자,남,81세,중상
2020040500100099,2020년 4월 5일 09시,일요일,인천광역시 미추홀구 도화동,중상사고,0,1,0,0,차대차 - 측면충돌,안전거리미확보,건조,맑음,단일로 - 기타,승용,남,53세,기타불명,승용,남,46세,중상
2020040500100116,2020년 4월 5일 10시,일요일,인천광역시 동구 송현동,경상사고,0,0,1,0,차량단독 - 기타,안전운전불이행,건조,맑음,교차로 - 교차로부근,승용,남,65세,상해없음,,,,
2020040500100117,2020년 4월 5일 10시,일요일,인천광역시 부평구 부평동,경상사고,0,0,1,0,차대차 - 기타,신호위반,건조,맑음,교차로 - 교차로안,이륜,여,40세,상해없음,승용,남,30세,경상
2020040500100147,2020년 4월 5일 11시,일요일,인천광역시 연수구 동춘동,경상사고,0,0,2,0,차대차 - 측면충돌,기타,건조,맑음,단일로 - 기타,건설기계,남,51세,상해없음,승용,남,48세,경상
2020040500100170,2020년 4월 5일 12시,일요일,인천광역시 중구 무의동,경상사고,0,0,2,0,차대차 - 측면충돌,안전운전불이행,건조,맑음,교차로 - 교차로부근,승용,남,53세,상해없음,승용,남,34세,상해없음
2020040500100198,2020년 4월 5일 13시,일요일,인천광역시 연수구 연수동,중상사고,0,1,0,0,차대차 - 측면충돌,신호위반,건조,맑음,교차로 - 교차로횡단보도내,화물,남,22세,상해없음,이륜,남,66세,중상
2020040500100199,2020년 4월 5일 13시,일요일,인천광역시 남동구 논현동,경상사고,0,0,2,0,차대차 - 측면충돌,신호위반,건조,맑음,기타 - 기타,이륜,남,38세,상해없음,승용,남,38세,경상
2020040500100232,2020년 4월 5일 14시,일요일,인천광역시 미추홀구 숭의동,경상사고,0,0,1,0,차대차 - 정면충돌,안전운전불이행,건조,맑음,교차로 - 교차로안,승용,여,54세,상해없음,승용,여,55세,경상
2020040500100332,2020년 4월 5일 18시,일요일,인천광역시 남동구 만수동,경상사고,0,0,2,0,차대차 - 측면충돌,안전운전불이행,건조,맑음,단일로 - 기타,이륜,남,72세,경상,화물,남,45세,상해없음
2020040500100376,2020년 4월 5일 20시,일요일,인천광역시 계양구 용종동,경상사고,0,0,1,0,차대사람 - 횡단중,보행자보호의무위반,건조,맑음,교차로 - 교차로부근,이륜,남,35세,상해없음,보행자,남,13세,경상
2020040500100410,2020년 4월 5일 22시,일요일,인천광역시 미추홀구 주안동,경상사고,0,0,1,0,차대사람 - 기타,안전운전불이행,건조,맑음,단일로 - 기타,승합,남,62세,상해없음,보행자,여,26세,경상
2020040500100422,2020년 4월 5일 23시,일요일,인천광역시 남동구 논현동,경상사고,0,0,2,0,차량단독 - 기타,안전운전불이행,건조,맑음,단일로 - 기타,승용,남,60세,상해없음,,,,
2020040600100076,2020년 4월 6일 07시,월요일,인천광역시 남동구 구월동,경상사고,0,0,1,0,차대차 - 측면충돌,신호위반,건조,맑음,교차로 - 교차로안,승용,남,61세,상해없음,승용,남,36세,상해없음
2020040600100106,2020년 4월 6일 08시,월요일,인천광역시 계양구 효성동,중상사고,0,1,0,0,차대사람 - 차도통행중,안전운전불이행,건조,맑음,교차로 - 교차로부근,화물,남,59세,상해없음,보행자,남,79세,중상
2020040600100137,2020년 4월 6일 09시,월요일,인천광역시 서구 연희동,경상사고,0,0,1,0,차대사람 - 보도통행중,안전운전불이행,건조,맑음,교차로 - 교차로안,화물,남,55세,상해없음,보행자,남,64세,경상
2020040600100138,2020년 4월 6일 09시,월요일,인천광역시 계양구 계산동,중상사고,0,1,0,0,차대사람 - 기타,안전운전불이행,건조,맑음,단일로 - 기타,승용,여,58세,상해없음,보행자,남,52세,중상
2020040600100164,2020년 4월 6일 10시,월요일,인천광역시 남동구 구월동,중상사고,0,1,0,0,차대사람 - 횡단중,보행자보호의무위반,건조,맑음,교차로 - 교차로안,승용,남,62세,상해없음,보행자,여,56세,중상
2020040600100165,2020년 4월 6일 10시,월요일,인천광역시 부평구 부개동,경상사고,0,0,1,0,차대차 - 측면충돌,안전운전불이행,건조,맑음,주차장 - 주차장,승용,여,61세,기타불명,승용,남,47세,경상
2020040600100193,2020년 4월 6일 11시,월요일,인천광역시 서구 석남동,중상사고,0,1,0,0,차대사람 - 차도통행중,안전운전불이행,건조,맑음,교차로 - 교차로부근,화물,남,62세,상해없음,보행자,여,35세,중상
2020040600100194,2020년 4월 6일 11시,월요일,인천광역시 계양구 병방동,경상사고,0,0,1,0,차대차 - 측면충돌,안전거리미확보,건조,맑음,단일로 - 기타,화물,남,58세,상해없음,승용,남,52세,경상
2020040600100195,2020년 4월 6일 11시,월요일,인천광역시 계양구 계산동,경상사고,0,0,1,0,차대사람 - 횡단중,신호위반,건조,맑음,교차로 - 교차로횡단보도내,승용,남,58세,기타불명,보행자,여,18세,경상
2020040600100270,2020년 4월 6일 13시,월요일,인천광역시 계양구 임학동,경상사고,0,0,1,0,차대차 - 측면충돌,안전운전불이행,건조,맑음,단일로 - 기타,화물,남,59세,상해없음,승용,남,73세,경상
2020040600100306,2020년 4월 6일 14시,월요일,인천광역시 중구 전동,경상사고,0,0,3,0,차대차 - 측면충돌,안전거리미확보,건조,맑음,교차로 - 교차로안,승용,남,47세,경상,승합,남,54세,경상
2020040600100307,2020년 4월 6일 14시,월요일,인천광역시 연수구 송도동,경상사고,0,0,1,0,차대차 - 측면충돌,안전운전불이행,건조,맑음,교차로 - 교차로부근,화물,남,58세,상해없음,승용,남,32세,경상
2020040600100470,2020년 4월 6일 19시,월요일,인천광역시 계양구 서운동,경상사고,0,0,1,0,차대차 - 정면충돌,기타,건조,맑음,단일로 - 기타,승용,남,54세,상해없음,승용,남,67세,경상
2020040600100496,2020년 4월 6일 20시,월요일,인천광역시 미추홀구 용현동,중상사고,0,1,0,0,차대차 - 정면충돌,중앙선침범,건조,맑음,단일로 - 기타,이륜,남,29세,상해없음,이륜,남,62세,중상
2020040600100497,2020년 4월 6일 20시,월요일,인천광역시 미추홀구 용현동,부상신고사고,0,0,0,1,차대차 - 기타,안전운전불이행,건조,맑음,교차로 - 교차로부근,승용,남,54세,기타불명,승용,남,36세,부상신고
2020040600100521,2020년 4월 6일 21시,월요일,인천광역시 계양구 병방동,경상사고,0,0,1,0,차대차 - 추돌,안전운전불이행,건조,맑음,단일로 - 기타,화물,남,53세,상해없음,승용,여,22세,경상
2020040600100539,2020년 4월 6일 22시,월요일,인천광역시 남동구 간석동,경상사고,0,0,1,0,차대차 - 기타,안전거리미확보,건조,맑음,교차로 - 교차로부근,개인형이동수단(PM),남,30세,경상,승합,남,56세,기타불명
2020040600100553,2020년 4월 6일 23시,월요일,인천광역시 남동구 논현동,경상사고,0,0,1,0,차대차 - 추돌,안전운전불이행,건조,맑음,교차로 - 교차로부근,승용,남,25세,상해없음,승용,남,23세,경상
2020040700100028,2020년 4월 7일 04시,화요일,인천광역시 강화군 길상면,경상사고,0,0,1,0,차대차 - 추돌,안전운전불이행,젖음/습기,흐림,단일로 - 지하차도(도로)내,승용,남,43세,상해없음,화물,남,51세,경상
2020040700100029,2020년 4월 7일 04시,화요일,인천광역시 계양구 용종동,경상사고,0,0,2,0,차대차 - 측면충돌,안전거리미확보,건조,맑음,기타 - 기타,승용,남,22세,경상,화물,남,57세,상해없음
2020040700100091,2020년 4월 7일 08시,화요일,인천광역시 남동구 간석동,경상사고,0,0,1,0,차대차 - 기타,신호위반,건조,흐림,교차로 - 교차로부근,승합,남,44세,상해없음,승용,여,54세,경상
2020040700100092,2020년 4월 7일 08시,화요일,인천광역시 남동구 고잔동,경상사고,0,0,1,0,차대차 - 측면충돌,안전운전불이행,건조,맑음,교차로 - 교차로안,기타불명,기타불명,미분류,기타불명,자전거,여,32세,경상
2020040700100122,2020년 4월 7일 09시,화요일,인천광역시 부평구 청천동,경상사고,0,0,1,0,차대차 - 측면충돌,안전운전불이행,건조,맑음,단일로 - 기타,승합,남,39세,상해없음,승용,남,45세,경상
2020040700100123,2020년 4월 7일 09시,화요일,인천광역시 서구 연희동,중상사고,0,1,0,0,차대차 - 추돌,안전운전불이행,건조,맑음,교차로 - 교차로부근,승용,여,29세,기타불명,승용,여,50세,중상
2020040700100124,2020년 4월 7일 09시,화요일,인천광역시 서구 가정동,경상사고,0,0,1,0,차대차 - 기타,중앙선침범,건조,맑음,단일로 - 기타,승용,여,46세,상해없음,승용,남,36세,경상
2020040700100154,2020년 4월 7일 10시,화요일,인천광역시 강화군 화도면,중상사고,0,1,0,0,차대차 - 측면충돌,교차로운행방법위반,건조,맑음,교차로 - 교차로안,승용,여,51세,기타불명,이륜,남,28세,중상
2020040700100185,2020년 4월 7일 11시,화요일,인천광역시 강화군 강화읍,중상사고,0,1,0,0,차대사람 - 길가장자리구역통행중,안전운전불이행,건조,맑음,단일로 - 기타,승용,남,66세,상해없음,보행자,여,80세,중상
2020040700100250,2020년 4월 7일 13시,화요일,인천광역시 남동구 장수동,중상사고,0,1,4,0,차대차 - 추돌,안전운전불이행,건조,맑음,교차로 - 교차로부근,승용,남,57세,경상,승용,여,30세,경상
2020040700100274,2020년 4월 7일 14시,화요일,인천광역시 미추홀구 용현동,경상사고,0,0,3,0,차대차 - 측면충돌,안전운전불이행,건조,맑음,단일로 - 기타,승용,여,50세,상해없음,승용,여,30세,경상
2020040700100306,2020년 4월 7일 15시,화요일,인천광역시 남동구 구월동,경상사고,0,0,1,0,차대차 - 정면충돌,안전운전불이행,건조,맑음,교차로 - 교차로안,승용,여,42세,상해없음,이륜,남,25세,경상
2020040700100307,2020년 4월 7일 15시,화요일,인천광역시 계양구 작전동,중상사고,0,1,0,0,차대차 - 측면충돌,안전거리미확보,건조,맑음,단일로 - 기타,이륜,남,34세,중상,승용,남,46세,상해없음
2020040700100366,2020년 4월 7일 17시,화요일,인천광역시 남동구 만수동,중상사고,0,1,1,0,차대차 - 측면충돌,안전거리미확보,건조,맑음,단일로 - 기타,승용,남,63세,상해없음,승용,남,48세,중상
2020040700100367,2020년 4월 7일 17시,화요일,인천광역시 남동구 구월동,경상사고,0,0,1,0,차대사람 - 길가장자리구역통행중,안전운전불이행,건조,맑음,단일로 - 기타,승용,여,24세,상해없음,보행자,여,64세,경상
2020040700100368,2020년 4월 7일 17시,화요일,인천광역시 서구 청라동,경상사고,0,0,1,0,차대사람 - 횡단중,보행자보호의무위반,건조,맑음,교차로 - 교차로횡단보도내,화물,남,61세,상해없음,보행자,남,17세,경상
2020040700100369,2020년 4월 7일 17시,화요일,인천광역시 연수구 동춘동,경상사고,0,0,4,0,차대차 - 측면충돌,교차로운행방법위반,건조,맑음,교차로 - 교차로안,승용,남,55세,상해없음,승용,남,30세,경상
2020040700100420,2020년 4월 7일 18시,화요일,인천광역시 동구 송현동,경상사고,0,0,1,0,차대차 - 추돌,안전운전불이행,건조,맑음,교차로 - 교차로부근,승용,남,56세,상해없음,승합,남,38세,경상
2020040700100421,2020년 4월 7일 18시,화요일,인천광역시 계양구 작전동,경상사고,0,0,1,0,차대사람 - 횡단중,보행자보호의무위반,건조,맑음,교차로 - 교차로안,승용,남,47세,상해없음,보행자,여,51세,경상
2020040700100455,2020년 4월 7일 19시,화요일,인천광역시 부평구 부평동,경상사고,0,0,1,0,차대차 - 측면충돌,안전운전불이행,건조,맑음,교차로 - 교차로안,승용,남,54세,상해없음,이륜,남,37세,경상
2020040700100456,2020년 4월 7일 19시,화요일,인천광역시 서구 청라동,경상사고,0,0,1,0,차대차 - 기타,안전운전불이행,건조,맑음,교차로 - 교차로안,승용,남,28세,상해없음,화물,남,36세,경상
2020040700100457,2020년 4월 7일 19시,화요일,인천광역시 강화군 불은면,부상신고사고,0,0,0,1,차량단독 - 전도전복 - 전도,안전운전불이행,건조,맑음,단일로 - 기타,이륜,남,73세,부상신고,,,,
2020040700100458,2020년 4월 7일 19시,화요일,인천광역시 부평구 부평동,중상사고,0,1,0,0,차대차 - 측면충돌,안전운전불이행,건조,맑음,단일로 - 기타,승용,남,53세,상해없음,이륜,남,22세,중상
2020040700100488,2020년 4월 7일 20시,화요일,인천광역시 남동구 만수동,경상사고,0,0,1,0,차대사람 - 차도통행중,안전운전불이행,건조,맑음,단일로 - 기타,승용,남,35세,상해없음,보행자,남,34세,경상
2020040700100512,2020년 4월 7일 21시,화요일,인천광역시 중구 경동,경상사고,0,0,8,0,차대차 - 측면충돌,신호위반,건조,맑음,교차로 - 교차로안,이륜,남,30세,상해없음,승합,남,27세,경상
2020040700100513,2020년 4월 7일 21시,화요일,인천광역시 부평구 부평동,중상사고,0,1,0,0,차대차 - 측면충돌,안전운전불이행,건조,맑음,단일로 - 지하차도(도로)내,승용,남,34세,상해없음,이륜,남,40세,중상
2020040700100529,2020년 4월 7일 22시,화요일,인천광역시 서구 가좌동,경상사고,0,0,1,0,차대사람 - 횡단중,안전운전불이행,건조,맑음,교차로 - 교차로안,승용,여,22세,상해없음,보행자,여,27세,경상
2020040700100530,2020년 4월 7일 22시,화요일,인천광역시 연수구 연수동,경상사고,0,0,1,0,차대차 - 후진중충돌,안전운전불이행,건조,맑음,교차로 - 교차로안,승용,남,27세,상해없음,승용,남,57세,경상
2020040700100540,2020년 4월 7일 23시,화요일,인천광역시 미추홀구 관교동,경상사고,0,0,4,0,차대차 - 기타,안전운전불이행,건조,맑음,교차로 - 교차로안,승용,남,25세,상해없음,승용,남,23세,경상
2020040800100029,2020년 4월 8일 02시,수요일,인천광역시 미추홀구 숭의동,중상사고,0,1,0,0,차대차 - 측면충돌,신호위반,건조,맑음,교차로 - 교차로안,승용,여,30세,기타불명,승용,남,52세,중상
2020040800100030,2020년 4월 8일 02시,수요일,인천광역시 부평구 삼산동,중상사고,0,1,1,0,차대차 - 추돌,안전운전불이행,건조,맑음,단일로 - 기타,승용,남,52세,상해없음,화물,남,56세,중상
2020040800100062,2020년 4월 8일 06시,수요일,인천광역시 서구 경서동,경상사고,0,0,1,0,차대차 - 기타,기타,건조,맑음,단일로 - 교량,기타불명,기타불명,미분류,기타불명,승용,남,40세,경상
2020040800100081,2020년 4월 8일 07시,수요일,인천광역시 남동구 구월동,중상사고,0,1,0,0,차량단독 - 기타,안전운전불이행,건조,맑음,단일로 - 기타,승합,남,43세,상해없음,,,,
2020040800100082,2020년 4월 8일 07시,수요일,인천광역시 남동구 장수동,경상사고,0,0,1,0,차대차 - 측면충돌,안전운전불이행,건조,맑음,교차로 - 교차로부근,화물,남,72세,기타불명,승용,남,27세,경상
2020040800100121,2020년 4월 8일 08시,수요일,인천광역시 남동구 간석동,중상사고,0,1,0,0,차대사람 - 기타,안전운전불이행,건조,맑음,교차로 - 교차로안,승용,여,46세,상해없음,보행자,여,55세,중상
2020040800100122,2020년 4월 8일 08시,수요일,인천광역시 서구 신현동,중상사고,0,1,0,0,차대사람 - 횡단중,보행자보호의무위반,건조,맑음,교차로 - 교차로부근,승용,남,35세,상해없음,보행자,여,31세,중상
2020040800100207,2020년 4월 8일 11시,수요일,인천광역시 계양구 동양동,경상사고,0,0,1,0,차대차 - 후진중충돌,안전운전불이행,건조,맑음,단일로 - 기타,승용,남,74세,상해없음,승용,남,42세,경상
2020040800100330,2020년 4월 8일 15시,수요일,인천광역시 계양구 서운동,경상사고,0,0,1,0,차대차 - 측면충돌,안전거리미확보,건조,맑음,단일로 - 기타,승용,여,26세,상해없음,승용,여,28세,경상
2020040800100409,2020년 4월 8일 17시,수요일,인천광역시 미추홀구 용현동,경상사고,0,0,1,0,차대차 - 측면충돌,안전운전불이행,건조,맑음,교차로 - 교차로안,승용,남,77세,상해없음,승용,남,52세,경상
2020040800100476,2020년 4월 8일 19시,수요일,인천광역시 계양구 작전동,경상사고,0,0,1,0,차대차 - 후진중충돌,안전운전불이행,건조,맑음,단일로 - 기타,승용,남,60세,상해없음,승용,남,52세,경상
2020040800100477,2020년 4월 8일 19시,수요일,인천광역시 남동구 장수동,경상사고,0,0,1,0,차대차 - 측면충돌,안전운전불이행,건조,맑음,단일로 - 기타,승용,남,49세,기타불명,화물,남,63세,경상
2020040800100478,2020년 4월 8일 19시,수요일,인천광역시 남동구 논현동,중상사고,0,1,0,0,차대차 - 측면충돌,안전거리미확보,건조,맑음,단일로 - 기타,승용,남,56세,상해없음,이륜,남,16세,중상
2020040800100501,2020년 4월 8일 20시,수요일,인천광역시 서구 당하동,경상사고,0,0,1,0,차대차 - 추돌,안전운전불이행,건조,맑음,교차로 - 교차로부근,이륜,남,62세,상해없음,승용,여,54세,경상
2020040800100502,2020년 4월 8일 20시,수요일,인천광역시 계양구 계산동,경상사고,0,0,2,0,차대차 - 추돌,안전운전불이행,건조,맑음,주차장 - 주차장,화물,남,40세,상해없음,승용,남,26세,경상
2020040800100503,2020년 4월 8일 20시,수요일,인천광역시 연수구 송도동,중상사고,0,1,0,0,차대사람 - 보도통행중,보행자보호의무위반,건조,맑음,교차로 - 교차로횡단보도내,승용,여,50세,상해없음,보행자,남,59세,중상
2020040800100527,2020년 4월 8일 21시,수요일,인천광역시 부평구 십정동,경상사고,0,0,2,0,차대차 - 측면충돌,안전운전불이행,건조,맑음,교차로 - 교차로안,승용,여,55세,상해없음,승용,남,27세,경상
2020040800100528,2020년 4월 8일 21시,수요일,인천광역시 부평구 부평동,경상사고,0,0,1,0,차대사람 - 차도통행중,안전운전불이행,건조,맑음,단일로 - 기타,승용,여,56세,상해없음,보행자,남,52세,경상
2020040800100544,2020년 4월 8일 22시,수요일,인천광역시 남동구 구월동,경상사고,0,0,1,0,차대차 - 정면충돌,신호위반,건조,맑음,단일로 - 기타,이륜,남,17세,상해없음,승용,남,51세,경상
2020040800100545,2020년 4월 8일 22시,수요일,인천광역시 남동구 도림동,경상사고,0,0,3,0,차대차 - 추돌,안전운전불이행,건조,맑음,교차로 - 교차로부근,승용,여,33세,기타불명,승용,남,23세,경상
2020040800100559,2020년 4월 8일 23시,수요일,인천광역시 서구 가정동,중상사고,0,1,0,0,차대차 - 측면충돌,안전운전불이행,건조,맑음,단일로 - 기타,승용,남,55세,상해없음,이륜,남,16세,중상
2020040900100050,2020년 4월 9일 06시,목요일,인천광역시 남동구 장수동,부상신고사고,0,0,0,1,차대차 - 측면충돌,안전운전불이행,건조,맑음,단일로 - 기타,승용,남,30세,상해없음,특수,남,58세,부상신고
2020040900100069,2020년 4월 9일 07시,목요일,인천광역시 연수구 동춘동,중상사고,0,1,0,0,차대차 - 기타,안전운전불이행,건조,맑음,교차로 - 교차로안,승용,남,32세,상해없음,자전거,남,54세,중상
2020040900100166,2020년 4월 9일 10시,목요일,인천광역시 서구 가정동,경상사고,0,0,2,0,차대차 - 측면충돌,신호위반,건조,맑음,교차로 - 교차로안,승용,남,62세,상해없음,승용,여,48세,경상
2020040900100167,2020년 4월 9일 10시,목요일,인천광역시 계양구 작전동,중상사고,0,1,0,0,차대사람 - 보도통행중,안전운전불이행,건조,맑음,단일로 - 기타,승용,남,52세,상해없음,보행자,남,75세,중상
2020040900100229,2020년 4월 9일 12시,목요일,인천광역시 서구 청라동,경상사고,0,0,1,0,차대차 - 기타,안전운전불이행,건조,맑음,교차로 - 교차로안,승용,남,30세,상해없음,승용,여,41세,경상