사고번호,사고일시,요일,시군구,사고내용,사망자수,중상자수,경상자수,부상신고자수,사고유형,법규위반,노면상태,기상상태,도로형태,가해운전자 차종,가해운전자 성별,가해운전자 연령,가해운전자 상해정도,피해운전자 차종,피해운전자 성별,피해운전자 연령,피해운전자 상해정도
2020040900100230,2020년 4월 9일 12시,목요일,인천광역시 계양구 계산동,중상사고,0,1,0,0,차대차 - 측면충돌,신호위반,건조,맑음,교차로 - 교차로안,승용,남,43세,상해없음,승합,남,53세,중상
2020040900100266,2020년 4월 9일 13시,목요일,인천광역시 서구 석남동,경상사고,0,0,1,0,차대차 - 추돌,안전거리미확보,건조,맑음,단일로 - 지하차도(도로)내,화물,남,31세,경상,특수,남,55세,상해없음
2020040900100267,2020년 4월 9일 13시,목요일,인천광역시 계양구 병방동,경상사고,0,0,2,0,차대차 - 측면충돌,안전운전불이행,건조,맑음,단일로 - 기타,화물,남,43세,상해없음,승용,남,47세,경상
2020040900100293,2020년 4월 9일 14시,목요일,인천광역시 서구 가좌동,경상사고,0,0,4,0,차대차 - 측면충돌,안전거리미확보,건조,맑음,교차로 - 교차로부근,승용,남,73세,상해없음,승용,남,37세,경상
2020040900100294,2020년 4월 9일 14시,목요일,인천광역시 연수구 옥련동,경상사고,0,0,2,0,차대차 - 추돌,안전거리미확보,건조,맑음,단일로 - 기타,승용,여,33세,상해없음,승용,남,67세,경상
2020040900100295,2020년 4월 9일 14시,목요일,인천광역시 연수구 선학동,경상사고,0,0,2,0,차대차 - 추돌,안전운전불이행,건조,맑음,단일로 - 기타,승용,남,52세,상해없음,승용,여,34세,경상
2020040900100344,2020년 4월 9일 15시,목요일,인천광역시 계양구 작전동,중상사고,0,1,0,0,차대차 - 정면충돌,안전운전불이행,건조,맑음,교차로 - 교차로부근,자전거,남,75세,중상,승용,남,48세,상해없음
2020040900100384,2020년 4월 9일 16시,목요일,인천광역시 서구 청라동,경상사고,0,0,1,0,차대차 - 측면충돌,안전운전불이행,건조,맑음,단일로 - 기타,특수,남,52세,상해없음,승용,남,69세,경상
2020040900100462,2020년 4월 9일 18시,목요일,인천광역시 미추홀구 주안동,경상사고,0,0,1,0,차대사람 - 횡단중,신호위반,건조,맑음,교차로 - 교차로안,승용,남,27세,상해없음,보행자,여,73세,경상
2020040900100498,2020년 4월 9일 19시,목요일,인천광역시 남동구 만수동,경상사고,0,0,2,0,차대차 - 측면충돌,안전운전불이행,건조,맑음,단일로 - 기타,승용,남,58세,상해없음,승용,남,26세,경상
2020040900100499,2020년 4월 9일 19시,목요일,인천광역시 서구 오류동,경상사고,0,0,2,0,차대차 - 측면충돌,신호위반,건조,맑음,교차로 - 교차로안,화물,남,71세,상해없음,승용,남,41세,경상
2020040900100526,2020년 4월 9일 20시,목요일,인천광역시 남동구 구월동,경상사고,0,0,1,0,차대차 - 측면충돌,안전거리미확보,건조,맑음,단일로 - 기타,승용,여,26세,상해없음,승용,남,26세,경상
2020040900100527,2020년 4월 9일 20시,목요일,인천광역시 서구 마전동,중상사고,0,1,0,0,차대차 - 정면충돌,안전운전불이행,건조,맑음,교차로 - 교차로안,승용,여,27세,상해없음,이륜,남,34세,중상
2020040900100528,2020년 4월 9일 20시,목요일,인천광역시 서구 연희동,중상사고,0,3,0,0,차대차 - 추돌,안전운전불이행,건조,맑음,기타 - 기타,승합,남,53세,상해없음,승용,남,40세,중상
2020040900100582,2020년 4월 9일 23시,목요일,인천광역시 부평구 삼산동,경상사고,0,0,1,0,차대차 - 추돌,안전운전불이행,건조,맑음,기타 - 기타,승용,남,43세,상해없음,승용,남,49세,경상
2020041000100041,2020년 4월 10일 04시,금요일,인천광역시 계양구 계산동,중상사고,0,1,0,0,차량단독 - 전도전복 - 전도,안전운전불이행,건조,맑음,단일로 - 기타,이륜,남,18세,상해없음,,,,
2020041000100062,2020년 4월 10일 06시,금요일,인천광역시 부평구 십정동,경상사고,0,0,1,0,차대차 - 측면충돌,안전운전불이행,건조,맑음,교차로 - 교차로안,승용,여,29세,상해없음,원동기,여,29세,경상
2020041000100063,2020년 4월 10일 06시,금요일,인천광역시 남동구 장수동,경상사고,0,0,3,0,차대차 - 기타,안전운전불이행,건조,맑음,단일로 - 기타,승용,남,68세,상해없음,승용,남,50세,경상
2020041000100084,2020년 4월 10일 07시,금요일,인천광역시 중구 항동7가,경상사고,0,0,1,0,차대차 - 측면충돌,안전거리미확보,젖음/습기,안개,단일로 - 기타,건설기계,남,54세,상해없음,승용,남,45세,경상
2020041000100085,2020년 4월 10일 07시,금요일,인천광역시 미추홀구 주안동,경상사고,0,0,2,0,차대차 - 기타,안전운전불이행,건조,맑음,단일로 - 기타,승용,남,20세,상해없음,승용,여,27세,경상
2020041000100086,2020년 4월 10일 07시,금요일,인천광역시 서구 심곡동,경상사고,0,0,2,0,차대차 - 측면충돌,중앙선침범,건조,맑음,교차로 - 교차로부근,승용,여,60세,상해없음,승용,남,32세,경상
2020041000100114,2020년 4월 10일 08시,금요일,인천광역시 중구 인현동,중상사고,0,1,0,0,차대차 - 측면충돌,신호위반,건조,맑음,교차로 - 교차로안,승용,여,50세,상해없음,승용,남,32세,중상
2020041000100161,2020년 4월 10일 10시,금요일,인천광역시 미추홀구 주안동,경상사고,0,0,1,0,차대차 - 측면충돌,교차로운행방법위반,건조,맑음,단일로 - 기타,승용,남,34세,상해없음,승용,여,38세,경상
2020041000100195,2020년 4월 10일 11시,금요일,인천광역시 계양구 작전동,중상사고,0,1,0,0,차대차 - 측면충돌,신호위반,건조,맑음,교차로 - 교차로안,승용,남,61세,상해없음,자전거,남,62세,중상
2020041000100235,2020년 4월 10일 12시,금요일,인천광역시 계양구 서운동,경상사고,0,0,4,0,차대차 - 측면충돌,차로위반,건조,맑음,교차로 - 교차로안,승합,남,31세,상해없음,승용,여,37세,경상
2020041000100304,2020년 4월 10일 14시,금요일,인천광역시 부평구 부평동,경상사고,0,0,2,0,차대차 - 후진중충돌,안전운전불이행,건조,맑음,단일로 - 기타,승용,남,77세,상해없음,화물,남,27세,경상
2020041000100344,2020년 4월 10일 15시,금요일,인천광역시 미추홀구 주안동,경상사고,0,0,1,0,차대차 - 기타,안전운전불이행,건조,맑음,교차로 - 교차로안,승용,여,32세,상해없음,승용,남,51세,경상
2020041000100345,2020년 4월 10일 15시,금요일,인천광역시 미추홀구 주안동,경상사고,0,0,2,0,차대차 - 측면충돌,안전운전불이행,건조,맑음,단일로 - 기타,화물,남,59세,상해없음,승용,남,37세,경상
2020041000100401,2020년 4월 10일 17시,금요일,인천광역시 부평구 청천동,중상사고,0,1,0,0,차대차 - 측면충돌,안전운전불이행,건조,맑음,교차로 - 교차로안,승용,남,68세,상해없음,이륜,남,37세,중상
2020041000100402,2020년 4월 10일 17시,금요일,인천광역시 부평구 산곡동,경상사고,0,0,3,0,차대차 - 측면충돌,과속,건조,맑음,단일로 - 기타,승용,남,23세,경상,승용,남,55세,상해없음
2020041000100403,2020년 4월 10일 17시,금요일,인천광역시 부평구 삼산동,중상사고,0,1,0,0,차대사람 - 횡단중,안전운전불이행,건조,맑음,단일로 - 기타,화물,남,63세,상해없음,보행자,남,62세,중상
2020041000100442,2020년 4월 10일 18시,금요일,인천광역시 부평구 구산동,경상사고,0,0,1,0,차대차 - 후진중충돌,안전운전불이행,건조,맑음,교차로 - 교차로부근,승용,남,42세,상해없음,승용,여,31세,경상
2020041000100477,2020년 4월 10일 19시,금요일,인천광역시 부평구 청천동,경상사고,0,0,1,0,차대차 - 측면충돌,안전운전불이행,건조,맑음,단일로 - 기타,승용,여,45세,상해없음,승용,남,62세,경상
2020041100100025,2020년 4월 11일 01시,토요일,인천광역시 서구 백석동,경상사고,0,0,2,0,차대차 - 추돌,안전운전불이행,건조,맑음,교차로 - 교차로부근,승용,남,27세,상해없음,승용,남,55세,경상
2020041100100026,2020년 4월 11일 01시,토요일,인천광역시 서구 심곡동,중상사고,0,1,0,0,차대사람 - 횡단중,안전운전불이행,건조,맑음,교차로 - 교차로부근,승용,남,39세,상해없음,보행자,남,36세,중상
2020041100100040,2020년 4월 11일 02시,토요일,인천광역시 연수구 연수동,경상사고,0,0,2,0,차대차 - 측면충돌,안전운전불이행,건조,맑음,교차로 - 교차로안,승용,남,28세,상해없음,승용,남,20세,경상
2020041100100071,2020년 4월 11일 06시,토요일,인천광역시 동구 송림동,중상사고,0,1,0,0,차대차 - 측면충돌,교차로운행방법위반,건조,맑음,교차로 - 교차로안,승용,남,64세,상해없음,승용,남,48세,중상
2020041100100105,2020년 4월 11일 08시,토요일,인천광역시 미추홀구 용현동,경상사고,0,0,1,0,차대차 - 측면충돌,중앙선침범,건조,맑음,단일로 - 기타,승용,남,37세,상해없음,화물,남,23세,경상
2020041100100106,2020년 4월 11일 08시,토요일,인천광역시 남동구 구월동,중상사고,0,1,0,0,차대차 - 측면충돌,신호위반,건조,맑음,단일로 - 기타,승용,남,59세,상해없음,이륜,남,44세,중상
2020041100100150,2020년 4월 11일 10시,토요일,인천광역시 계양구 작전동,경상사고,0,0,2,0,차대차 - 추돌,안전운전불이행,건조,맑음,교차로 - 교차로부근,승용,남,71세,상해없음,승용,남,42세,경상
2020041100100183,2020년 4월 11일 11시,토요일,인천광역시 계양구 다남동,중상사고,0,1,0,0,차대차 - 기타,안전운전불이행,건조,맑음,단일로 - 기타,자전거,남,43세,상해없음,자전거,남,48세,중상
2020041100100184,2020년 4월 11일 11시,토요일,인천광역시 부평구 구산동,중상사고,0,3,0,0,차대차 - 정면충돌,안전운전불이행,건조,맑음,단일로 - 기타,승용,남,42세,상해없음,화물,남,70세,중상
2020041100100326,2020년 4월 11일 15시,토요일,인천광역시 서구 청라동,경상사고,0,0,2,0,차대차 - 측면충돌,안전운전불이행,건조,맑음,교차로 - 교차로안,승용,여,41세,경상,승용,남,28세,경상
2020041100100361,2020년 4월 11일 16시,토요일,인천광역시 미추홀구 주안동,경상사고,0,0,1,1,차대차 - 측면충돌,안전운전불이행,건조,맑음,단일로 - 기타,승용,남,48세,부상신고,승용,여,50세,경상
2020041100100362,2020년 4월 11일 16시,토요일,인천광역시 강화군 하점면,경상사고,0,0,1,0,차대차 - 측면충돌,중앙선침범,건조,맑음,단일로 - 기타,승용,남,58세,상해없음,화물,남,65세,경상
2020041100100363,2020년 4월 11일 16시,토요일,인천광역시 부평구 부평동,부상신고사고,0,0,0,1,차대사람 - 기타,안전운전불이행,건조,맑음,기타 - 기타,이륜,남,35세,상해없음,보행자,남,23세,부상신고
2020041100100398,2020년 4월 11일 17시,토요일,인천광역시 서구 마전동,경상사고,0,0,2,0,차대차 - 추돌,안전운전불이행,건조,맑음,교차로 - 교차로부근,승용,여,43세,상해없음,승용,남,29세,경상
2020041100100399,2020년 4월 11일 17시,토요일,인천광역시 강화군 내가면,중상사고,0,2,2,0,차대차 - 측면충돌,안전운전불이행,건조,맑음,교차로 - 교차로안,승용,남,58세,상해없음,승용,남,42세,중상
2020041100100442,2020년 4월 11일 18시,토요일,인천광역시 연수구 동춘동,경상사고,0,0,2,0,차대차 - 측면충돌,교차로운행방법위반,건조,맑음,교차로 - 교차로안,승용,남,37세,상해없음,승용,남,34세,경상
2020041100100499,2020년 4월 11일 20시,토요일,인천광역시 연수구 동춘동,중상사고,0,1,1,0,차대차 - 측면충돌,안전운전불이행,건조,맑음,교차로 - 교차로부근,승용,남,35세,상해없음,승용,여,48세,중상
2020041100100528,2020년 4월 11일 21시,토요일,인천광역시 부평구 갈산동,경상사고,0,0,2,0,차대차 - 추돌,안전운전불이행,건조,맑음,단일로 - 고가도로위,승용,남,41세,상해없음,승용,남,31세,경상
2020041100100557,2020년 4월 11일 22시,토요일,인천광역시 남동구 구월동,중상사고,0,1,0,0,차대사람 - 횡단중,안전운전불이행,건조,맑음,단일로 - 기타,승용,남,54세,상해없음,보행자,여,47세,중상
2020041100100578,2020년 4월 11일 23시,토요일,인천광역시 남동구 만수동,부상신고사고,0,0,0,1,차대사람 - 길가장자리구역통행중,안전운전불이행,건조,맑음,단일로 - 기타,승용,남,47세,상해없음,보행자,남,35세,부상신고
2020041200100014,2020년 4월 12일 00시,일요일,인천광역시 중구 운서동,중상사고,0,1,1,0,차량단독 - 공작물충돌,안전운전불이행,건조,맑음,단일로 - 기타,승용,남,25세,중상,,,,
2020041200100015,2020년 4월 12일 00시,일요일,인천광역시 미추홀구 학익동,중상사고,0,1,0,0,차대사람 - 횡단중,보행자보호의무위반,건조,맑음,교차로 - 교차로안,승용,남,24세,상해없음,보행자,여,45세,중상
2020041200100016,2020년 4월 12일 00시,일요일,인천광역시 계양구 박촌동,경상사고,0,0,5,0,차대차 - 추돌,안전운전불이행,건조,맑음,단일로 - 기타,승용,남,26세,상해없음,승용,남,66세,경상
2020041200100017,2020년 4월 12일 00시,일요일,인천광역시 남동구 장수동,경상사고,0,0,2,0,차대차 - 기타,신호위반,건조,맑음,단일로 - 기타,승용,여,40세,상해없음,승용,남,34세,경상
2020041200100030,2020년 4월 12일 01시,일요일,인천광역시 서구 불로동,경상사고,0,0,1,0,차대차 - 측면충돌,안전운전불이행,건조,맑음,단일로 - 기타,승용,남,39세,상해없음,승용,여,35세,경상
2020041200100040,2020년 4월 12일 02시,일요일,인천광역시 부평구 갈산동,경상사고,0,0,1,0,차대차 - 추돌,안전운전불이행,건조,맑음,단일로 - 기타,승용,남,25세,상해없음,승용,남,33세,경상
2020041200100049,2020년 4월 12일 03시,일요일,인천광역시 남동구 만수동,경상사고,0,0,2,0,차대차 - 측면충돌,안전운전불이행,건조,맑음,단일로 - 기타,승용,남,23세,상해없음,승용,남,56세,경상
2020041200100108,2020년 4월 12일 09시,일요일,인천광역시 미추홀구 관교동,경상사고,0,0,1,0,차대차 - 측면충돌,신호위반,건조,맑음,교차로 - 교차로안,승용,남,62세,상해없음,승용,남,30세,경상
2020041200100127,2020년 4월 12일 10시,일요일,인천광역시 부평구 부평동,경상사고,0,0,1,0,차대차 - 측면충돌,교차로운행방법위반,건조,맑음,교차로 - 교차로안,승용,남,75세,상해없음,승합,남,54세,경상
2020041200100153,2020년 4월 12일 11시,일요일,인천광역시 중구 율목동,사망사고,1,0,0,0,차량단독 - 전도전복 - 전도,안전운전불이행,건조,맑음,단일로 - 터널,승용,남,72세,사망,,,,
2020041200100168,2020년 4월 12일 12시,일요일,인천광역시 서구 청라동,경상사고,0,0,1,0,차대차 - 기타,안전운전불이행,건조,맑음,단일로 - 기타,자전거,남,64세,경상,승합,남,58세,상해없음
2020041200100169,2020년 4월 12일 12시,일요일,인천광역시 계양구 계산동,경상사고,0,0,1,0,차대차 - 측면충돌,신호위반,건조,맑음,교차로 - 교차로부근,이륜,남,23세,상해없음,승용,여,44세,경상
2020041200100217,2020년 4월 12일 14시,일요일,인천광역시 부평구 삼산동,중상사고,0,1,0,0,차대차 - 측면충돌,신호위반,건조,맑음,교차로 - 교차로안,승용,남,43세,상해없음,이륜,남,72세,중상
2020041200100218,2020년 4월 12일 14시,일요일,인천광역시 부평구 구산동,경상사고,0,0,2,0,차대차 - 측면충돌,안전운전불이행,건조,맑음,단일로 - 기타,승용,여,52세,상해없음,승용,여,25세,경상
2020041200100281,2020년 4월 12일 16시,일요일,인천광역시 연수구 동춘동,경상사고,0,0,2,0,차대차 - 측면충돌,안전운전불이행,건조,맑음,교차로 - 교차로부근,승용,남,51세,상해없음,승용,여,37세,경상
2020041200100302,2020년 4월 12일 17시,일요일,인천광역시 연수구 연수동,중상사고,0,1,0,0,차대차 - 기타,교차로운행방법위반,건조,맑음,교차로 - 교차로부근,승용,남,62세,상해없음,이륜,남,28세,중상
2020041200100328,2020년 4월 12일 18시,일요일,인천광역시 부평구 청천동,경상사고,0,0,1,0,차량단독 - 기타,안전운전불이행,건조,맑음,교차로 - 교차로부근,승합,남,46세,상해없음,,,,
2020041200100329,2020년 4월 12일 18시,일요일,인천광역시 부평구 부평동,경상사고,0,0,1,0,차대사람 - 기타,안전운전불이행,기타,맑음,단일로 - 기타,승합,남,64세,상해없음,보행자,남,55세,경상
2020041200100330,2020년 4월 12일 18시,일요일,인천광역시 남동구 만수동,경상사고,0,0,2,0,차대차 - 추돌,안전운전불이행,건조,맑음,단일로 - 고가도로위,승합,남,29세,상해없음,승용,남,58세,경상
2020041200100357,2020년 4월 12일 19시,일요일,인천광역시 남동구 간석동,경상사고,0,0,2,0,차대차 - 측면충돌,안전운전불이행,건조,맑음,단일로 - 기타,승용,남,18세,기타불명,화물,남,31세,상해없음
2020041200100358,2020년 4월 12일 19시,일요일,인천광역시 연수구 선학동,경상사고,0,0,4,0,차대차 - 추돌,안전운전불이행,건조,맑음,교차로 - 교차로부근,승용,남,56세,상해없음,승용,남,48세,경상
2020041200100418,2020년 4월 12일 22시,일요일,인천광역시 중구 운서동,중상사고,0,4,0,0,차대차 - 측면충돌,신호위반,건조,맑음,교차로 - 교차로안,승용,남,52세,상해없음,승용,여,33세,중상
2020041200100430,2020년 4월 12일 23시,일요일,인천광역시 미추홀구 주안동,중상사고,0,1,1,0,차대차 - 측면충돌,안전거리미확보,건조,맑음,교차로 - 교차로안,승용,남,59세,상해없음,승용,남,27세,중상
2020041300100008,2020년 4월 13일 00시,월요일,인천광역시 연수구 연수동,경상사고,0,0,1,0,차대차 - 정면충돌,중앙선침범,건조,맑음,단일로 - 기타,승용,남,20세,상해없음,이륜,남,20세,경상
2020041300100009,2020년 4월 13일 00시,월요일,인천광역시 연수구 청학동,경상사고,0,0,1,0,차대차 - 측면충돌,안전운전불이행,건조,맑음,교차로 - 교차로부근,승용,남,67세,상해없음,승용,여,29세,경상
2020041300100026,2020년 4월 13일 05시,월요일,인천광역시 강화군 강화읍,경상사고,0,0,1,0,차대차 - 측면충돌,중앙선침범,건조,맑음,단일로 - 고가도로위,승용,남,79세,상해없음,승용,여,45세,경상
2020041300100053,2020년 4월 13일 07시,월요일,인천광역시 계양구 계산동,중상사고,0,1,0,0,차대사람 - 횡단중,안전운전불이행,건조,맑음,교차로 - 교차로안,특수,남,38세,상해없음,보행자,여,51세,중상
2020041300100091,2020년 4월 13일 08시,월요일,인천광역시 옹진군 영흥면,중상사고,0,2,0,0,차대차 - 정면충돌,중앙선침범,건조,맑음,단일로 - 기타,화물,남,53세,상해없음,승용,남,52세,중상
2020041300100092,2020년 4월 13일 08시,월요일,인천광역시 남동구 구월동,경상사고,0,0,1,0,차대차 - 추돌,안전거리미확보,건조,맑음,단일로 - 기타,승용,여,48세,상해없음,승용,여,35세,경상
2020041300100248,2020년 4월 13일 13시,월요일,인천광역시 계양구 용종동,경상사고,0,0,1,0,차대차 - 측면충돌,안전운전불이행,건조,맑음,단일로 - 기타,승용,남,67세,상해없음,승용,여,55세,경상
2020041300100249,2020년 4월 13일 13시,월요일,인천광역시 강화군 강화읍,중상사고,0,1,0,0,차대사람 - 횡단중,신호위반,건조,맑음,교차로 - 교차로횡단보도내,승용,여,60세,상해없음,보행자,여,66세,중상
2020041300100280,2020년 4월 13일 14시,월요일,인천광역시 중구 항동7가,중상사고,0,1,0,0,차대차 - 측면충돌,안전운전불이행,건조,맑음,단일로 - 기타,특수,남,56세,기타불명,승용,남,25세,중상
2020041300100314,2020년 4월 13일 15시,월요일,인천광역시 남동구 구월동,경상사고,0,0,3,0,차대차 - 측면충돌,안전운전불이행,건조,맑음,교차로 - 교차로안,승용,남,71세,상해없음,화물,남,44세,경상
2020041300100348,2020년 4월 13일 16시,월요일,인천광역시 남동구 간석동,경상사고,0,0,1,0,차대사람 - 기타,안전운전불이행,건조,맑음,단일로 - 기타,승용,남,59세,상해없음,보행자,남,43세,경상
2020041300100400,2020년 4월 13일 17시,월요일,인천광역시 부평구 부평동,경상사고,0,0,1,0,차대차 - 측면충돌,교차로운행방법위반,건조,맑음,교차로 - 교차로안,승용,여,42세,기타불명,승용,남,54세,경상
2020041300100448,2020년 4월 13일 18시,월요일,인천광역시 미추홀구 주안동,경상사고,0,0,1,0,차대사람 - 기타,안전운전불이행,건조,맑음,기타 - 기타,승용,남,62세,상해없음,보행자,남,48세,경상
2020041300100497,2020년 4월 13일 19시,월요일,인천광역시 남동구 구월동,경상사고,0,0,5,0,차대차 - 정면충돌,신호위반,건조,맑음,교차로 - 교차로안,승합,남,48세,상해없음,승용,남,76세,경상
2020041300100498,2020년 4월 13일 19시,월요일,인천광역시 서구 원당동,경상사고,0,0,1,0,차대차 - 기타,안전운전불이행,건조,맑음,교차로 - 교차로안,승용,남,51세,상해없음,승용,남,33세,경상
2020041300100529,2020년 4월 13일 20시,월요일,인천광역시 미추홀구 문학동,경상사고,0,0,1,0,차대차 - 기타,기타,건조,기타,단일로 - 기타,승용,남,52세,기타불명,승용,여,31세,경상
2020041300100530,2020년 4월 13일 20시,월요일,인천광역시 남동구 간석동,경상사고,0,0,1,0,차대사람 - 차도통행중,안전운전불이행,건조,맑음,단일로 - 기타,화물,남,48세,상해없음,보행자,여,44세,경상
2020041300100531,2020년 4월 13일 20시,월요일,인천광역시 서구 당하동,중상사고,0,1,0,0,차대차 - 기타,신호위반,건조,맑음,교차로 - 교차로안,승용,여,18세,상해없음,자전거,여,34세,중상
2020041300100532,2020년 4월 13일 20시,월요일,인천광역시 서구 경서동,경상사고,0,0,2,0,차대차 - 측면충돌,차로위반,건조,맑음,단일로 - 기타,승용,여,59세,상해없음,승용,여,51세,경상
2020041300100565,2020년 4월 13일 21시,월요일,인천광역시 동구 화수동,중상사고,0,1,0,0,차대사람 - 차도통행중,안전운전불이행,건조,맑음,단일로 - 기타,승용,남,28세,상해없음,보행자,남,67세,중상
2020041300100566,2020년 4월 13일 21시,월요일,인천광역시 서구 청라동,중상사고,0,1,1,0,차대차 - 측면충돌,신호위반,건조,맑음,교차로 - 교차로안,이륜,남,44세,중상,승용,여,47세,경상
2020041300100567,2020년 4월 13일 21시,월요일,인천광역시 서구 당하동,중상사고,0,1,0,0,차대차 - 기타,신호위반,건조,맑음,교차로 - 교차로안,승용,남,44세,상해없음,승용,여,46세,중상
2020041300100585,2020년 4월 13일 22시,월요일,인천광역시 남동구 구월동,경상사고,0,0,1,0,차대사람 - 기타,안전운전불이행,건조,맑음,교차로 - 교차로안,승용,남,25세,상해없음,보행자,여,17세,경상
2020041300100598,2020년 4월 13일 23시,월요일,인천광역시 미추홀구 도화동,경상사고,0,0,1,0,차대차 - 추돌,안전운전불이행,건조,맑음,기타 - 기타,승용,남,59세,상해없음,화물,남,41세,경상
2020041400100045,2020년 4월 14일 04시,화요일,인천광역시 미추홀구 도화동,중상사고,0,1,0,0,차대차 - 기타,신호위반,건조,맑음,교차로 - 교차로부근,승용,남,20세,상해없음,승용,남,35세,중상
2020041400100055,2020년 4월 14일 06시,화요일,인천광역시 서구 왕길동,경상사고,0,0,2,0,차대차 - 기타,안전운전불이행,건조,맑음,기타 - 기타,승용,남,59세,경상,화물,남,36세,경상
2020041400100071,2020년 4월 14일 07시,화요일,인천광역시 미추홀구 주안동,경상사고,0,0,2,0,차대차 - 추돌,안전운전불이행,건조,맑음,교차로 - 교차로부근,승용,남,54세,상해없음,화물,남,36세,경상
2020041400100102,2020년 4월 14일 08시,화요일,인천광역시 남동구 만수동,경상사고,0,0,1,0,차대차 - 측면충돌,교차로운행방법위반,건조,맑음,교차로 - 교차로안,승용,여,28세,상해없음,승용,여,56세,경상
2020041400100162,2020년 4월 14일 10시,화요일,인천광역시 서구 금곡동,중상사고,0,1,0,0,차대차 - 기타,안전운전불이행,건조,맑음,단일로 - 기타,이륜,남,43세,중상,화물,남,53세,상해없음
2020041400100226,2020년 4월 14일 12시,화요일,인천광역시 부평구 삼산동,경상사고,0,0,1,0,차대차 - 측면충돌,교차로운행방법위반,건조,맑음,교차로 - 교차로안,승용,여,53세,기타불명,승용,여,27세,경상
2020041400100259,2020년 4월 14일 13시,화요일,인천광역시 부평구 청천동,경상사고,0,0,1,0,차대차 - 측면충돌,신호위반,건조,맑음,교차로 - 교차로부근,승용,남,48세,상해없음,자전거,남,58세,경상
2020041400100260,2020년 4월 14일 13시,화요일,인천광역시 남동구 만수동,중상사고,0,1,2,0,차대차 - 측면충돌,직진우회전진행방해,건조,맑음,교차로 - 교차로안,승용,여,59세,경상,승용,여,52세,중상
2020041400100261,2020년 4월 14일 13시,화요일,인천광역시 계양구 계산동,경상사고,0,0,1,0,차대차 - 측면충돌,안전운전불이행,건조,맑음,교차로 - 교차로부근,승용,여,28세,상해없음,승용,여,57세,경상
2020041400100262,2020년 4월 14일 13시,화요일,인천광역시 부평구 부개동,경상사고,0,0,3,0,차대차 - 측면충돌,중앙선침범,건조,맑음,교차로 - 교차로부근,이륜,남,26세,상해없음,승용,남,60세,경상
2020041400100263,2020년 4월 14일 13시,화요일,인천광역시 부평구 일신동,경상사고,0,0,1,3,차대차 - 추돌,안전거리미확보,건조,맑음,단일로 - 교량,승용,남,59세,경상,승용,남,48세,부상신고
2020041400100292,2020년 4월 14일 14시,화요일,인천광역시 부평구 청천동,부상신고사고,0,0,0,1,차대차 - 측면충돌,안전운전불이행,건조,맑음,단일로 - 지하차도(도로)내,승용,남,47세,상해없음,원동기,남,40세,부상신고
2020041400100293,2020년 4월 14일 14시,화요일,인천광역시 계양구 작전동,경상사고,0,0,5,0,차대차 - 측면충돌,차로위반,건조,맑음,교차로 - 교차로안,승용,남,55세,상해없음,승용,남,22세,경상
2020041400100324,2020년 4월 14일 15시,화요일,인천광역시 계양구 용종동,경상사고,0,0,2,0,차대차 - 측면충돌,차로위반,건조,맑음,단일로 - 기타,승합,남,45세,상해없음,승용,남,30세,경상
2020041400100356,2020년 4월 14일 16시,화요일,인천광역시 남동구 장수동,부상신고사고,0,0,0,1,차대차 - 추돌,안전운전불이행,건조,맑음,단일로 - 기타,승용,남,27세,상해없음,승용,남,50세,부상신고
2020041400100459,2020년 4월 14일 18시,화요일,인천광역시 서구 가정동,경상사고,0,0,3,0,차대차 - 추돌,안전운전불이행,건조,맑음,교차로 - 교차로안,승용,남,57세,경상,승용,여,50세,경상
2020041400100576,2020년 4월 14일 22시,화요일,인천광역시 남동구 논현동,중상사고,0,1,0,0,차대차 - 측면충돌,불법유턴,건조,맑음,교차로 - 교차로부근,이륜,남,20세,중상,승용,남,47세,상해없음
2020041400100603,2020년 4월 14일 23시,화요일,인천광역시 남동구 간석동,경상사고,0,0,1,0,차대차 - 정면충돌,신호위반,건조,맑음,교차로 - 교차로안,승용,남,30세,상해없음,승용,남,22세,경상
2020041500100012,2020년 4월 15일 00시,수요일,인천광역시 남동구 구월동,경상사고,0,0,2,0,차대차 - 기타,안전운전불이행,건조,맑음,단일로 - 기타,승용,남,26세,상해없음,승용,남,27세,경상
2020041500100013,2020년 4월 15일 00시,수요일,인천광역시 연수구 청학동,중상사고,0,1,1,0,차대차 - 측면충돌,신호위반,건조,맑음,단일로 - 지하차도(도로)내,승용,남,56세,상해없음,승용,여,45세,경상
2020041500100031,2020년 4월 15일 01시,수요일,인천광역시 남동구 논현동,경상사고,0,0,3,0,차대차 - 측면충돌,신호위반,건조,맑음,교차로 - 교차로안,기타불명,기타불명,미분류,기타불명,승용,남,23세,경상
2020041500100075,2020년 4월 15일 06시,수요일,인천광역시 서구 경서동,경상사고,0,0,1,0,차대차 - 측면충돌,안전운전불이행,건조,맑음,단일로 - 기타,승용,남,43세,상해없음,승합,남,45세,경상
2020041500100086,2020년 4월 15일 07시,수요일,인천광역시 서구 왕길동,경상사고,0,0,1,0,차대차 - 추돌,안전거리미확보,건조,맑음,교차로 - 교차로안,승용,남,70세,상해없음,승용,여,40세,경상
2020041500100099,2020년 4월 15일 08시,수요일,인천광역시 부평구 부평동,경상사고,0,0,1,0,차대차 - 측면충돌,안전운전불이행,건조,맑음,교차로 - 교차로부근,승용,남,61세,상해없음,이륜,남,62세,경상