사고번호,사고일시,요일,시군구,사고내용,사망자수,중상자수,경상자수,부상신고자수,사고유형,법규위반,노면상태,기상상태,도로형태,가해운전자 차종,가해운전자 성별,가해운전자 연령,가해운전자 상해정도,피해운전자 차종,피해운전자 성별,피해운전자 연령,피해운전자 상해정도
2020041500100100,2020년 4월 15일 08시,수요일,인천광역시 서구 마전동,중상사고,0,1,0,0,차대차 - 측면충돌,안전운전불이행,건조,맑음,단일로 - 기타,화물,남,64세,상해없음,이륜,남,42세,중상
2020041500100115,2020년 4월 15일 09시,수요일,인천광역시 서구 청라동,경상사고,0,0,1,0,차대차 - 기타,안전운전불이행,건조,맑음,교차로 - 교차로안,승용,여,54세,상해없음,승용,여,42세,경상
2020041500100166,2020년 4월 15일 11시,수요일,인천광역시 부평구 청천동,경상사고,0,0,1,0,차대차 - 측면충돌,안전운전불이행,건조,맑음,단일로 - 기타,승용,남,30세,상해없음,승용,여,56세,경상
2020041500100210,2020년 4월 15일 13시,수요일,인천광역시 남동구 장수동,경상사고,0,0,1,0,차대차 - 측면충돌,차로위반,건조,맑음,교차로 - 교차로부근,승용,남,54세,상해없음,승용,남,26세,경상
2020041500100249,2020년 4월 15일 14시,수요일,인천광역시 부평구 십정동,경상사고,0,0,1,0,차대사람 - 길가장자리구역통행중,안전운전불이행,건조,맑음,단일로 - 기타,승용,여,45세,상해없음,보행자,여,51세,경상
2020041500100250,2020년 4월 15일 14시,수요일,인천광역시 계양구 용종동,경상사고,0,0,1,0,차대차 - 측면충돌,안전운전불이행,건조,맑음,교차로 - 교차로부근,승용,남,65세,상해없음,화물,남,24세,경상
2020041500100284,2020년 4월 15일 15시,수요일,인천광역시 서구 가정동,경상사고,0,0,2,0,차대차 - 측면충돌,안전운전불이행,건조,맑음,교차로 - 교차로안,승용,남,58세,상해없음,승용,여,34세,경상
2020041500100285,2020년 4월 15일 15시,수요일,인천광역시 연수구 송도동,중상사고,0,1,0,0,차대차 - 측면충돌,안전운전불이행,건조,맑음,단일로 - 기타,승용,여,72세,상해없음,자전거,남,40세,중상
2020041500100314,2020년 4월 15일 16시,수요일,인천광역시 미추홀구 용현동,중상사고,0,1,0,0,차대사람 - 횡단중,보행자보호의무위반,건조,맑음,교차로 - 교차로횡단보도내,화물,남,30세,상해없음,보행자,남,63세,중상
2020041500100316,2020년 4월 15일 16시,수요일,인천광역시 연수구 송도동,경상사고,0,0,1,0,차대차 - 측면충돌,안전운전불이행,건조,맑음,교차로 - 교차로안,승용,여,46세,상해없음,자전거,여,75세,경상
2020041500100349,2020년 4월 15일 17시,수요일,인천광역시 계양구 계산동,경상사고,0,0,3,0,차대차 - 측면충돌,차로위반,건조,맑음,단일로 - 기타,승용,남,21세,상해없음,승용,남,33세,경상
2020041500100400,2020년 4월 15일 19시,수요일,인천광역시 동구 송림동,중상사고,0,1,1,0,차대차 - 측면충돌,안전거리미확보,건조,맑음,단일로 - 기타,승용,남,50세,상해없음,이륜,남,39세,중상
2020041500100401,2020년 4월 15일 19시,수요일,인천광역시 부평구 부평동,경상사고,0,0,4,0,차대차 - 추돌,안전운전불이행,건조,맑음,교차로 - 교차로안,승용,남,29세,기타불명,승용,남,43세,경상
2020041500100402,2020년 4월 15일 19시,수요일,인천광역시 서구 왕길동,경상사고,0,0,1,0,차대차 - 측면충돌,안전운전불이행,건조,맑음,교차로 - 교차로안,승용,남,43세,상해없음,승합,남,55세,경상
2020041600100007,2020년 4월 16일 00시,목요일,인천광역시 부평구 부평동,경상사고,0,0,1,0,차대사람 - 차도통행중,불법유턴,건조,맑음,교차로 - 교차로부근,승용,남,62세,상해없음,보행자,남,55세,경상
2020041600100064,2020년 4월 16일 07시,목요일,인천광역시 연수구 송도동,경상사고,0,0,2,0,차대사람 - 기타,안전운전불이행,건조,맑음,주차장 - 주차장,승합,남,58세,경상,보행자,남,22세,경상
2020041600100111,2020년 4월 16일 09시,목요일,인천광역시 서구 가좌동,중상사고,0,1,0,0,차대차 - 측면충돌,교차로운행방법위반,건조,맑음,교차로 - 교차로안,화물,남,59세,상해없음,자전거,남,78세,중상
2020041600100112,2020년 4월 16일 09시,목요일,인천광역시 연수구 동춘동,경상사고,0,0,1,0,차대차 - 측면충돌,교차로운행방법위반,건조,맑음,교차로 - 교차로안,승용,여,38세,상해없음,승용,여,41세,경상
2020041600100133,2020년 4월 16일 10시,목요일,인천광역시 서구 청라동,경상사고,0,0,2,0,차대차 - 기타,안전운전불이행,건조,맑음,교차로 - 교차로안,승용,여,57세,상해없음,승합,남,35세,상해없음
2020041600100134,2020년 4월 16일 10시,목요일,인천광역시 남동구 수산동,경상사고,0,0,1,0,차대차 - 추돌,안전운전불이행,건조,맑음,단일로 - 기타,승용,여,41세,상해없음,승용,여,39세,경상
2020041600100135,2020년 4월 16일 10시,목요일,인천광역시 계양구 노오지동,중상사고,0,1,0,0,차대차 - 측면충돌,안전거리미확보,건조,맑음,단일로 - 기타,화물,남,42세,상해없음,승용,남,67세,중상
2020041600100185,2020년 4월 16일 12시,목요일,인천광역시 서구 마전동,중상사고,0,1,0,0,차대차 - 추돌,안전운전불이행,건조,맑음,단일로 - 기타,이륜,남,73세,중상,화물,남,56세,상해없음
2020041600100187,2020년 4월 16일 12시,목요일,인천광역시 강화군 불은면,경상사고,0,0,1,0,차대차 - 측면충돌,중앙선침범,건조,맑음,교차로 - 교차로부근,승용,여,48세,상해없음,승용,여,55세,경상
2020041600100188,2020년 4월 16일 12시,목요일,인천광역시 남동구 서창동,경상사고,0,0,1,0,차대사람 - 횡단중,안전운전불이행,건조,맑음,단일로 - 기타,승용,여,58세,상해없음,보행자,여,20세,경상
2020041600100253,2020년 4월 16일 14시,목요일,인천광역시 서구 경서동,경상사고,0,0,1,0,차대차 - 측면충돌,중앙선침범,건조,맑음,단일로 - 기타,승용,남,38세,상해없음,화물,남,33세,경상
2020041600100254,2020년 4월 16일 14시,목요일,인천광역시 연수구 연수동,중상사고,0,1,0,0,차량단독 - 기타,기타,젖음/습기,비,단일로 - 기타,승합,남,58세,상해없음,,,,
2020041600100255,2020년 4월 16일 14시,목요일,인천광역시 남동구 논현동,중상사고,0,1,3,0,차대차 - 측면충돌,중앙선침범,건조,맑음,단일로 - 기타,승용,남,58세,경상,승합,남,57세,중상
2020041600100320,2020년 4월 16일 16시,목요일,인천광역시 서구 원창동,경상사고,0,0,1,0,차대차 - 측면충돌,신호위반,건조,맑음,교차로 - 교차로안,승용,남,53세,상해없음,승용,남,39세,경상
2020041600100353,2020년 4월 16일 17시,목요일,인천광역시 부평구 십정동,경상사고,0,0,1,0,차대차 - 추돌,안전거리미확보,건조,맑음,단일로 - 지하차도(도로)내,승용,남,22세,상해없음,승용,여,31세,경상
2020041600100354,2020년 4월 16일 17시,목요일,인천광역시 부평구 십정동,경상사고,0,0,1,0,차대차 - 측면충돌,안전운전불이행,건조,맑음,교차로 - 교차로부근,승용,남,25세,상해없음,승합,남,50세,경상
2020041600100396,2020년 4월 16일 18시,목요일,인천광역시 서구 연희동,경상사고,0,0,1,0,차대차 - 추돌,안전운전불이행,건조,맑음,단일로 - 기타,승용,남,35세,상해없음,승용,여,55세,경상
2020041600100460,2020년 4월 16일 20시,목요일,인천광역시 미추홀구 주안동,경상사고,0,0,1,0,차대차 - 기타,안전운전불이행,건조,맑음,단일로 - 기타,승용,남,61세,상해없음,승용,남,62세,경상
2020041600100461,2020년 4월 16일 20시,목요일,인천광역시 서구 왕길동,경상사고,0,0,1,0,차대차 - 기타,안전운전불이행,건조,맑음,단일로 - 기타,승용,여,60세,상해없음,승용,여,55세,상해없음
2020041600100490,2020년 4월 16일 21시,목요일,인천광역시 부평구 부평동,경상사고,0,0,3,0,차대차 - 측면충돌,안전운전불이행,건조,맑음,단일로 - 기타,화물,남,42세,상해없음,승용,남,21세,경상
2020041600100491,2020년 4월 16일 21시,목요일,인천광역시 남동구 구월동,경상사고,0,0,1,0,차대사람 - 횡단중,보행자보호의무위반,건조,맑음,교차로 - 교차로횡단보도내,승용,남,52세,상해없음,보행자,남,57세,경상
2020041600100492,2020년 4월 16일 21시,목요일,인천광역시 부평구 삼산동,경상사고,0,0,1,0,차대차 - 추돌,안전거리미확보,건조,맑음,단일로 - 기타,승용,남,48세,상해없음,승용,남,30세,상해없음
2020041600100508,2020년 4월 16일 22시,목요일,인천광역시 남동구 간석동,경상사고,0,0,1,0,차대차 - 측면충돌,안전거리미확보,건조,맑음,교차로 - 교차로안,승용,여,53세,상해없음,승합,남,49세,상해없음
2020041700100009,2020년 4월 17일 00시,금요일,인천광역시 남동구 간석동,경상사고,0,0,2,0,차대차 - 정면충돌,중앙선침범,건조,맑음,단일로 - 기타,승용,남,28세,상해없음,승합,남,57세,경상
2020041700100028,2020년 4월 17일 02시,금요일,인천광역시 미추홀구 도화동,경상사고,0,0,1,0,차대차 - 추돌,안전운전불이행,젖음/습기,비,교차로 - 교차로부근,이륜,남,35세,상해없음,승용,남,62세,상해없음
2020041700100096,2020년 4월 17일 08시,금요일,인천광역시 남동구 만수동,중상사고,0,1,0,0,차대차 - 추돌,안전운전불이행,젖음/습기,비,단일로 - 고가도로위,화물,남,65세,상해없음,승용,남,43세,중상
2020041700100145,2020년 4월 17일 10시,금요일,인천광역시 계양구 작전동,중상사고,0,1,0,0,차대차 - 측면충돌,안전운전불이행,건조,맑음,교차로 - 교차로안,승용,남,45세,상해없음,이륜,남,49세,중상
2020041700100234,2020년 4월 17일 13시,금요일,인천광역시 남동구 서창동,경상사고,0,0,1,0,차대차 - 정면충돌,안전운전불이행,젖음/습기,비,교차로 - 교차로안,화물,남,50세,상해없음,이륜,남,48세,경상
2020041700100235,2020년 4월 17일 13시,금요일,인천광역시 서구 가정동,경상사고,0,0,1,0,차대차 - 측면충돌,안전운전불이행,젖음/습기,비,기타 - 기타,승용,남,33세,상해없음,승용,남,30세,경상
2020041700100295,2020년 4월 17일 15시,금요일,인천광역시 동구 송림동,경상사고,0,0,1,0,차대차 - 측면충돌,안전운전불이행,건조,맑음,단일로 - 기타,이륜,남,22세,상해없음,승용,여,36세,경상
2020041700100330,2020년 4월 17일 16시,금요일,인천광역시 남동구 장수동,경상사고,0,0,1,0,차대차 - 측면충돌,안전운전불이행,건조,맑음,단일로 - 기타,화물,남,24세,상해없음,승용,남,24세,경상
2020041700100363,2020년 4월 17일 17시,금요일,인천광역시 부평구 구산동,경상사고,0,0,1,0,차대차 - 측면충돌,안전운전불이행,건조,맑음,단일로 - 기타,특수,남,47세,상해없음,특수,남,52세,경상
2020041700100395,2020년 4월 17일 18시,금요일,인천광역시 계양구 작전동,경상사고,0,0,5,0,차대차 - 측면충돌,안전거리미확보,건조,맑음,교차로 - 교차로부근,승용,남,53세,상해없음,승용,남,19세,경상
2020041700100435,2020년 4월 17일 19시,금요일,인천광역시 계양구 작전동,경상사고,0,0,1,0,차대사람 - 기타,안전운전불이행,건조,맑음,단일로 - 기타,승용,남,82세,상해없음,보행자,여,63세,경상
2020041700100460,2020년 4월 17일 20시,금요일,인천광역시 서구 청라동,경상사고,0,0,1,0,차대차 - 측면충돌,신호위반,건조,맑음,교차로 - 교차로안,이륜,남,33세,상해없음,승합,여,63세,경상
2020041700100492,2020년 4월 17일 21시,금요일,인천광역시 연수구 송도동,중상사고,0,1,0,0,차대차 - 측면충돌,기타,건조,맑음,단일로 - 기타,기타불명,기타불명,미분류,기타불명,자전거,남,12세,중상
2020041700100493,2020년 4월 17일 21시,금요일,인천광역시 연수구 송도동,경상사고,0,0,1,0,차대차 - 기타,교차로운행방법위반,건조,맑음,교차로 - 교차로안,승용,여,59세,상해없음,이륜,남,36세,경상
2020041700100517,2020년 4월 17일 22시,금요일,인천광역시 남동구 구월동,중상사고,0,1,1,0,차대차 - 측면충돌,신호위반,건조,맑음,교차로 - 교차로안,승용,여,23세,상해없음,승용,남,39세,경상
2020041700100518,2020년 4월 17일 22시,금요일,인천광역시 서구 청라동,부상신고사고,0,0,0,1,차량단독 - 기타,안전운전불이행,건조,맑음,단일로 - 기타,이륜,남,32세,부상신고,,,,
2020041700100519,2020년 4월 17일 22시,금요일,인천광역시 계양구 계산동,경상사고,0,0,1,0,차대사람 - 기타,신호위반,건조,맑음,단일로 - 기타,기타불명,기타불명,미분류,기타불명,보행자,남,44세,경상
2020041700100520,2020년 4월 17일 22시,금요일,인천광역시 강화군 하점면,경상사고,0,0,1,0,차량단독 - 전도전복 - 전도,안전운전불이행,건조,맑음,교차로 - 교차로부근,이륜,남,46세,경상,,,,
2020041700100549,2020년 4월 17일 23시,금요일,인천광역시 남동구 구월동,경상사고,0,0,3,0,차대차 - 추돌,안전운전불이행,건조,맑음,교차로 - 교차로안,승용,남,62세,상해없음,승용,여,25세,경상
2020041800100059,2020년 4월 18일 05시,토요일,인천광역시 연수구 송도동,중상사고,0,1,0,0,차대사람 - 차도통행중,안전운전불이행,건조,맑음,단일로 - 기타,승용,여,28세,상해없음,보행자,남,61세,중상
2020041800100131,2020년 4월 18일 09시,토요일,인천광역시 미추홀구 도화동,경상사고,0,0,1,0,차대사람 - 보도통행중,기타,건조,맑음,단일로 - 기타,화물,여,48세,상해없음,보행자,남,52세,경상
2020041800100132,2020년 4월 18일 09시,토요일,인천광역시 미추홀구 주안동,경상사고,0,0,2,0,차대차 - 추돌,안전운전불이행,건조,맑음,교차로 - 교차로부근,승용,남,28세,상해없음,승용,남,41세,경상
2020041800100133,2020년 4월 18일 09시,토요일,인천광역시 남동구 수산동,경상사고,0,0,1,1,차대차 - 추돌,안전운전불이행,건조,맑음,교차로 - 교차로부근,화물,남,61세,상해없음,승용,남,42세,부상신고
2020041800100159,2020년 4월 18일 10시,토요일,인천광역시 남동구 구월동,중상사고,0,2,0,0,차대차 - 측면충돌,안전운전불이행,건조,맑음,단일로 - 기타,승용,남,63세,상해없음,이륜,남,20세,중상
2020041800100160,2020년 4월 18일 10시,토요일,인천광역시 남동구 구월동,경상사고,0,0,1,0,차대차 - 기타,안전운전불이행,건조,맑음,교차로 - 교차로부근,승용,남,57세,상해없음,승용,남,23세,경상
2020041800100161,2020년 4월 18일 10시,토요일,인천광역시 서구 신현동,경상사고,0,0,2,0,차대차 - 기타,안전운전불이행,건조,맑음,교차로 - 교차로안,승용,여,45세,경상,승용,남,50세,경상
2020041800100162,2020년 4월 18일 10시,토요일,인천광역시 부평구 부평동,경상사고,0,0,2,0,차대차 - 측면충돌,교차로운행방법위반,건조,맑음,교차로 - 교차로안,화물,남,52세,상해없음,승용,남,55세,경상
2020041800100188,2020년 4월 18일 11시,토요일,인천광역시 연수구 옥련동,경상사고,0,0,2,0,차대차 - 측면충돌,안전운전불이행,건조,맑음,교차로 - 교차로안,승용,남,56세,경상,승용,남,47세,경상
2020041800100189,2020년 4월 18일 11시,토요일,인천광역시 연수구 송도동,경상사고,0,0,1,0,차대차 - 측면충돌,중앙선침범,건조,맑음,단일로 - 기타,승용,남,34세,상해없음,승용,남,28세,경상
2020041800100221,2020년 4월 18일 12시,토요일,인천광역시 계양구 병방동,경상사고,0,0,1,0,차대차 - 측면충돌,안전거리미확보,건조,맑음,단일로 - 기타,승용,남,49세,상해없음,승용,남,59세,상해없음
2020041800100222,2020년 4월 18일 12시,토요일,인천광역시 연수구 동춘동,경상사고,0,0,1,0,차대차 - 기타,차로위반,건조,맑음,단일로 - 기타,승용,남,70세,상해없음,승합,남,44세,경상
2020041800100223,2020년 4월 18일 12시,토요일,인천광역시 부평구 삼산동,경상사고,0,0,2,0,차대차 - 측면충돌,안전거리미확보,건조,맑음,단일로 - 기타,승용,여,38세,경상,화물,남,33세,경상
2020041800100254,2020년 4월 18일 13시,토요일,인천광역시 미추홀구 숭의동,중상사고,0,1,0,0,차대사람 - 횡단중,보행자보호의무위반,건조,맑음,교차로 - 교차로안,승용,남,70세,상해없음,보행자,남,69세,중상
2020041800100255,2020년 4월 18일 13시,토요일,인천광역시 남동구 구월동,경상사고,0,0,1,0,차대차 - 측면충돌,안전거리미확보,건조,맑음,기타 - 기타,승용,남,46세,상해없음,승용,여,60세,경상
2020041800100256,2020년 4월 18일 13시,토요일,인천광역시 부평구 구산동,경상사고,0,0,2,0,차대차 - 후진중충돌,안전운전불이행,건조,맑음,단일로 - 기타,승용,여,72세,상해없음,승용,남,35세,경상
2020041800100289,2020년 4월 18일 14시,토요일,인천광역시 계양구 효성동,경상사고,0,0,1,0,차대차 - 측면충돌,교차로운행방법위반,건조,맑음,교차로 - 교차로안,화물,남,53세,상해없음,개인형이동수단(PM),여,23세,경상
2020041800100333,2020년 4월 18일 15시,토요일,인천광역시 중구 항동7가,중상사고,0,1,0,0,차대차 - 측면충돌,교차로운행방법위반,건조,맑음,교차로 - 교차로안,특수,남,68세,상해없음,승용,남,74세,중상
2020041800100334,2020년 4월 18일 15시,토요일,인천광역시 서구 심곡동,경상사고,0,0,1,0,차대차 - 측면충돌,안전운전불이행,건조,맑음,단일로 - 기타,승용,남,57세,상해없음,자전거,남,40세,경상
2020041800100365,2020년 4월 18일 16시,토요일,인천광역시 서구 청라동,경상사고,0,0,1,0,차대차 - 기타,안전운전불이행,건조,맑음,단일로 - 기타,기타불명,기타불명,미분류,기타불명,자전거,남,14세,상해없음
2020041800100402,2020년 4월 18일 17시,토요일,인천광역시 남동구 구월동,경상사고,0,0,1,0,차대차 - 측면충돌,신호위반,건조,맑음,교차로 - 교차로안,승용,남,50세,상해없음,이륜,남,23세,경상
2020041800100403,2020년 4월 18일 17시,토요일,인천광역시 강화군 화도면,경상사고,0,0,2,0,차대차 - 측면충돌,중앙선침범,건조,맑음,단일로 - 기타,승용,남,70세,상해없음,화물,남,30세,경상
2020041800100502,2020년 4월 18일 21시,토요일,인천광역시 서구 석남동,경상사고,0,0,2,0,차대차 - 추돌,안전운전불이행,건조,맑음,단일로 - 기타,화물,남,54세,경상,승용,남,62세,경상
2020041800100519,2020년 4월 18일 22시,토요일,인천광역시 부평구 십정동,경상사고,0,0,1,0,차대사람 - 기타,안전운전불이행,건조,맑음,단일로 - 지하차도(도로)내,승용,남,56세,상해없음,보행자,여,36세,경상
2020041800100520,2020년 4월 18일 22시,토요일,인천광역시 부평구 부개동,경상사고,0,0,1,0,차대차 - 기타,기타,건조,맑음,교차로 - 교차로부근,승용,남,37세,상해없음,승용,남,32세,경상
2020041900100016,2020년 4월 19일 00시,일요일,인천광역시 남동구 구월동,중상사고,0,1,1,0,차대차 - 추돌,안전운전불이행,건조,맑음,교차로 - 교차로부근,승용,남,24세,상해없음,승용,남,55세,경상
2020041900100038,2020년 4월 19일 01시,일요일,인천광역시 미추홀구 용현동,중상사고,0,2,3,0,차대차 - 정면충돌,안전운전불이행,건조,맑음,교차로 - 교차로부근,승용,남,24세,상해없음,승용,남,31세,경상
2020041900100039,2020년 4월 19일 01시,일요일,인천광역시 부평구 청천동,중상사고,0,1,1,0,차대차 - 추돌,안전운전불이행,건조,맑음,교차로 - 교차로부근,승용,남,52세,상해없음,화물,남,27세,중상
2020041900100057,2020년 4월 19일 04시,일요일,인천광역시 남동구 구월동,경상사고,0,0,1,0,차대사람 - 횡단중,신호위반,건조,맑음,단일로 - 기타,이륜,남,38세,상해없음,보행자,남,35세,경상
2020041900100058,2020년 4월 19일 04시,일요일,인천광역시 연수구 동춘동,중상사고,0,2,0,0,차대차 - 추돌,안전운전불이행,건조,흐림,단일로 - 기타,승용,남,41세,상해없음,승용,남,42세,중상
2020041900100079,2020년 4월 19일 08시,일요일,인천광역시 서구 신현동,경상사고,0,0,1,0,차대차 - 기타,신호위반,건조,맑음,교차로 - 교차로안,승용,여,52세,상해없음,승용,남,71세,경상
2020041900100090,2020년 4월 19일 09시,일요일,인천광역시 중구 선린동,경상사고,0,0,1,0,차대차 - 측면충돌,안전운전불이행,건조,흐림,교차로 - 교차로부근,승용,남,49세,상해없음,화물,남,55세,경상
2020041900100114,2020년 4월 19일 11시,일요일,인천광역시 부평구 산곡동,경상사고,0,0,1,0,차대차 - 기타,안전운전불이행,건조,맑음,기타 - 기타,승용,남,20세,상해없음,승용,남,60세,경상
2020041900100135,2020년 4월 19일 12시,일요일,인천광역시 남동구 구월동,경상사고,0,0,3,0,차대차 - 추돌,안전운전불이행,건조,흐림,단일로 - 기타,이륜,남,35세,상해없음,승용,남,31세,상해없음
2020041900100254,2020년 4월 19일 17시,일요일,인천광역시 서구 금곡동,경상사고,0,0,4,0,차대차 - 측면충돌,안전운전불이행,젖음/습기,비,교차로 - 교차로안,승용,여,46세,경상,승용,남,18세,경상
2020041900100281,2020년 4월 19일 18시,일요일,인천광역시 계양구 병방동,경상사고,0,0,1,0,차대차 - 측면충돌,기타,젖음/습기,비,단일로 - 기타,승용,남,48세,상해없음,이륜,남,28세,경상
2020041900100282,2020년 4월 19일 18시,일요일,인천광역시 연수구 동춘동,경상사고,0,0,2,0,차대차 - 추돌,안전거리미확보,젖음/습기,비,단일로 - 기타,승합,남,50세,상해없음,승용,남,62세,상해없음
2020041900100323,2020년 4월 19일 19시,일요일,인천광역시 계양구 임학동,경상사고,0,0,2,0,차대차 - 기타,안전운전불이행,젖음/습기,비,교차로 - 교차로안,이륜,남,39세,상해없음,승용,남,31세,경상
2020041900100348,2020년 4월 19일 20시,일요일,인천광역시 부평구 청천동,경상사고,0,0,3,0,차대차 - 추돌,안전거리미확보,젖음/습기,비,단일로 - 기타,승용,남,48세,상해없음,승용,남,18세,경상
2020041900100349,2020년 4월 19일 20시,일요일,인천광역시 서구 석남동,경상사고,0,0,1,0,차대차 - 측면충돌,안전운전불이행,젖음/습기,비,기타 - 기타,승용,남,52세,상해없음,승용,남,54세,경상
2020041900100350,2020년 4월 19일 20시,일요일,인천광역시 부평구 부개동,경상사고,0,0,1,0,차대차 - 정면충돌,안전운전불이행,젖음/습기,비,단일로 - 기타,승용,남,33세,상해없음,승용,남,48세,경상
2020041900100384,2020년 4월 19일 21시,일요일,인천광역시 남동구 간석동,경상사고,0,0,2,0,차대차 - 측면충돌,안전운전불이행,젖음/습기,비,단일로 - 기타,승용,남,30세,상해없음,승용,남,28세,경상
2020041900100401,2020년 4월 19일 22시,일요일,인천광역시 계양구 작전동,경상사고,0,0,5,0,차대차 - 측면충돌,차로위반,건조,맑음,단일로 - 기타,승용,여,41세,상해없음,승용,남,19세,경상
2020042000100017,2020년 4월 20일 01시,월요일,인천광역시 남동구 간석동,경상사고,0,0,2,0,차대차 - 측면충돌,안전운전불이행,건조,맑음,교차로 - 교차로안,승용,남,72세,상해없음,승용,남,55세,경상
2020042000100027,2020년 4월 20일 03시,월요일,인천광역시 부평구 부평동,경상사고,0,0,3,0,차대차 - 추돌,중앙선침범,건조,맑음,교차로 - 교차로부근,승용,남,31세,상해없음,승용,남,54세,경상
2020042000100094,2020년 4월 20일 08시,월요일,인천광역시 계양구 박촌동,경상사고,0,0,1,0,차대차 - 측면충돌,안전운전불이행,건조,맑음,단일로 - 기타,승용,여,69세,상해없음,자전거,남,65세,경상
2020042000100095,2020년 4월 20일 08시,월요일,인천광역시 계양구 임학동,경상사고,0,0,1,0,차대사람 - 기타,안전운전불이행,건조,맑음,주차장 - 주차장,화물,남,58세,상해없음,보행자,여,48세,경상
2020042000100122,2020년 4월 20일 09시,월요일,인천광역시 부평구 부개동,경상사고,0,0,1,0,차대차 - 측면충돌,안전운전불이행,건조,맑음,단일로 - 기타,승용,남,38세,상해없음,승용,남,61세,경상
2020042000100176,2020년 4월 20일 11시,월요일,인천광역시 연수구 동춘동,중상사고,0,1,0,0,차대차 - 측면충돌,안전운전불이행,건조,맑음,단일로 - 기타,승용,여,58세,상해없음,자전거,남,41세,중상
2020042000100177,2020년 4월 20일 11시,월요일,인천광역시 남동구 논현동,경상사고,0,0,1,0,차대차 - 추돌,안전운전불이행,건조,맑음,교차로 - 교차로부근,승용,여,62세,상해없음,승용,남,36세,경상
2020042000100243,2020년 4월 20일 13시,월요일,인천광역시 미추홀구 용현동,경상사고,0,0,2,0,차대차 - 추돌,안전운전불이행,건조,맑음,단일로 - 기타,승용,남,64세,상해없음,승용,여,52세,경상
2020042000100385,2020년 4월 20일 17시,월요일,인천광역시 남동구 구월동,경상사고,0,0,1,0,차대차 - 기타,안전운전불이행,건조,맑음,단일로 - 기타,승용,남,59세,기타불명,승용,남,31세,기타불명
2020042000100417,2020년 4월 20일 18시,월요일,인천광역시 남동구 간석동,경상사고,0,0,1,0,차대차 - 추돌,안전운전불이행,건조,맑음,단일로 - 기타,승용,남,26세,상해없음,승용,여,22세,경상
2020042000100418,2020년 4월 20일 18시,월요일,인천광역시 남동구 도림동,경상사고,0,0,1,0,차대차 - 정면충돌,신호위반,건조,맑음,교차로 - 교차로안,승용,남,65세,상해없음,이륜,남,32세,경상
2020042000100452,2020년 4월 20일 19시,월요일,인천광역시 부평구 갈산동,중상사고,0,1,0,0,차대차 - 기타,안전운전불이행,건조,맑음,단일로 - 기타,승용,남,34세,상해없음,승용,여,46세,중상
2020042000100453,2020년 4월 20일 19시,월요일,인천광역시 남동구 논현동,경상사고,0,0,1,0,차대차 - 측면충돌,안전운전불이행,건조,맑음,기타 - 기타,화물,여,53세,상해없음,이륜,남,53세,경상
2020042000100473,2020년 4월 20일 20시,월요일,인천광역시 미추홀구 주안동,경상사고,0,0,1,0,차대차 - 측면충돌,교차로운행방법위반,건조,맑음,교차로 - 교차로부근,승용,남,55세,상해없음,승용,남,24세,경상
2020042000100511,2020년 4월 20일 22시,월요일,인천광역시 서구 가좌동,중상사고,0,3,0,0,차대차 - 측면충돌,안전운전불이행,건조,맑음,교차로 - 교차로안,이륜,남,59세,중상,이륜,남,29세,중상
2020042100100126,2020년 4월 21일 09시,화요일,인천광역시 남동구 구월동,중상사고,0,1,0,0,차대사람 - 횡단중,보행자보호의무위반,건조,맑음,교차로 - 교차로안,승용,여,47세,상해없음,보행자,여,71세,중상
2020042100100176,2020년 4월 21일 11시,화요일,인천광역시 계양구 병방동,경상사고,0,0,1,0,차대차 - 기타,안전운전불이행,건조,맑음,교차로 - 교차로부근,승용,남,25세,상해없음,승합,남,60세,상해없음
2020042100100207,2020년 4월 21일 12시,화요일,인천광역시 서구 당하동,중상사고,0,2,0,0,차대차 - 추돌,안전거리미확보,건조,맑음,교차로 - 교차로안,건설기계,남,51세,상해없음,승용,여,54세,중상
2020042100100302,2020년 4월 21일 15시,화요일,인천광역시 부평구 산곡동,경상사고,0,0,1,0,차대차 - 측면충돌,안전거리미확보,건조,맑음,단일로 - 기타,승합,남,66세,상해없음,승용,남,58세,경상
2020042100100303,2020년 4월 21일 15시,화요일,인천광역시 남동구 간석동,경상사고,0,0,1,0,차대차 - 측면충돌,안전운전불이행,건조,맑음,교차로 - 교차로안,승용,여,49세,상해없음,승용,남,32세,경상
2020042100100304,2020년 4월 21일 15시,화요일,인천광역시 계양구 귤현동,부상신고사고,0,0,0,1,차량단독 - 기타,안전운전불이행,건조,맑음,기타 - 기타,자전거,남,43세,부상신고,,,,
2020042100100336,2020년 4월 21일 16시,화요일,인천광역시 부평구 산곡동,경상사고,0,0,1,0,차대차 - 추돌,안전운전불이행,건조,맑음,단일로 - 기타,승용,남,59세,상해없음,화물,남,56세,경상
2020042100100380,2020년 4월 21일 17시,화요일,인천광역시 서구 가좌동,경상사고,0,0,3,0,차대차 - 측면충돌,신호위반,건조,맑음,교차로 - 교차로안,승용,여,37세,경상,승용,여,49세,경상
2020042100100443,2020년 4월 21일 19시,화요일,인천광역시 동구 송현동,중상사고,0,1,0,0,차대차 - 기타,안전운전불이행,건조,맑음,단일로 - 기타,승용,남,39세,상해없음,이륜,남,40세,중상
2020042100100444,2020년 4월 21일 19시,화요일,인천광역시 남동구 만수동,경상사고,0,0,2,0,차대차 - 기타,안전거리미확보,건조,흐림,교차로 - 교차로부근,승용,남,32세,상해없음,승합,여,51세,경상