사고번호,사고일시,요일,시군구,사고내용,사망자수,중상자수,경상자수,부상신고자수,사고유형,법규위반,노면상태,기상상태,도로형태,가해운전자 차종,가해운전자 성별,가해운전자 연령,가해운전자 상해정도,피해운전자 차종,피해운전자 성별,피해운전자 연령,피해운전자 상해정도
2020050800100527,2020년 5월 8일 19시,금요일,인천광역시 동구 송림동,경상사고,0,0,2,0,차대차 - 측면충돌,교차로운행방법위반,건조,맑음,교차로 - 교차로안,승용,남,51세,상해없음,승용,여,21세,경상
2020050800100528,2020년 5월 8일 19시,금요일,인천광역시 부평구 부평동,경상사고,0,0,1,0,차대차 - 측면충돌,안전운전불이행,건조,맑음,교차로 - 교차로안,승합,남,54세,상해없음,화물,남,37세,경상
2020050800100611,2020년 5월 8일 20시,금요일,인천광역시 미추홀구 도화동,경상사고,0,0,1,0,차대차 - 기타,안전운전불이행,젖음/습기,비,교차로 - 교차로부근,승용,남,38세,상해없음,화물,남,60세,경상
2020050800100612,2020년 5월 8일 20시,금요일,인천광역시 미추홀구 도화동,경상사고,0,0,4,0,차대차 - 측면충돌,안전운전불이행,건조,맑음,단일로 - 기타,승용,남,50세,상해없음,승용,남,30세,경상
2020050800100613,2020년 5월 8일 20시,금요일,인천광역시 남동구 만수동,경상사고,0,0,1,0,차대차 - 기타,안전운전불이행,젖음/습기,비,단일로 - 기타,승용,남,59세,상해없음,이륜,남,51세,경상
2020050800100614,2020년 5월 8일 20시,금요일,인천광역시 서구 청라동,경상사고,0,0,1,0,차대차 - 측면충돌,신호위반,젖음/습기,비,교차로 - 교차로안,승용,여,62세,상해없음,승용,남,38세,경상
2020050800100615,2020년 5월 8일 20시,금요일,인천광역시 서구 석남동,경상사고,0,0,1,0,차대차 - 추돌,안전운전불이행,젖음/습기,비,교차로 - 교차로부근,이륜,남,27세,상해없음,승용,남,34세,경상
2020050800100616,2020년 5월 8일 20시,금요일,인천광역시 연수구 선학동,중상사고,0,1,0,0,차대사람 - 횡단중,신호위반,젖음/습기,비,단일로 - 기타,승합,남,59세,상해없음,보행자,여,71세,중상
2020050800100666,2020년 5월 8일 21시,금요일,인천광역시 서구 가정동,경상사고,0,0,1,0,차대사람 - 횡단중,안전운전불이행,젖음/습기,비,교차로 - 교차로횡단보도내,기타불명,기타불명,미분류,기타불명,보행자,남,25세,경상
2020050800100667,2020년 5월 8일 21시,금요일,인천광역시 부평구 청천동,경상사고,0,0,1,0,차대차 - 측면충돌,안전운전불이행,젖음/습기,비,단일로 - 기타,승용,남,64세,상해없음,승용,남,55세,경상
2020050800100711,2020년 5월 8일 22시,금요일,인천광역시 남동구 간석동,경상사고,0,0,1,0,차대차 - 측면충돌,안전운전불이행,젖음/습기,비,교차로 - 교차로부근,승용,남,60세,상해없음,승용,남,19세,경상
2020050800100750,2020년 5월 8일 23시,금요일,인천광역시 부평구 부평동,사망사고,1,0,0,0,차대사람 - 기타,보행자보호의무위반,젖음/습기,비,단일로 - 기타,승합,남,59세,상해없음,보행자,남,72세,사망
2020050800100751,2020년 5월 8일 23시,금요일,인천광역시 계양구 계산동,경상사고,0,0,2,0,차대차 - 측면충돌,차로위반,건조,맑음,단일로 - 기타,승용,여,29세,상해없음,승용,남,56세,경상
2020050900100028,2020년 5월 9일 00시,토요일,인천광역시 부평구 일신동,중상사고,0,1,2,0,차대차 - 추돌,안전거리미확보,젖음/습기,비,단일로 - 교량,승합,남,58세,상해없음,화물,남,45세,경상
2020050900100069,2020년 5월 9일 02시,토요일,인천광역시 미추홀구 주안동,경상사고,0,0,1,0,차대차 - 측면충돌,안전운전불이행,젖음/습기,비,단일로 - 기타,승용,남,31세,상해없음,승용,남,28세,경상
2020050900100070,2020년 5월 9일 02시,토요일,인천광역시 계양구 작전동,경상사고,0,0,1,0,차대사람 - 횡단중,안전운전불이행,젖음/습기,비,교차로 - 교차로횡단보도내,승용,남,56세,상해없음,보행자,남,52세,경상
2020050900100071,2020년 5월 9일 02시,토요일,인천광역시 계양구 작전동,중상사고,0,2,1,0,차대차 - 측면충돌,신호위반,젖음/습기,비,교차로 - 교차로안,화물,남,62세,상해없음,승용,남,69세,경상
2020050900100072,2020년 5월 9일 02시,토요일,인천광역시 계양구 작전동,경상사고,0,0,2,0,차대차 - 추돌,안전거리미확보,젖음/습기,비,교차로 - 교차로안,승용,남,60세,상해없음,승용,남,56세,경상
2020050900100097,2020년 5월 9일 05시,토요일,인천광역시 중구 운서동,경상사고,0,0,1,0,차대차 - 측면충돌,안전거리미확보,젖음/습기,비,단일로 - 교량,승용,여,39세,상해없음,승용,여,31세,경상
2020050900100106,2020년 5월 9일 06시,토요일,인천광역시 남동구 구월동,경상사고,0,0,2,0,차대차 - 측면충돌,안전운전불이행,건조,맑음,교차로 - 교차로부근,승용,남,55세,상해없음,승용,여,43세,경상
2020050900100137,2020년 5월 9일 08시,토요일,인천광역시 서구 연희동,중상사고,0,2,0,0,차대차 - 추돌,신호위반,젖음/습기,비,교차로 - 교차로부근,승용,남,24세,상해없음,승용,여,41세,중상
2020050900100183,2020년 5월 9일 10시,토요일,인천광역시 서구 가정동,경상사고,0,0,2,0,차대차 - 기타,신호위반,젖음/습기,비,교차로 - 교차로안,승용,여,59세,상해없음,승용,남,52세,경상
2020050900100184,2020년 5월 9일 10시,토요일,인천광역시 부평구 일신동,경상사고,0,0,1,0,차대차 - 추돌,안전운전불이행,젖음/습기,비,단일로 - 기타,승용,남,46세,상해없음,화물,남,59세,경상
2020050900100215,2020년 5월 9일 11시,토요일,인천광역시 연수구 동춘동,경상사고,0,0,1,0,차대차 - 추돌,안전운전불이행,젖음/습기,비,교차로 - 교차로부근,화물,남,75세,상해없음,이륜,남,48세,경상
2020050900100241,2020년 5월 9일 12시,토요일,인천광역시 미추홀구 용현동,부상신고사고,0,0,0,1,차대차 - 기타,안전운전불이행,건조,맑음,단일로 - 기타,기타불명,기타불명,미분류,기타불명,이륜,남,28세,부상신고
2020050900100242,2020년 5월 9일 12시,토요일,인천광역시 미추홀구 주안동,중상사고,0,1,0,0,차대차 - 기타,안전운전불이행,젖음/습기,비,교차로 - 교차로안,이륜,남,49세,중상,승용,남,65세,기타불명
2020050900100283,2020년 5월 9일 13시,토요일,인천광역시 남동구 구월동,경상사고,0,0,1,0,차대차 - 측면충돌,안전운전불이행,젖음/습기,비,단일로 - 기타,승용,남,61세,상해없음,이륜,남,50세,경상
2020050900100316,2020년 5월 9일 14시,토요일,인천광역시 남동구 구월동,경상사고,0,0,1,0,차대사람 - 기타,안전운전불이행,젖음/습기,비,교차로 - 교차로안,승용,남,52세,상해없음,보행자,여,83세,경상
2020050900100317,2020년 5월 9일 14시,토요일,인천광역시 연수구 선학동,경상사고,0,0,1,0,차량단독 - 공작물충돌,안전운전불이행,젖음/습기,비,교차로 - 교차로안,승용,남,77세,상해없음,,,,
2020050900100345,2020년 5월 9일 15시,토요일,인천광역시 연수구 동춘동,경상사고,0,0,1,0,차대차 - 측면충돌,안전운전불이행,건조,맑음,교차로 - 교차로안,승용,남,29세,상해없음,승용,남,40세,경상
2020050900100381,2020년 5월 9일 16시,토요일,인천광역시 서구 가좌동,경상사고,0,0,2,0,차대차 - 기타,안전운전불이행,젖음/습기,비,교차로 - 교차로안,승용,남,60세,경상,승용,여,59세,경상
2020050900100447,2020년 5월 9일 18시,토요일,인천광역시 남동구 구월동,경상사고,0,0,2,0,차대차 - 측면충돌,신호위반,건조,흐림,교차로 - 교차로안,이륜,남,23세,상해없음,승용,남,27세,경상
2020050900100448,2020년 5월 9일 18시,토요일,인천광역시 서구 경서동,경상사고,0,0,1,0,차대차 - 측면충돌,신호위반,건조,맑음,교차로 - 교차로안,승용,남,31세,상해없음,승용,남,27세,경상
2020050900100449,2020년 5월 9일 18시,토요일,인천광역시 연수구 동춘동,경상사고,0,0,1,0,차대차 - 측면충돌,안전운전불이행,건조,맑음,교차로 - 교차로안,화물,남,58세,상해없음,승용,남,24세,경상
2020050900100450,2020년 5월 9일 18시,토요일,인천광역시 부평구 부개동,경상사고,0,0,1,0,차대차 - 기타,안전운전불이행,건조,맑음,교차로 - 교차로부근,승용,남,53세,상해없음,이륜,남,62세,경상
2020050900100487,2020년 5월 9일 19시,토요일,인천광역시 남동구 도림동,경상사고,0,0,1,0,차대차 - 측면충돌,안전운전불이행,건조,맑음,단일로 - 기타,승합,남,64세,상해없음,승용,여,36세,경상
2020050900100549,2020년 5월 9일 21시,토요일,인천광역시 중구 도원동,경상사고,0,0,1,0,차대차 - 측면충돌,안전운전불이행,젖음/습기,맑음,교차로 - 교차로안,승용,남,23세,상해없음,이륜,남,36세,경상
2020050900100550,2020년 5월 9일 21시,토요일,인천광역시 미추홀구 용현동,중상사고,0,1,0,0,차대사람 - 기타,안전운전불이행,건조,기타,단일로 - 기타,이륜,남,35세,기타불명,보행자,남,62세,중상
2020050900100551,2020년 5월 9일 21시,토요일,인천광역시 강화군 불은면,사망사고,1,0,0,0,차량단독 - 도로외이탈 - 기타,안전운전불이행,젖음/습기,흐림,단일로 - 기타,승용,남,49세,사망,,,,
2020050900100584,2020년 5월 9일 22시,토요일,인천광역시 서구 가정동,경상사고,0,0,1,0,차대차 - 기타,안전운전불이행,건조,맑음,단일로 - 기타,기타불명,기타불명,미분류,기타불명,이륜,남,24세,경상
2020050900100585,2020년 5월 9일 22시,토요일,인천광역시 서구 심곡동,경상사고,0,0,1,0,차대차 - 추돌,안전운전불이행,건조,맑음,교차로 - 교차로부근,화물,남,27세,상해없음,승용,여,47세,경상
2020050900100606,2020년 5월 9일 23시,토요일,인천광역시 서구 가좌동,경상사고,0,0,2,0,차대차 - 측면충돌,안전운전불이행,젖음/습기,비,교차로 - 교차로부근,승용,남,28세,상해없음,승용,여,20세,경상
2020050900100607,2020년 5월 9일 23시,토요일,인천광역시 계양구 임학동,경상사고,0,0,1,0,차대차 - 측면충돌,안전운전불이행,젖음/습기,비,단일로 - 기타,승용,여,35세,상해없음,승용,남,53세,경상
2020051000100013,2020년 5월 10일 00시,일요일,인천광역시 부평구 청천동,경상사고,0,0,3,0,차대차 - 측면충돌,신호위반,젖음/습기,비,교차로 - 교차로안,승용,남,29세,상해없음,승용,남,63세,경상
2020051000100044,2020년 5월 10일 02시,일요일,인천광역시 연수구 연수동,경상사고,0,0,1,0,차대차 - 추돌,안전운전불이행,젖음/습기,비,단일로 - 기타,승용,남,34세,상해없음,승용,남,26세,경상
2020051000100055,2020년 5월 10일 03시,일요일,인천광역시 서구 청라동,경상사고,0,0,2,0,차대차 - 측면충돌,신호위반,젖음/습기,맑음,교차로 - 교차로안,승용,남,65세,상해없음,승용,남,63세,경상
2020051000100065,2020년 5월 10일 04시,일요일,인천광역시 남동구 장수동,경상사고,0,0,2,0,차대차 - 추돌,안전운전불이행,건조,맑음,단일로 - 기타,승용,남,27세,상해없음,승용,남,47세,경상
2020051000100118,2020년 5월 10일 10시,일요일,인천광역시 계양구 작전동,경상사고,0,0,4,0,차대차 - 추돌,안전운전불이행,건조,맑음,교차로 - 교차로부근,승용,남,30세,상해없음,승용,남,63세,경상
2020051000100119,2020년 5월 10일 10시,일요일,인천광역시 연수구 송도동,경상사고,0,0,3,0,차대차 - 추돌,안전운전불이행,건조,맑음,단일로 - 기타,승용,남,33세,상해없음,승용,남,38세,경상
2020051000100120,2020년 5월 10일 10시,일요일,인천광역시 부평구 부개동,경상사고,0,0,1,0,차대사람 - 보도통행중,안전운전불이행,건조,맑음,단일로 - 기타,승용,남,72세,상해없음,보행자,여,40세,경상
2020051000100133,2020년 5월 10일 11시,일요일,인천광역시 동구 송림동,경상사고,0,0,1,0,차대차 - 기타,중앙선침범,건조,맑음,기타 - 기타,이륜,남,63세,상해없음,승용,남,79세,경상
2020051000100134,2020년 5월 10일 11시,일요일,인천광역시 부평구 부평동,중상사고,0,1,0,0,차대차 - 측면충돌,안전운전불이행,건조,맑음,교차로 - 교차로안,승합,남,64세,상해없음,자전거,남,79세,중상
2020051000100155,2020년 5월 10일 12시,일요일,인천광역시 연수구 송도동,경상사고,0,0,1,0,차량단독 - 기타,기타,건조,맑음,단일로 - 기타,승합,남,53세,상해없음,,,,
2020051000100156,2020년 5월 10일 12시,일요일,인천광역시 부평구 부개동,경상사고,0,0,1,0,차대차 - 기타,안전운전불이행,기타,기타,교차로 - 교차로횡단보도내,이륜,남,30세,상해없음,자전거,남,63세,경상
2020051000100181,2020년 5월 10일 13시,일요일,인천광역시 미추홀구 문학동,경상사고,0,0,1,0,차대차 - 기타,안전운전불이행,건조,맑음,단일로 - 기타,승용,여,45세,상해없음,승용,남,44세,경상
2020051000100182,2020년 5월 10일 13시,일요일,인천광역시 남동구 구월동,경상사고,0,0,1,0,차대차 - 측면충돌,안전운전불이행,건조,맑음,교차로 - 교차로안,승용,남,45세,상해없음,이륜,남,19세,경상
2020051000100200,2020년 5월 10일 14시,일요일,인천광역시 남동구 논현동,경상사고,0,0,1,0,차대차 - 추돌,안전운전불이행,건조,맑음,교차로 - 교차로안,승용,남,53세,상해없음,승용,남,58세,경상
2020051000100227,2020년 5월 10일 15시,일요일,인천광역시 서구 가정동,경상사고,0,0,1,0,차대차 - 측면충돌,안전운전불이행,건조,맑음,단일로 - 기타,이륜,남,17세,상해없음,이륜,남,39세,경상
2020051000100228,2020년 5월 10일 15시,일요일,인천광역시 연수구 옥련동,경상사고,0,0,2,0,차대차 - 측면충돌,교차로운행방법위반,건조,맑음,교차로 - 교차로안,승용,남,22세,상해없음,화물,남,65세,경상
2020051000100229,2020년 5월 10일 15시,일요일,인천광역시 남동구 논현동,경상사고,0,0,1,0,차대사람 - 횡단중,안전운전불이행,건조,맑음,단일로 - 기타,자전거,여,43세,상해없음,보행자,남,4세,경상
2020051000100262,2020년 5월 10일 16시,일요일,인천광역시 남동구 간석동,경상사고,0,0,4,0,차대차 - 추돌,안전거리미확보,건조,맑음,교차로 - 교차로안,승용,남,31세,기타불명,승용,여,37세,경상
2020051000100311,2020년 5월 10일 18시,일요일,인천광역시 미추홀구 주안동,중상사고,0,1,0,0,차대사람 - 차도통행중,안전운전불이행,건조,맑음,단일로 - 기타,승용,남,43세,상해없음,보행자,남,29세,중상
2020051000100312,2020년 5월 10일 18시,일요일,인천광역시 연수구 송도동,경상사고,0,0,1,0,차대차 - 측면충돌,안전운전불이행,건조,맑음,단일로 - 기타,승용,남,41세,상해없음,승용,여,47세,경상
2020051000100328,2020년 5월 10일 19시,일요일,인천광역시 서구 당하동,중상사고,0,1,1,0,차대차 - 측면충돌,중앙선침범,건조,맑음,교차로 - 교차로횡단보도내,이륜,남,53세,경상,이륜,남,52세,중상
2020051000100375,2020년 5월 10일 21시,일요일,인천광역시 남동구 구월동,중상사고,0,1,2,0,차대차 - 추돌,안전거리미확보,건조,맑음,교차로 - 교차로안,승용,남,68세,상해없음,승용,여,25세,경상
2020051000100391,2020년 5월 10일 22시,일요일,인천광역시 부평구 부평동,경상사고,0,0,1,0,차량단독 - 기타,안전운전불이행,건조,맑음,단일로 - 기타,승합,남,55세,상해없음,,,,
2020051100100022,2020년 5월 11일 02시,월요일,인천광역시 부평구 청천동,경상사고,0,0,5,0,차대차 - 측면충돌,안전운전불이행,건조,맑음,교차로 - 교차로부근,승용,남,38세,상해없음,승용,남,23세,경상
2020051100100028,2020년 5월 11일 03시,월요일,인천광역시 부평구 부평동,경상사고,0,0,1,0,차대사람 - 기타,안전운전불이행,기타,맑음,교차로 - 교차로부근,승용,남,67세,상해없음,보행자,남,20세,경상
2020051100100034,2020년 5월 11일 04시,월요일,인천광역시 미추홀구 용현동,경상사고,0,0,4,0,차대차 - 추돌,안전운전불이행,건조,맑음,교차로 - 교차로부근,승용,남,28세,상해없음,승용,남,29세,경상
2020051100100092,2020년 5월 11일 07시,월요일,인천광역시 서구 가좌동,경상사고,0,0,1,0,차대차 - 추돌,안전운전불이행,건조,맑음,단일로 - 기타,승용,남,63세,상해없음,승용,남,58세,경상
2020051100100093,2020년 5월 11일 07시,월요일,인천광역시 강화군 불은면,중상사고,0,1,0,0,차대차 - 측면충돌,중앙선침범,건조,맑음,단일로 - 기타,화물,남,55세,상해없음,승용,여,33세,중상
2020051100100128,2020년 5월 11일 08시,월요일,인천광역시 강화군 불은면,경상사고,0,0,2,0,차대차 - 측면충돌,교차로운행방법위반,건조,맑음,교차로 - 교차로안,승용,여,63세,상해없음,승합,남,49세,경상
2020051100100167,2020년 5월 11일 09시,월요일,인천광역시 남동구 구월동,경상사고,0,0,1,0,차대차 - 후진중충돌,안전운전불이행,건조,맑음,교차로 - 교차로부근,승용,남,50세,상해없음,화물,남,44세,경상
2020051100100214,2020년 5월 11일 10시,월요일,인천광역시 부평구 청천동,경상사고,0,0,2,0,차대차 - 측면충돌,안전운전불이행,건조,맑음,교차로 - 교차로부근,승합,남,68세,상해없음,승용,여,28세,경상
2020051100100215,2020년 5월 11일 10시,월요일,인천광역시 서구 가정동,경상사고,0,0,1,0,차대차 - 측면충돌,안전거리미확보,건조,맑음,기타 - 기타,승용,남,72세,상해없음,승용,여,43세,경상
2020051100100331,2020년 5월 11일 13시,월요일,인천광역시 연수구 동춘동,중상사고,0,1,2,0,차대차 - 추돌,안전거리미확보,건조,맑음,단일로 - 기타,이륜,남,56세,중상,승용,여,33세,경상
2020051100100371,2020년 5월 11일 14시,월요일,인천광역시 중구 운서동,중상사고,0,1,0,0,차대차 - 추돌,불법유턴,건조,맑음,교차로 - 교차로부근,승용,남,68세,상해없음,이륜,남,33세,중상
2020051100100372,2020년 5월 11일 14시,월요일,인천광역시 중구 운서동,경상사고,0,0,1,0,차량단독 - 기타,안전운전불이행,건조,맑음,단일로 - 기타,승합,남,53세,상해없음,,,,
2020051100100416,2020년 5월 11일 15시,월요일,인천광역시 부평구 십정동,경상사고,0,0,1,0,차대차 - 후진중충돌,안전운전불이행,건조,맑음,단일로 - 기타,승용,남,67세,상해없음,승용,남,41세,경상
2020051100100458,2020년 5월 11일 16시,월요일,인천광역시 서구 청라동,중상사고,0,1,0,0,차대차 - 추돌,안전운전불이행,건조,맑음,교차로 - 교차로안,승용,여,57세,상해없음,원동기,남,33세,중상
2020051100100459,2020년 5월 11일 16시,월요일,인천광역시 계양구 박촌동,경상사고,0,0,1,0,차대사람 - 횡단중,보행자보호의무위반,건조,맑음,교차로 - 교차로안,승용,여,64세,상해없음,보행자,여,55세,경상
2020051100100495,2020년 5월 11일 17시,월요일,인천광역시 남동구 서창동,중상사고,0,1,0,0,차대차 - 기타,안전거리미확보,건조,맑음,단일로 - 기타,화물,남,45세,상해없음,승용,남,40세,중상
2020051100100528,2020년 5월 11일 18시,월요일,인천광역시 계양구 병방동,중상사고,0,1,0,0,차대사람 - 횡단중,안전운전불이행,건조,맑음,교차로 - 교차로안,화물,남,44세,상해없음,보행자,남,8세,중상
2020051100100529,2020년 5월 11일 18시,월요일,인천광역시 부평구 삼산동,경상사고,0,0,1,0,차대차 - 측면충돌,교차로운행방법위반,건조,맑음,교차로 - 교차로부근,승용,여,26세,상해없음,승용,남,53세,경상
2020051100100623,2020년 5월 11일 21시,월요일,인천광역시 미추홀구 주안동,중상사고,0,1,0,0,차대사람 - 기타,신호위반,건조,맑음,교차로 - 교차로횡단보도내,승합,남,50세,상해없음,보행자,여,63세,중상
2020051100100624,2020년 5월 11일 21시,월요일,인천광역시 서구 검암동,경상사고,0,0,3,0,차대차 - 측면충돌,안전운전불이행,건조,맑음,교차로 - 교차로안,화물,남,48세,상해없음,승용,남,26세,경상
2020051100100625,2020년 5월 11일 21시,월요일,인천광역시 서구 연희동,중상사고,0,1,0,0,차대차 - 정면충돌,중앙선침범,건조,흐림,단일로 - 기타,승용,남,51세,상해없음,이륜,남,17세,중상
2020051100100677,2020년 5월 11일 23시,월요일,인천광역시 서구 청라동,경상사고,0,0,1,0,차대차 - 추돌,안전운전불이행,젖음/습기,비,단일로 - 기타,승용,남,30세,상해없음,승용,여,42세,경상
2020051200100019,2020년 5월 12일 00시,화요일,인천광역시 미추홀구 학익동,부상신고사고,0,0,0,1,차대사람 - 길가장자리구역통행중,안전운전불이행,젖음/습기,비,단일로 - 기타,승용,남,21세,상해없음,보행자,여,17세,부상신고
2020051200100020,2020년 5월 12일 00시,화요일,인천광역시 부평구 부평동,중상사고,0,2,1,0,차대차 - 정면충돌,중앙선침범,젖음/습기,비,교차로 - 교차로부근,승용,남,28세,상해없음,승용,남,45세,중상
2020051200100071,2020년 5월 12일 06시,화요일,인천광역시 연수구 동춘동,경상사고,0,0,1,0,차대차 - 측면충돌,교차로운행방법위반,건조,맑음,교차로 - 교차로안,화물,남,62세,상해없음,승용,여,69세,경상
2020051200100140,2020년 5월 12일 08시,화요일,인천광역시 동구 송림동,중상사고,0,1,0,0,차대사람 - 길가장자리구역통행중,안전운전불이행,건조,맑음,단일로 - 기타,승합,여,28세,상해없음,보행자,남,37세,중상
2020051200100163,2020년 5월 12일 09시,화요일,인천광역시 계양구 효성동,경상사고,0,0,1,0,차대차 - 추돌,안전운전불이행,건조,맑음,단일로 - 기타,승용,남,58세,상해없음,승용,남,41세,경상
2020051200100199,2020년 5월 12일 10시,화요일,인천광역시 서구 가좌동,경상사고,0,0,1,0,차대사람 - 횡단중,보행자보호의무위반,건조,맑음,교차로 - 교차로횡단보도내,화물,남,48세,상해없음,보행자,남,40세,경상
2020051200100233,2020년 5월 12일 11시,화요일,인천광역시 남동구 구월동,경상사고,0,0,1,0,차대차 - 측면충돌,교차로운행방법위반,건조,맑음,교차로 - 교차로안,승용,여,67세,상해없음,승용,남,20세,경상
2020051200100261,2020년 5월 12일 12시,화요일,인천광역시 부평구 부개동,경상사고,0,0,1,0,차대사람 - 횡단중,안전운전불이행,건조,맑음,단일로 - 기타,자전거,남,64세,상해없음,보행자,여,67세,경상
2020051200100282,2020년 5월 12일 13시,화요일,인천광역시 미추홀구 숭의동,중상사고,0,1,0,0,차대차 - 기타,중앙선침범,건조,맑음,교차로 - 교차로부근,승용,남,48세,상해없음,이륜,남,36세,중상
2020051200100311,2020년 5월 12일 14시,화요일,인천광역시 강화군 화도면,경상사고,0,0,1,0,차대차 - 정면충돌,중앙선침범,건조,맑음,단일로 - 기타,건설기계,남,64세,상해없음,화물,남,80세,경상
2020051200100347,2020년 5월 12일 15시,화요일,인천광역시 부평구 부평동,경상사고,0,0,2,0,차대차 - 측면충돌,안전운전불이행,건조,맑음,교차로 - 교차로부근,승합,남,53세,상해없음,승용,남,27세,경상
2020051200100348,2020년 5월 12일 15시,화요일,인천광역시 서구 가좌동,중상사고,0,1,0,0,차대차 - 추돌,안전운전불이행,건조,맑음,단일로 - 기타,승용,여,49세,상해없음,승용,남,46세,중상
2020051200100435,2020년 5월 12일 17시,화요일,인천광역시 중구 운남동,중상사고,0,1,0,0,차대차 - 추돌,안전운전불이행,건조,맑음,단일로 - 기타,승용,남,41세,상해없음,승용,남,63세,중상
2020051200100436,2020년 5월 12일 17시,화요일,인천광역시 서구 심곡동,경상사고,0,0,1,0,차대사람 - 기타,안전운전불이행,건조,맑음,단일로 - 기타,승용,여,50세,상해없음,보행자,여,22세,경상
2020051200100483,2020년 5월 12일 18시,화요일,인천광역시 서구 가좌동,경상사고,0,0,2,0,차대차 - 기타,안전운전불이행,건조,맑음,교차로 - 교차로안,승용,여,53세,경상,승용,남,49세,경상
2020051200100484,2020년 5월 12일 18시,화요일,인천광역시 계양구 작전동,경상사고,0,0,1,0,차대차 - 추돌,안전운전불이행,건조,맑음,교차로 - 교차로부근,승용,여,59세,상해없음,승용,남,26세,경상
2020051200100485,2020년 5월 12일 18시,화요일,인천광역시 연수구 동춘동,중상사고,0,1,0,0,차대차 - 측면충돌,안전운전불이행,건조,맑음,교차로 - 교차로안,승용,남,46세,상해없음,자전거,여,45세,중상
2020051200100514,2020년 5월 12일 19시,화요일,인천광역시 서구 가정동,경상사고,0,0,2,0,차대차 - 측면충돌,신호위반,건조,맑음,단일로 - 지하차도(도로)내,이륜,남,23세,상해없음,승합,남,59세,상해없음
2020051200100558,2020년 5월 12일 21시,화요일,인천광역시 중구 을왕동,경상사고,0,0,1,0,차대차 - 정면충돌,안전운전불이행,건조,맑음,교차로 - 교차로안,승용,남,21세,상해없음,승용,남,27세,경상
2020051200100559,2020년 5월 12일 21시,화요일,인천광역시 미추홀구 주안동,경상사고,0,0,5,0,차대차 - 측면충돌,안전운전불이행,건조,맑음,교차로 - 교차로안,승용,남,18세,경상,이륜,남,42세,경상
2020051200100560,2020년 5월 12일 21시,화요일,인천광역시 부평구 부평동,중상사고,0,1,0,0,차대차 - 기타,안전거리미확보,건조,맑음,교차로 - 교차로부근,화물,남,41세,상해없음,이륜,남,45세,중상
2020051200100561,2020년 5월 12일 21시,화요일,인천광역시 서구 공촌동,중상사고,0,1,0,0,차대사람 - 횡단중,기타,건조,맑음,단일로 - 기타,승용,남,50세,상해없음,보행자,남,51세,중상
2020051200100579,2020년 5월 12일 22시,화요일,인천광역시 남동구 간석동,경상사고,0,0,1,0,차대차 - 측면충돌,신호위반,건조,맑음,교차로 - 교차로안,승용,남,72세,상해없음,이륜,남,23세,경상
2020051200100599,2020년 5월 12일 23시,화요일,인천광역시 부평구 부평동,경상사고,0,0,1,0,차대사람 - 기타,안전운전불이행,건조,맑음,단일로 - 기타,승용,남,57세,상해없음,보행자,여,18세,경상
2020051300100057,2020년 5월 13일 05시,수요일,인천광역시 부평구 갈산동,중상사고,0,1,1,0,차대차 - 추돌,안전운전불이행,건조,맑음,교차로 - 교차로부근,승용,남,57세,상해없음,승용,남,52세,경상
2020051300100077,2020년 5월 13일 06시,수요일,인천광역시 계양구 효성동,경상사고,0,0,5,0,차대차 - 측면충돌,차로위반,건조,맑음,교차로 - 교차로부근,승용,남,47세,상해없음,승용,남,19세,경상
2020051300100078,2020년 5월 13일 06시,수요일,인천광역시 남동구 만수동,경상사고,0,0,1,0,차대차 - 측면충돌,신호위반,건조,맑음,교차로 - 교차로안,승용,남,25세,상해없음,화물,남,55세,경상
2020051300100100,2020년 5월 13일 07시,수요일,인천광역시 부평구 청천동,경상사고,0,0,1,0,차대차 - 기타,안전운전불이행,건조,맑음,교차로 - 교차로안,승용,여,50세,경상,승용,남,20세,기타불명
2020051300100101,2020년 5월 13일 07시,수요일,인천광역시 계양구 용종동,경상사고,0,0,1,0,차대차 - 측면충돌,안전운전불이행,건조,맑음,단일로 - 기타,승용,여,23세,상해없음,특수,남,45세,경상
2020051300100133,2020년 5월 13일 08시,수요일,인천광역시 강화군 길상면,경상사고,0,0,1,0,차대차 - 정면충돌,안전운전불이행,건조,맑음,단일로 - 기타,화물,남,62세,상해없음,자전거,남,24세,경상
2020051300100164,2020년 5월 13일 09시,수요일,인천광역시 남동구 구월동,경상사고,0,0,1,0,차대사람 - 횡단중,보행자보호의무위반,건조,맑음,교차로 - 교차로횡단보도내,승용,여,71세,상해없음,보행자,남,57세,경상
2020051300100201,2020년 5월 13일 10시,수요일,인천광역시 중구 신흥동3가,경상사고,0,0,2,0,차대차 - 측면충돌,안전거리미확보,건조,맑음,단일로 - 기타,건설기계,남,55세,상해없음,승용,여,57세,경상
2020051300100202,2020년 5월 13일 10시,수요일,인천광역시 중구 신흥동2가,중상사고,0,1,0,0,차대차 - 측면충돌,안전거리미확보,건조,맑음,기타 - 기타,승합,남,67세,상해없음,이륜,남,72세,중상
2020051300100203,2020년 5월 13일 10시,수요일,인천광역시 서구 석남동,경상사고,0,0,2,0,차대사람 - 기타,보행자보호의무위반,건조,맑음,교차로 - 교차로안,자전거,남,76세,경상,보행자,여,58세,경상
2020051300100238,2020년 5월 13일 11시,수요일,인천광역시 미추홀구 숭의동,경상사고,0,0,1,0,차대사람 - 기타,기타,건조,맑음,기타 - 기타,승합,남,49세,상해없음,보행자,남,5세,경상
2020051300100335,2020년 5월 13일 14시,수요일,인천광역시 서구 오류동,경상사고,0,0,1,0,차대차 - 추돌,교차로운행방법위반,건조,맑음,교차로 - 교차로안,화물,남,61세,상해없음,승용,남,74세,경상