사고번호,사고일시,요일,시군구,사고내용,사망자수,중상자수,경상자수,부상신고자수,사고유형,법규위반,노면상태,기상상태,도로형태,가해운전자 차종,가해운전자 성별,가해운전자 연령,가해운전자 상해정도,피해운전자 차종,피해운전자 성별,피해운전자 연령,피해운전자 상해정도
2020060200100465,2020년 6월 2일 17시,화요일,인천광역시 남동구 간석동,경상사고,0,0,1,0,차대차 - 기타,안전운전불이행,건조,맑음,단일로 - 기타,기타불명,기타불명,미분류,기타불명,원동기,남,33세,경상
2020060200100529,2020년 6월 2일 19시,화요일,인천광역시 남동구 간석동,중상사고,0,3,1,0,차대차 - 추돌,안전운전불이행,건조,맑음,단일로 - 기타,승용,남,61세,상해없음,승용,남,34세,중상
2020060200100553,2020년 6월 2일 20시,화요일,인천광역시 중구 운남동,중상사고,0,1,2,0,차대차 - 측면충돌,과속,건조,맑음,단일로 - 지하차도(도로)내,승용,여,27세,경상,승용,남,70세,중상
2020060200100554,2020년 6월 2일 20시,화요일,인천광역시 남동구 구월동,경상사고,0,0,1,0,차대사람 - 기타,안전운전불이행,건조,맑음,단일로 - 기타,승용,여,42세,상해없음,보행자,남,42세,경상
2020060200100578,2020년 6월 2일 21시,화요일,인천광역시 남동구 만수동,경상사고,0,0,1,0,차대사람 - 차도통행중,안전운전불이행,건조,맑음,교차로 - 교차로부근,승용,여,65세,상해없음,보행자,여,72세,경상
2020060200100603,2020년 6월 2일 22시,화요일,인천광역시 남동구 논현동,사망사고,1,0,0,0,차대사람 - 횡단중,과속,건조,맑음,교차로 - 교차로횡단보도내,승용,남,32세,상해없음,보행자,남,60세,사망
2020060300100013,2020년 6월 3일 00시,수요일,인천광역시 남동구 만수동,경상사고,0,0,1,0,차대차 - 측면충돌,안전운전불이행,건조,맑음,단일로 - 기타,기타불명,기타불명,미분류,기타불명,승합,남,53세,경상
2020060300100014,2020년 6월 3일 00시,수요일,인천광역시 강화군 강화읍,중상사고,0,2,3,0,차량단독 - 도로외이탈 - 추락,안전운전불이행,건조,맑음,단일로 - 기타,승용,남,48세,상해없음,,,,
2020060300100015,2020년 6월 3일 00시,수요일,인천광역시 연수구 송도동,경상사고,0,0,1,0,차대사람 - 기타,안전운전불이행,건조,맑음,교차로 - 교차로부근,승용,남,59세,상해없음,보행자,남,55세,경상
2020060300100042,2020년 6월 3일 04시,수요일,인천광역시 미추홀구 학익동,중상사고,0,1,2,0,차대차 - 추돌,안전운전불이행,건조,맑음,단일로 - 기타,승합,남,57세,상해없음,승용,여,46세,중상
2020060300100074,2020년 6월 3일 07시,수요일,인천광역시 남동구 만수동,경상사고,0,0,1,0,차대차 - 측면충돌,신호위반,건조,맑음,교차로 - 교차로안,승용,남,59세,상해없음,승합,남,55세,경상
2020060300100107,2020년 6월 3일 08시,수요일,인천광역시 미추홀구 문학동,경상사고,0,0,1,0,차대사람 - 횡단중,안전운전불이행,건조,맑음,단일로 - 기타,승용,남,24세,상해없음,보행자,남,82세,경상
2020060300100108,2020년 6월 3일 08시,수요일,인천광역시 미추홀구 용현동,경상사고,0,0,2,0,차대차 - 측면충돌,교차로운행방법위반,건조,맑음,교차로 - 교차로안,화물,남,38세,기타불명,승용,여,59세,경상
2020060300100109,2020년 6월 3일 08시,수요일,인천광역시 남동구 논현동,경상사고,0,0,1,0,차대차 - 추돌,안전운전불이행,건조,맑음,교차로 - 교차로안,승용,여,29세,상해없음,승용,여,40세,경상
2020060300100200,2020년 6월 3일 11시,수요일,인천광역시 남동구 간석동,중상사고,0,2,0,0,차대차 - 측면충돌,안전거리미확보,건조,맑음,단일로 - 기타,승용,남,58세,상해없음,승용,남,38세,중상
2020060300100201,2020년 6월 3일 11시,수요일,인천광역시 서구 당하동,경상사고,0,0,2,0,차대차 - 측면충돌,교차로운행방법위반,건조,맑음,교차로 - 교차로안,승용,여,58세,상해없음,승용,여,48세,경상
2020060300100202,2020년 6월 3일 11시,수요일,인천광역시 계양구 장기동,중상사고,0,1,0,0,차대차 - 측면충돌,안전운전불이행,건조,맑음,단일로 - 기타,자전거,남,22세,상해없음,자전거,남,39세,중상
2020060300100203,2020년 6월 3일 11시,수요일,인천광역시 미추홀구 용현동,경상사고,0,0,1,0,차대차 - 기타,안전운전불이행,건조,맑음,교차로 - 교차로부근,건설기계,남,45세,경상,승용,여,52세,상해없음
2020060300100229,2020년 6월 3일 12시,수요일,인천광역시 미추홀구 관교동,경상사고,0,0,1,0,차대차 - 측면충돌,안전운전불이행,건조,맑음,교차로 - 교차로안,승용,남,63세,상해없음,이륜,남,19세,경상
2020060300100230,2020년 6월 3일 12시,수요일,인천광역시 남동구 구월동,경상사고,0,0,2,1,차대차 - 측면충돌,신호위반,건조,맑음,교차로 - 교차로안,이륜,남,79세,경상,승용,남,32세,부상신고
2020060300100303,2020년 6월 3일 14시,수요일,인천광역시 남동구 간석동,경상사고,0,0,2,0,차대차 - 측면충돌,교차로운행방법위반,건조,맑음,교차로 - 교차로안,승용,남,61세,상해없음,이륜,남,30세,경상
2020060300100343,2020년 6월 3일 15시,수요일,인천광역시 부평구 청천동,경상사고,0,0,1,0,차대차 - 추돌,안전거리미확보,건조,맑음,단일로 - 기타,승용,남,55세,상해없음,승용,여,32세,경상
2020060300100344,2020년 6월 3일 15시,수요일,인천광역시 남동구 구월동,중상사고,0,1,0,0,차대차 - 기타,안전운전불이행,건조,맑음,교차로 - 교차로부근,승용,남,48세,상해없음,원동기,남,25세,중상
2020060300100345,2020년 6월 3일 15시,수요일,인천광역시 남동구 고잔동,경상사고,0,0,1,0,차대차 - 측면충돌,신호위반,건조,맑음,교차로 - 교차로안,화물,남,60세,상해없음,승용,남,64세,경상
2020060300100381,2020년 6월 3일 16시,수요일,인천광역시 미추홀구 도화동,경상사고,0,0,1,0,차대사람 - 횡단중,신호위반,건조,맑음,단일로 - 기타,승용,여,44세,상해없음,보행자,남,31세,경상
2020060300100382,2020년 6월 3일 16시,수요일,인천광역시 서구 검암동,경상사고,0,0,1,0,차대차 - 기타,안전운전불이행,건조,맑음,단일로 - 기타,승용,남,53세,상해없음,이륜,남,29세,경상
2020060300100383,2020년 6월 3일 16시,수요일,인천광역시 남동구 고잔동,중상사고,0,1,0,0,차대차 - 측면충돌,안전거리미확보,건조,맑음,단일로 - 기타,화물,남,67세,상해없음,특수,남,48세,중상
2020060300100433,2020년 6월 3일 17시,수요일,인천광역시 계양구 서운동,중상사고,0,2,1,0,차대차 - 추돌,신호위반,건조,맑음,교차로 - 교차로안,승용,남,57세,경상,승용,남,21세,중상
2020060300100491,2020년 6월 3일 18시,수요일,인천광역시 중구 운서동,경상사고,0,0,3,0,차대차 - 측면충돌,안전운전불이행,건조,맑음,단일로 - 기타,승용,남,29세,경상,이륜,남,41세,경상
2020060300100492,2020년 6월 3일 18시,수요일,인천광역시 계양구 효성동,중상사고,0,1,0,0,차대차 - 측면충돌,안전운전불이행,건조,맑음,단일로 - 기타,승용,남,51세,상해없음,이륜,남,53세,중상
2020060300100531,2020년 6월 3일 19시,수요일,인천광역시 서구 불로동,중상사고,0,1,0,0,차대차 - 측면충돌,안전운전불이행,건조,맑음,교차로 - 교차로안,화물,남,70세,상해없음,이륜,남,40세,중상
2020060300100532,2020년 6월 3일 19시,수요일,인천광역시 계양구 계산동,경상사고,0,0,1,0,차대차 - 측면충돌,차로위반,건조,맑음,단일로 - 기타,화물,남,72세,상해없음,승용,여,32세,경상
2020060300100533,2020년 6월 3일 19시,수요일,인천광역시 연수구 동춘동,경상사고,0,0,1,0,차대차 - 측면충돌,안전운전불이행,건조,맑음,교차로 - 교차로안,승용,여,26세,상해없음,이륜,남,20세,경상
2020060300100607,2020년 6월 3일 22시,수요일,인천광역시 중구 운남동,경상사고,0,0,3,1,차대차 - 기타,안전운전불이행,건조,맑음,단일로 - 기타,기타불명,기타불명,미분류,기타불명,승용,남,26세,부상신고
2020060400100012,2020년 6월 4일 00시,목요일,인천광역시 계양구 둑실동,중상사고,0,1,0,0,차대차 - 측면충돌,안전운전불이행,건조,맑음,단일로 - 기타,승용,남,27세,상해없음,승용,여,50세,중상
2020060400100107,2020년 6월 4일 08시,목요일,인천광역시 계양구 계산동,경상사고,0,0,1,0,차대차 - 후진중충돌,안전운전불이행,건조,맑음,단일로 - 기타,승용,남,66세,상해없음,승용,여,56세,경상
2020060400100137,2020년 6월 4일 09시,목요일,인천광역시 미추홀구 숭의동,경상사고,0,0,1,0,차대차 - 측면충돌,안전운전불이행,건조,맑음,교차로 - 교차로부근,화물,남,51세,상해없음,승용,여,52세,경상
2020060400100162,2020년 6월 4일 10시,목요일,인천광역시 부평구 부평동,경상사고,0,0,1,0,차대차 - 기타,교차로운행방법위반,건조,맑음,교차로 - 교차로안,원동기,남,63세,경상,승용,여,62세,상해없음
2020060400100195,2020년 6월 4일 11시,목요일,인천광역시 미추홀구 주안동,경상사고,0,0,1,0,차대차 - 측면충돌,교차로운행방법위반,건조,맑음,교차로 - 교차로안,승용,남,74세,상해없음,승용,남,56세,경상
2020060400100408,2020년 6월 4일 16시,목요일,인천광역시 남동구 간석동,경상사고,0,0,1,0,차대차 - 측면충돌,안전운전불이행,건조,맑음,교차로 - 교차로부근,승용,남,43세,상해없음,승용,남,61세,상해없음
2020060400100542,2020년 6월 4일 19시,목요일,인천광역시 계양구 작전동,경상사고,0,0,3,0,차대차 - 측면충돌,차로위반,건조,맑음,교차로 - 교차로안,승용,남,45세,상해없음,승용,남,19세,상해없음
2020060400100543,2020년 6월 4일 19시,목요일,인천광역시 부평구 일신동,경상사고,0,0,1,0,차대차 - 추돌,안전운전불이행,건조,맑음,단일로 - 교량,승용,여,13세,상해없음,승용,남,52세,경상
2020060400100632,2020년 6월 4일 22시,목요일,인천광역시 미추홀구 주안동,중상사고,0,1,0,0,차대차 - 기타,안전운전불이행,건조,맑음,단일로 - 기타,승용,남,31세,상해없음,이륜,남,26세,중상
2020060400100633,2020년 6월 4일 22시,목요일,인천광역시 연수구 청학동,경상사고,0,0,1,0,차대차 - 기타,안전운전불이행,건조,맑음,단일로 - 기타,승용,남,51세,상해없음,이륜,남,44세,경상
2020060400100634,2020년 6월 4일 22시,목요일,인천광역시 서구 검암동,경상사고,0,0,1,0,차대차 - 추돌,안전운전불이행,젖음/습기,비,단일로 - 기타,승용,남,48세,상해없음,승용,남,43세,경상
2020060500100055,2020년 6월 5일 05시,금요일,인천광역시 서구 불로동,경상사고,0,0,1,0,차대차 - 측면충돌,불법유턴,건조,맑음,교차로 - 교차로부근,승용,남,57세,상해없음,승용,남,19세,경상
2020060500100066,2020년 6월 5일 06시,금요일,인천광역시 부평구 부평동,경상사고,0,0,1,0,차대차 - 측면충돌,안전운전불이행,건조,맑음,교차로 - 교차로부근,승용,여,58세,상해없음,자전거,여,56세,경상
2020060500100092,2020년 6월 5일 07시,금요일,인천광역시 남동구 수산동,중상사고,0,1,0,0,차대차 - 측면충돌,교차로운행방법위반,건조,맑음,교차로 - 교차로안,승용,남,60세,상해없음,자전거,남,30세,중상
2020060500100185,2020년 6월 5일 10시,금요일,인천광역시 미추홀구 용현동,경상사고,0,0,2,0,차대차 - 추돌,안전운전불이행,건조,맑음,단일로 - 기타,승용,남,63세,기타불명,화물,남,68세,경상
2020060500100186,2020년 6월 5일 10시,금요일,인천광역시 연수구 옥련동,경상사고,0,0,1,0,차대차 - 측면충돌,안전거리미확보,건조,맑음,단일로 - 기타,승용,여,59세,상해없음,승용,남,48세,경상
2020060500100227,2020년 6월 5일 11시,금요일,인천광역시 서구 가좌동,경상사고,0,0,1,0,차대차 - 측면충돌,안전운전불이행,건조,맑음,교차로 - 교차로부근,화물,남,45세,상해없음,승용,남,72세,경상
2020060500100265,2020년 6월 5일 12시,금요일,인천광역시 미추홀구 주안동,경상사고,0,0,1,0,차대사람 - 횡단중,안전운전불이행,건조,맑음,교차로 - 교차로부근,승용,남,37세,상해없음,보행자,여,26세,경상
2020060500100266,2020년 6월 5일 12시,금요일,인천광역시 남동구 만수동,경상사고,0,0,1,0,차대차 - 측면충돌,보행자보호의무위반,건조,맑음,교차로 - 교차로부근,이륜,남,54세,상해없음,자전거,여,8세,경상
2020060500100267,2020년 6월 5일 12시,금요일,인천광역시 계양구 하야동,경상사고,0,0,1,0,차대차 - 측면충돌,안전운전불이행,건조,맑음,단일로 - 기타,화물,남,53세,상해없음,화물,남,61세,경상
2020060500100346,2020년 6월 5일 14시,금요일,인천광역시 중구 운서동,부상신고사고,0,0,0,4,차대차 - 측면충돌,신호위반,건조,맑음,교차로 - 교차로안,승합,남,68세,상해없음,승용,남,25세,부상신고
2020060500100394,2020년 6월 5일 15시,금요일,인천광역시 남동구 장수동,부상신고사고,0,0,0,1,차대차 - 추돌,안전운전불이행,건조,맑음,단일로 - 기타,승용,남,48세,상해없음,승용,남,43세,부상신고
2020060500100486,2020년 6월 5일 17시,금요일,인천광역시 남동구 구월동,경상사고,0,0,1,0,차대차 - 추돌,안전거리미확보,건조,맑음,교차로 - 교차로부근,화물,남,68세,상해없음,승용,여,41세,경상
2020060500100487,2020년 6월 5일 17시,금요일,인천광역시 부평구 부개동,중상사고,0,1,0,0,차대차 - 측면충돌,안전운전불이행,건조,맑음,기타 - 기타,화물,남,51세,상해없음,자전거,남,61세,중상
2020060500100578,2020년 6월 5일 19시,금요일,인천광역시 미추홀구 주안동,경상사고,0,0,1,0,차대차 - 측면충돌,안전운전불이행,건조,맑음,교차로 - 교차로안,화물,남,61세,상해없음,승용,남,60세,경상
2020060500100579,2020년 6월 5일 19시,금요일,인천광역시 부평구 갈산동,경상사고,0,0,1,0,차대차 - 측면충돌,안전거리미확보,건조,맑음,단일로 - 기타,승용,여,58세,상해없음,승용,남,23세,경상
2020060500100624,2020년 6월 5일 20시,금요일,인천광역시 중구 신흥동3가,중상사고,0,1,2,0,차대차 - 기타,과속,건조,맑음,교차로 - 교차로안,승용,남,26세,경상,승용,남,43세,중상
2020060500100625,2020년 6월 5일 20시,금요일,인천광역시 서구 마전동,중상사고,0,2,0,0,차대차 - 측면충돌,안전운전불이행,건조,맑음,교차로 - 교차로안,이륜,남,36세,중상,이륜,남,55세,중상
2020060500100670,2020년 6월 5일 21시,금요일,인천광역시 남동구 구월동,경상사고,0,0,1,0,차대차 - 측면충돌,신호위반,건조,맑음,교차로 - 교차로부근,승용,남,36세,상해없음,개인형이동수단(PM),남,41세,경상
2020060500100692,2020년 6월 5일 22시,금요일,인천광역시 중구 운북동,경상사고,0,0,1,0,차대차 - 추돌,안전운전불이행,건조,맑음,단일로 - 기타,화물,남,48세,상해없음,승용,여,47세,경상
2020060500100693,2020년 6월 5일 22시,금요일,인천광역시 서구 청라동,중상사고,0,1,0,0,차대사람 - 보도통행중,기타,건조,맑음,단일로 - 기타,자전거,남,41세,상해없음,보행자,남,27세,중상
2020060500100724,2020년 6월 5일 23시,금요일,인천광역시 계양구 임학동,경상사고,0,0,1,0,차량단독 - 공작물충돌,안전운전불이행,건조,맑음,단일로 - 기타,승합,남,55세,상해없음,,,,
2020060600100029,2020년 6월 6일 01시,토요일,인천광역시 중구 을왕동,경상사고,0,0,1,0,차대차 - 후진중충돌,안전운전불이행,건조,맑음,교차로 - 교차로부근,승용,남,26세,상해없음,승용,남,21세,경상
2020060600100047,2020년 6월 6일 02시,토요일,인천광역시 남동구 구월동,중상사고,0,2,1,0,차대차 - 측면충돌,안전운전불이행,건조,맑음,교차로 - 교차로안,승용,남,25세,상해없음,승용,남,56세,중상
2020060600100062,2020년 6월 6일 03시,토요일,인천광역시 연수구 송도동,중상사고,0,1,0,0,차량단독 - 전도전복 - 전도,안전운전불이행,건조,맑음,교차로 - 교차로안,개인형이동수단(PM),남,41세,상해없음,,,,
2020060600100073,2020년 6월 6일 04시,토요일,인천광역시 연수구 연수동,경상사고,0,0,3,0,차대차 - 측면충돌,중앙선침범,건조,맑음,단일로 - 기타,승용,남,30세,상해없음,승용,남,53세,경상
2020060600100085,2020년 6월 6일 06시,토요일,인천광역시 강화군 양도면,부상신고사고,0,0,0,1,차대차 - 측면충돌,안전운전불이행,건조,맑음,교차로 - 교차로안,이륜,남,80세,부상신고,승용,남,62세,상해없음
2020060600100107,2020년 6월 6일 08시,토요일,인천광역시 계양구 평동,중상사고,0,1,0,0,차대차 - 추돌,안전운전불이행,건조,맑음,단일로 - 기타,자전거,남,34세,중상,자전거,남,11세,상해없음
2020060600100108,2020년 6월 6일 08시,토요일,인천광역시 강화군 선원면,사망사고,1,0,0,0,차대차 - 측면충돌,안전운전불이행,건조,맑음,교차로 - 교차로부근,이륜,남,77세,사망,승용,남,68세,상해없음
2020060600100163,2020년 6월 6일 10시,토요일,인천광역시 미추홀구 주안동,경상사고,0,0,1,0,차대차 - 정면충돌,신호위반,건조,맑음,단일로 - 기타,화물,남,60세,상해없음,승용,남,63세,경상
2020060600100204,2020년 6월 6일 11시,토요일,인천광역시 동구 송림동,경상사고,0,0,1,0,차대차 - 측면충돌,안전거리미확보,건조,맑음,단일로 - 기타,승용,남,64세,상해없음,이륜,남,53세,경상
2020060600100231,2020년 6월 6일 12시,토요일,인천광역시 서구 석남동,경상사고,0,0,1,0,차대사람 - 기타,안전운전불이행,건조,맑음,단일로 - 기타,화물,남,81세,상해없음,보행자,여,48세,경상
2020060600100232,2020년 6월 6일 12시,토요일,인천광역시 서구 가좌동,경상사고,0,0,1,0,차대차 - 정면충돌,안전운전불이행,건조,맑음,교차로 - 교차로안,승용,여,43세,상해없음,승용,여,40세,경상
2020060600100276,2020년 6월 6일 13시,토요일,인천광역시 서구 당하동,경상사고,0,0,1,0,차대차 - 추돌,안전운전불이행,건조,흐림,기타 - 기타,승용,남,42세,상해없음,자전거,남,37세,경상
2020060600100277,2020년 6월 6일 13시,토요일,인천광역시 계양구 병방동,경상사고,0,0,4,0,차대차 - 추돌,안전운전불이행,건조,맑음,단일로 - 교량,승용,남,33세,상해없음,승용,남,33세,경상
2020060600100351,2020년 6월 6일 15시,토요일,인천광역시 중구 항동6가,중상사고,0,1,0,0,차대차 - 측면충돌,안전운전불이행,건조,맑음,단일로 - 기타,화물,남,61세,상해없음,자전거,남,76세,중상
2020060600100352,2020년 6월 6일 15시,토요일,인천광역시 연수구 송도동,중상사고,0,1,0,0,차대차 - 측면충돌,안전운전불이행,건조,맑음,단일로 - 기타,승용,남,43세,상해없음,이륜,남,29세,중상
2020060600100353,2020년 6월 6일 15시,토요일,인천광역시 남동구 도림동,중상사고,0,1,2,0,차대차 - 측면충돌,안전운전불이행,건조,맑음,교차로 - 교차로부근,승용,여,61세,경상,승용,여,33세,경상
2020060600100393,2020년 6월 6일 16시,토요일,인천광역시 강화군 선원면,경상사고,0,0,4,0,차대차 - 측면충돌,중앙선침범,건조,맑음,단일로 - 기타,화물,남,58세,상해없음,승용,여,21세,경상
2020060600100439,2020년 6월 6일 17시,토요일,인천광역시 계양구 효성동,중상사고,0,1,1,0,차대차 - 측면충돌,신호위반,건조,맑음,교차로 - 교차로안,승용,남,60세,상해없음,이륜,남,19세,경상
2020060600100475,2020년 6월 6일 18시,토요일,인천광역시 부평구 산곡동,중상사고,0,1,0,0,차대차 - 측면충돌,신호위반,건조,맑음,교차로 - 교차로안,화물,남,46세,상해없음,이륜,남,54세,중상
2020060600100535,2020년 6월 6일 20시,토요일,인천광역시 부평구 일신동,경상사고,0,0,2,0,차대차 - 측면충돌,안전거리미확보,건조,기타,교차로 - 교차로부근,이륜,남,35세,상해없음,승용,남,28세,경상
2020060600100560,2020년 6월 6일 21시,토요일,인천광역시 미추홀구 학익동,중상사고,0,1,0,0,차대차 - 정면충돌,신호위반,건조,맑음,교차로 - 교차로안,승용,여,19세,상해없음,이륜,남,52세,중상
2020060600100600,2020년 6월 6일 23시,토요일,인천광역시 서구 청라동,경상사고,0,0,1,0,차대차 - 정면충돌,신호위반,건조,맑음,교차로 - 교차로안,승용,남,51세,상해없음,승용,남,34세,경상
2020060600100601,2020년 6월 6일 23시,토요일,인천광역시 연수구 송도동,중상사고,0,1,1,0,차대차 - 측면충돌,신호위반,건조,맑음,교차로 - 교차로안,승용,여,22세,상해없음,승용,남,29세,중상
2020060700100009,2020년 6월 7일 00시,일요일,인천광역시 남동구 간석동,경상사고,0,0,1,0,차량단독 - 기타,안전운전불이행,건조,맑음,교차로 - 교차로부근,승용,남,50세,상해없음,,,,
2020060700100042,2020년 6월 7일 02시,일요일,인천광역시 미추홀구 주안동,경상사고,0,0,1,0,차대차 - 추돌,안전운전불이행,건조,맑음,교차로 - 교차로부근,승용,남,34세,상해없음,승용,남,60세,경상
2020060700100059,2020년 6월 7일 03시,일요일,인천광역시 미추홀구 문학동,경상사고,0,0,1,0,차대차 - 기타,신호위반,건조,기타,교차로 - 교차로안,승용,여,45세,기타불명,이륜,남,33세,경상
2020060700100066,2020년 6월 7일 04시,일요일,인천광역시 남동구 간석동,경상사고,0,0,2,0,차대차 - 측면충돌,차로위반,건조,맑음,교차로 - 교차로부근,승용,남,26세,상해없음,승용,남,53세,경상
2020060700100088,2020년 6월 7일 07시,일요일,인천광역시 미추홀구 학익동,경상사고,0,0,3,1,차대차 - 측면충돌,신호위반,건조,맑음,단일로 - 기타,승용,남,28세,상해없음,승합,남,58세,경상
2020060700100148,2020년 6월 7일 10시,일요일,인천광역시 미추홀구 주안동,경상사고,0,0,2,0,차대차 - 추돌,교차로운행방법위반,건조,맑음,교차로 - 교차로부근,승용,남,50세,상해없음,승용,남,41세,경상
2020060700100149,2020년 6월 7일 10시,일요일,인천광역시 서구 당하동,경상사고,0,0,1,0,차대차 - 측면충돌,안전운전불이행,건조,맑음,교차로 - 교차로부근,승합,남,33세,상해없음,자전거,남,62세,경상
2020060700100198,2020년 6월 7일 12시,일요일,인천광역시 계양구 평동,경상사고,0,0,1,0,차대차 - 기타,안전운전불이행,건조,맑음,단일로 - 기타,자전거,남,61세,상해없음,자전거,남,55세,경상
2020060700100272,2020년 6월 7일 14시,일요일,인천광역시 서구 검암동,경상사고,0,0,1,0,차대차 - 기타,안전운전불이행,건조,맑음,단일로 - 기타,자전거,여,41세,경상,자전거,남,51세,상해없음
2020060700100302,2020년 6월 7일 15시,일요일,인천광역시 부평구 삼산동,경상사고,0,0,1,0,차대차 - 측면충돌,안전운전불이행,건조,맑음,단일로 - 기타,승용,여,61세,기타불명,승용,남,22세,경상
2020060700100340,2020년 6월 7일 16시,일요일,인천광역시 미추홀구 용현동,경상사고,0,0,2,0,차대차 - 측면충돌,안전운전불이행,건조,맑음,단일로 - 기타,승용,여,56세,상해없음,승용,남,35세,경상
2020060700100341,2020년 6월 7일 16시,일요일,인천광역시 남동구 간석동,경상사고,0,0,4,0,차대차 - 측면충돌,안전운전불이행,건조,맑음,단일로 - 기타,승용,여,47세,상해없음,승용,남,61세,경상
2020060700100342,2020년 6월 7일 16시,일요일,인천광역시 계양구 병방동,중상사고,0,2,0,0,차대차 - 측면충돌,신호위반,건조,맑음,단일로 - 기타,승용,남,60세,상해없음,승용,남,37세,중상
2020060700100416,2020년 6월 7일 18시,일요일,인천광역시 옹진군 영흥면,경상사고,0,0,1,0,차대차 - 추돌,안전운전불이행,건조,맑음,단일로 - 기타,승용,남,52세,상해없음,승용,남,48세,경상
2020060700100417,2020년 6월 7일 18시,일요일,인천광역시 부평구 십정동,경상사고,0,0,1,0,차대차 - 측면충돌,안전거리미확보,건조,맑음,교차로 - 교차로부근,승용,남,29세,상해없음,승용,여,26세,경상
2020060700100418,2020년 6월 7일 18시,일요일,인천광역시 남동구 서창동,중상사고,0,1,0,0,차대차 - 측면충돌,안전운전불이행,건조,맑음,교차로 - 교차로안,승용,남,34세,상해없음,이륜,남,31세,중상
2020060700100442,2020년 6월 7일 19시,일요일,인천광역시 중구 운남동,경상사고,0,0,4,0,차대차 - 측면충돌,안전운전불이행,건조,흐림,교차로 - 교차로안,승용,남,43세,경상,화물,남,44세,경상
2020060700100443,2020년 6월 7일 19시,일요일,인천광역시 미추홀구 관교동,경상사고,0,0,1,0,차대차 - 후진중충돌,안전운전불이행,건조,맑음,교차로 - 교차로안,승용,남,65세,상해없음,승용,남,56세,경상
2020060700100444,2020년 6월 7일 19시,일요일,인천광역시 부평구 갈산동,경상사고,0,0,2,0,차대차 - 측면충돌,교차로운행방법위반,건조,맑음,교차로 - 교차로안,승용,여,49세,상해없음,승용,남,24세,경상
2020060700100470,2020년 6월 7일 20시,일요일,인천광역시 미추홀구 주안동,경상사고,0,0,1,0,차대차 - 측면충돌,안전운전불이행,건조,맑음,단일로 - 기타,승용,남,59세,상해없음,이륜,남,41세,경상
2020060800100008,2020년 6월 8일 00시,월요일,인천광역시 서구 청라동,경상사고,0,0,1,0,차대사람 - 차도통행중,안전운전불이행,건조,맑음,단일로 - 기타,기타불명,기타불명,미분류,기타불명,보행자,남,27세,경상
2020060800100095,2020년 6월 8일 07시,월요일,인천광역시 서구 청라동,경상사고,0,0,2,0,차대차 - 추돌,신호위반,건조,맑음,교차로 - 교차로안,승용,남,61세,경상,승용,여,55세,경상
2020060800100096,2020년 6월 8일 07시,월요일,인천광역시 서구 신현동,경상사고,0,0,1,0,차대차 - 측면충돌,안전운전불이행,건조,맑음,단일로 - 기타,승용,여,48세,상해없음,승용,남,38세,경상
2020060800100144,2020년 6월 8일 08시,월요일,인천광역시 연수구 송도동,중상사고,0,2,0,0,차대차 - 추돌,안전운전불이행,건조,맑음,단일로 - 교량,승용,남,33세,상해없음,승용,여,60세,중상
2020060800100215,2020년 6월 8일 10시,월요일,인천광역시 남동구 간석동,경상사고,0,0,2,0,차대차 - 측면충돌,교차로운행방법위반,건조,맑음,교차로 - 교차로안,승용,여,43세,상해없음,승용,여,25세,경상
2020060800100256,2020년 6월 8일 11시,월요일,인천광역시 서구 경서동,경상사고,0,0,2,0,차대차 - 측면충돌,안전운전불이행,건조,맑음,단일로 - 기타,승용,남,62세,상해없음,승용,남,38세,경상
2020060800100300,2020년 6월 8일 12시,월요일,인천광역시 강화군 하점면,중상사고,0,1,0,0,차대차 - 측면충돌,교차로운행방법위반,건조,맑음,교차로 - 교차로부근,화물,남,33세,상해없음,이륜,남,80세,중상
2020060800100346,2020년 6월 8일 13시,월요일,인천광역시 서구 가좌동,경상사고,0,0,4,0,차대차 - 측면충돌,안전운전불이행,건조,맑음,교차로 - 교차로부근,건설기계,남,59세,상해없음,승용,남,49세,경상
2020060800100377,2020년 6월 8일 14시,월요일,인천광역시 부평구 청천동,중상사고,0,1,0,0,차대사람 - 기타,보행자보호의무위반,건조,맑음,단일로 - 기타,승용,남,40세,상해없음,보행자,여,80세,중상
2020060800100378,2020년 6월 8일 14시,월요일,인천광역시 계양구 계산동,경상사고,0,0,1,0,차대사람 - 횡단중,신호위반,건조,맑음,교차로 - 교차로횡단보도내,승용,남,53세,상해없음,보행자,여,22세,경상
2020060800100421,2020년 6월 8일 15시,월요일,인천광역시 서구 가좌동,경상사고,0,0,1,0,차대차 - 추돌,안전거리미확보,건조,맑음,단일로 - 지하차도(도로)내,승용,남,61세,상해없음,승용,남,66세,경상
2020060800100422,2020년 6월 8일 15시,월요일,인천광역시 계양구 동양동,부상신고사고,0,0,0,1,차대사람 - 길가장자리구역통행중,안전운전불이행,건조,맑음,단일로 - 기타,승용,남,34세,상해없음,보행자,여,4세,부상신고
2020060800100470,2020년 6월 8일 16시,월요일,인천광역시 미추홀구 주안동,경상사고,0,0,1,0,차대차 - 추돌,안전운전불이행,건조,맑음,단일로 - 기타,승용,남,45세,기타불명,승용,여,30세,경상
2020060800100515,2020년 6월 8일 17시,월요일,인천광역시 미추홀구 주안동,경상사고,0,0,1,0,차대차 - 측면충돌,안전운전불이행,건조,맑음,단일로 - 기타,승용,남,59세,상해없음,이륜,남,20세,경상
2020060800100516,2020년 6월 8일 17시,월요일,인천광역시 부평구 부평동,경상사고,0,0,1,0,차대차 - 측면충돌,안전운전불이행,건조,맑음,단일로 - 기타,승용,남,46세,상해없음,승용,남,70세,경상