사고번호,사고일시,요일,시군구,사고내용,사망자수,중상자수,경상자수,부상신고자수,사고유형,법규위반,노면상태,기상상태,도로형태,가해운전자 차종,가해운전자 성별,가해운전자 연령,가해운전자 상해정도,피해운전자 차종,피해운전자 성별,피해운전자 연령,피해운전자 상해정도
2020061900100241,2020년 6월 19일 11시,금요일,인천광역시 서구 석남동,경상사고,0,0,1,0,차대차 - 측면충돌,신호위반,건조,맑음,교차로 - 교차로안,승용,남,71세,상해없음,승용,남,60세,경상
2020061900100291,2020년 6월 19일 12시,금요일,인천광역시 남동구 논현동,경상사고,0,0,2,0,차대차 - 추돌,안전운전불이행,건조,맑음,단일로 - 기타,기타불명,기타불명,미분류,기타불명,승용,여,26세,경상
2020061900100326,2020년 6월 19일 13시,금요일,인천광역시 중구 항동7가,중상사고,0,1,0,0,차대사람 - 횡단중,신호위반,건조,맑음,교차로 - 교차로횡단보도내,화물,남,68세,상해없음,보행자,여,55세,중상
2020061900100327,2020년 6월 19일 13시,금요일,인천광역시 연수구 송도동,경상사고,0,0,1,0,차대차 - 측면충돌,교차로운행방법위반,건조,맑음,교차로 - 교차로안,특수,남,67세,상해없음,승용,남,36세,경상
2020061900100354,2020년 6월 19일 14시,금요일,인천광역시 중구 운남동,경상사고,0,0,1,0,차량단독 - 기타,안전운전불이행,건조,맑음,단일로 - 기타,승합,남,59세,상해없음,,,,
2020061900100355,2020년 6월 19일 14시,금요일,인천광역시 남동구 구월동,경상사고,0,0,1,0,차대차 - 후진중충돌,안전운전불이행,건조,맑음,단일로 - 기타,승용,여,61세,상해없음,승용,여,30세,경상
2020061900100356,2020년 6월 19일 14시,금요일,인천광역시 강화군 길상면,중상사고,0,2,1,0,차대차 - 측면충돌,중앙선침범,건조,맑음,단일로 - 기타,이륜,남,53세,경상,승용,남,54세,상해없음
2020061900100409,2020년 6월 19일 15시,금요일,인천광역시 미추홀구 관교동,경상사고,0,0,1,0,차대차 - 측면충돌,교차로운행방법위반,건조,맑음,교차로 - 교차로안,화물,남,42세,기타불명,승용,여,25세,경상
2020061900100451,2020년 6월 19일 16시,금요일,인천광역시 부평구 부평동,경상사고,0,0,2,0,차대차 - 측면충돌,교차로운행방법위반,건조,맑음,교차로 - 교차로안,승용,남,57세,상해없음,승용,남,24세,경상
2020061900100515,2020년 6월 19일 17시,금요일,인천광역시 부평구 청천동,경상사고,0,0,1,0,차대사람 - 횡단중,안전운전불이행,건조,맑음,교차로 - 교차로안,승용,남,57세,상해없음,보행자,여,76세,경상
2020061900100516,2020년 6월 19일 17시,금요일,인천광역시 부평구 십정동,경상사고,0,0,1,0,차대차 - 측면충돌,안전거리미확보,건조,맑음,교차로 - 교차로부근,승용,남,65세,상해없음,승용,남,39세,경상
2020061900100517,2020년 6월 19일 17시,금요일,인천광역시 서구 마전동,경상사고,0,0,1,0,차대사람 - 길가장자리구역통행중,안전운전불이행,건조,맑음,단일로 - 기타,기타불명,기타불명,미분류,기타불명,보행자,여,6세,경상
2020061900100518,2020년 6월 19일 17시,금요일,인천광역시 계양구 임학동,경상사고,0,0,1,0,차대사람 - 횡단중,안전운전불이행,건조,맑음,단일로 - 기타,승용,남,49세,상해없음,보행자,남,17세,경상
2020061900100519,2020년 6월 19일 17시,금요일,인천광역시 계양구 작전동,경상사고,0,0,2,0,차대차 - 측면충돌,안전운전불이행,건조,맑음,교차로 - 교차로안,화물,남,57세,상해없음,승용,남,25세,경상
2020061900100520,2020년 6월 19일 17시,금요일,인천광역시 계양구 용종동,경상사고,0,0,1,0,차대차 - 추돌,차로위반,건조,맑음,단일로 - 기타,승용,여,21세,경상,승용,남,21세,상해없음
2020061900100521,2020년 6월 19일 17시,금요일,인천광역시 서구 원창동,경상사고,0,0,3,0,차대차 - 추돌,안전거리미확보,건조,맑음,단일로 - 교량,화물,남,54세,상해없음,화물,남,68세,경상
2020061900100570,2020년 6월 19일 18시,금요일,인천광역시 부평구 부평동,경상사고,0,0,2,0,차대차 - 측면충돌,안전운전불이행,건조,맑음,교차로 - 교차로안,승합,남,58세,상해없음,승용,여,48세,경상
2020061900100571,2020년 6월 19일 18시,금요일,인천광역시 계양구 작전동,경상사고,0,0,1,0,차대차 - 측면충돌,안전운전불이행,건조,맑음,교차로 - 교차로안,승용,남,63세,상해없음,화물,남,32세,경상
2020061900100618,2020년 6월 19일 19시,금요일,인천광역시 미추홀구 도화동,경상사고,0,0,1,0,차대차 - 추돌,안전운전불이행,건조,맑음,단일로 - 기타,승합,남,28세,상해없음,승용,여,25세,경상
2020061900100619,2020년 6월 19일 19시,금요일,인천광역시 부평구 부평동,중상사고,0,1,0,0,차대차 - 측면충돌,차로위반,건조,맑음,교차로 - 교차로부근,승용,남,33세,상해없음,이륜,남,52세,중상
2020061900100657,2020년 6월 19일 20시,금요일,인천광역시 서구 청라동,중상사고,0,1,2,0,차대차 - 정면충돌,안전운전불이행,건조,맑음,교차로 - 교차로안,승용,여,44세,경상,승용,남,38세,경상
2020061900100658,2020년 6월 19일 20시,금요일,인천광역시 연수구 연수동,경상사고,0,0,1,0,차대차 - 추돌,안전운전불이행,건조,맑음,교차로 - 교차로부근,승용,남,48세,상해없음,승용,남,39세,경상
2020061900100723,2020년 6월 19일 22시,금요일,인천광역시 중구 북성동1가,경상사고,0,0,3,0,차대차 - 측면충돌,안전운전불이행,건조,맑음,교차로 - 교차로안,승용,남,33세,상해없음,승용,남,26세,경상
2020061900100724,2020년 6월 19일 22시,금요일,인천광역시 서구 검암동,경상사고,0,0,2,0,차대차 - 기타,안전운전불이행,건조,맑음,교차로 - 교차로안,이륜,남,16세,경상,승용,남,57세,경상
2020061900100725,2020년 6월 19일 22시,금요일,인천광역시 계양구 계산동,중상사고,0,2,0,0,차대차 - 측면충돌,교차로운행방법위반,건조,맑음,교차로 - 교차로안,승용,남,19세,상해없음,승용,남,24세,중상
2020061900100726,2020년 6월 19일 22시,금요일,인천광역시 부평구 부평동,경상사고,0,0,4,0,차대차 - 측면충돌,안전거리미확보,건조,맑음,단일로 - 기타,승용,남,55세,상해없음,승용,남,29세,경상
2020061900100748,2020년 6월 19일 23시,금요일,인천광역시 강화군 길상면,중상사고,0,1,0,0,차대차 - 측면충돌,안전운전불이행,건조,맑음,교차로 - 교차로안,승용,남,59세,상해없음,이륜,남,38세,중상
2020062000100018,2020년 6월 20일 00시,토요일,인천광역시 서구 연희동,경상사고,0,0,2,0,차대차 - 추돌,안전운전불이행,건조,맑음,단일로 - 기타,승용,남,27세,경상,승용,남,27세,경상
2020062000100044,2020년 6월 20일 02시,토요일,인천광역시 중구 을왕동,중상사고,0,1,0,0,차대사람 - 기타,안전운전불이행,건조,맑음,단일로 - 기타,승용,남,29세,상해없음,보행자,남,37세,중상
2020062000100079,2020년 6월 20일 06시,토요일,인천광역시 계양구 작전동,경상사고,0,0,1,0,차대차 - 측면충돌,안전거리미확보,건조,맑음,단일로 - 기타,승용,여,23세,상해없음,승용,남,41세,경상
2020062000100096,2020년 6월 20일 07시,토요일,인천광역시 부평구 부개동,부상신고사고,0,0,0,1,차대사람 - 기타,안전운전불이행,건조,맑음,단일로 - 기타,화물,남,61세,상해없음,보행자,남,20세,부상신고
2020062000100115,2020년 6월 20일 08시,토요일,인천광역시 중구 운서동,중상사고,0,2,4,0,차대차 - 측면충돌,차로위반,건조,맑음,기타 - 기타,승용,남,25세,상해없음,승용,남,34세,중상
2020062000100153,2020년 6월 20일 09시,토요일,인천광역시 연수구 선학동,경상사고,0,0,1,0,차대사람 - 횡단중,보행자보호의무위반,건조,맑음,교차로 - 교차로부근,기타불명,기타불명,미분류,기타불명,보행자,남,42세,경상
2020062000100187,2020년 6월 20일 10시,토요일,인천광역시 미추홀구 주안동,경상사고,0,0,1,0,차대사람 - 길가장자리구역통행중,안전운전불이행,건조,맑음,단일로 - 기타,승용,여,33세,상해없음,보행자,여,53세,경상
2020062000100222,2020년 6월 20일 11시,토요일,인천광역시 계양구 작전동,경상사고,0,0,2,0,차대차 - 측면충돌,안전거리미확보,건조,맑음,단일로 - 기타,승합,남,59세,상해없음,승용,남,32세,경상
2020062000100223,2020년 6월 20일 11시,토요일,인천광역시 남동구 서창동,중상사고,0,1,0,0,차대사람 - 횡단중,보행자보호의무위반,건조,맑음,교차로 - 교차로횡단보도내,자전거,남,11세,상해없음,보행자,여,86세,중상
2020062000100285,2020년 6월 20일 12시,토요일,인천광역시 미추홀구 주안동,경상사고,0,0,1,0,차대차 - 측면충돌,안전운전불이행,건조,맑음,단일로 - 기타,승용,남,23세,상해없음,승용,남,29세,경상
2020062000100323,2020년 6월 20일 13시,토요일,인천광역시 연수구 청학동,경상사고,0,0,1,0,차대사람 - 횡단중,보행자보호의무위반,건조,맑음,단일로 - 기타,승용,여,70세,상해없음,보행자,여,18세,경상
2020062000100362,2020년 6월 20일 14시,토요일,인천광역시 계양구 작전동,경상사고,0,0,1,1,차대차 - 측면충돌,안전운전불이행,건조,맑음,교차로 - 교차로부근,화물,남,60세,부상신고,화물,남,57세,경상
2020062000100403,2020년 6월 20일 15시,토요일,인천광역시 미추홀구 용현동,경상사고,0,0,3,1,차대차 - 추돌,안전운전불이행,건조,맑음,교차로 - 교차로안,화물,남,37세,상해없음,승합,남,40세,경상
2020062000100404,2020년 6월 20일 15시,토요일,인천광역시 연수구 선학동,경상사고,0,0,1,0,차대차 - 측면충돌,교차로운행방법위반,건조,맑음,교차로 - 교차로안,승용,여,63세,상해없음,화물,남,29세,경상
2020062000100442,2020년 6월 20일 16시,토요일,인천광역시 남동구 간석동,중상사고,0,1,0,0,차대사람 - 기타,안전운전불이행,건조,맑음,단일로 - 기타,개인형이동수단(PM),남,35세,상해없음,보행자,남,7세,중상
2020062000100443,2020년 6월 20일 16시,토요일,인천광역시 남동구 서창동,부상신고사고,0,0,0,1,차대사람 - 기타,안전운전불이행,건조,맑음,단일로 - 기타,이륜,남,56세,상해없음,보행자,남,18세,부상신고
2020062000100525,2020년 6월 20일 18시,토요일,인천광역시 부평구 청천동,부상신고사고,0,0,0,1,차대차 - 측면충돌,안전운전불이행,건조,맑음,단일로 - 기타,기타불명,기타불명,미분류,기타불명,자전거,남,47세,부상신고
2020062000100526,2020년 6월 20일 18시,토요일,인천광역시 부평구 부평동,경상사고,0,0,2,0,차대차 - 측면충돌,안전운전불이행,건조,맑음,교차로 - 교차로안,승용,남,22세,상해없음,승합,남,56세,경상
2020062000100527,2020년 6월 20일 18시,토요일,인천광역시 부평구 갈산동,경상사고,0,0,1,0,차대차 - 추돌,안전운전불이행,건조,맑음,교차로 - 교차로부근,화물,남,56세,상해없음,이륜,남,23세,경상
2020062000100634,2020년 6월 20일 21시,토요일,인천광역시 중구 운서동,중상사고,0,2,0,0,차대차 - 추돌,안전운전불이행,건조,맑음,단일로 - 교량,승용,남,30세,상해없음,승용,남,59세,중상
2020062000100672,2020년 6월 20일 23시,토요일,인천광역시 미추홀구 주안동,경상사고,0,0,1,0,차대사람 - 기타,안전운전불이행,건조,맑음,단일로 - 기타,승용,여,28세,상해없음,보행자,남,39세,경상
2020062100100013,2020년 6월 21일 00시,일요일,인천광역시 중구 북성동1가,경상사고,0,0,2,0,차대차 - 측면충돌,안전운전불이행,건조,맑음,단일로 - 기타,승용,남,30세,상해없음,승용,남,29세,경상
2020062100100033,2020년 6월 21일 01시,일요일,인천광역시 미추홀구 주안동,중상사고,0,1,0,0,차대차 - 기타,중앙선침범,건조,맑음,단일로 - 기타,승용,남,42세,상해없음,이륜,남,44세,중상
2020062100100034,2020년 6월 21일 01시,일요일,인천광역시 남동구 간석동,중상사고,0,1,0,0,차대사람 - 기타,안전운전불이행,건조,맑음,교차로 - 교차로안,승용,남,40세,상해없음,보행자,남,57세,중상
2020062100100035,2020년 6월 21일 01시,일요일,인천광역시 남동구 논현동,경상사고,0,0,2,0,차대차 - 측면충돌,교차로운행방법위반,건조,맑음,교차로 - 교차로안,승용,남,38세,상해없음,승용,남,52세,경상
2020062100100078,2020년 6월 21일 05시,일요일,인천광역시 계양구 둑실동,중상사고,0,2,1,0,차량단독 - 도로외이탈 - 추락,안전운전불이행,건조,맑음,교차로 - 교차로안,승용,남,18세,상해없음,,,,
2020062100100153,2020년 6월 21일 10시,일요일,인천광역시 부평구 산곡동,경상사고,0,0,1,0,차대차 - 추돌,안전거리미확보,건조,맑음,단일로 - 기타,승용,남,60세,상해없음,화물,남,63세,경상
2020062100100154,2020년 6월 21일 10시,일요일,인천광역시 남동구 수산동,중상사고,0,1,0,0,차대차 - 측면충돌,안전운전불이행,건조,맑음,교차로 - 교차로안,승용,여,37세,상해없음,개인형이동수단(PM),남,83세,중상
2020062100100183,2020년 6월 21일 11시,일요일,인천광역시 중구 운남동,중상사고,0,2,1,0,차대차 - 측면충돌,차로위반,건조,맑음,단일로 - 기타,이륜,남,42세,중상,승용,남,25세,경상
2020062100100184,2020년 6월 21일 11시,일요일,인천광역시 옹진군 영흥면,경상사고,0,0,1,0,차대차 - 정면충돌,안전운전불이행,건조,맑음,단일로 - 기타,승용,남,23세,상해없음,승용,남,42세,경상
2020062100100301,2020년 6월 21일 15시,일요일,인천광역시 부평구 갈산동,경상사고,0,0,1,0,차대차 - 측면충돌,교차로운행방법위반,건조,맑음,교차로 - 교차로안,승용,여,38세,상해없음,이륜,남,41세,경상
2020062100100302,2020년 6월 21일 15시,일요일,인천광역시 남동구 도림동,경상사고,0,0,1,0,차대차 - 추돌,안전운전불이행,건조,맑음,단일로 - 기타,승용,여,51세,상해없음,승용,남,48세,상해없음
2020062100100375,2020년 6월 21일 17시,일요일,인천광역시 강화군 길상면,중상사고,0,2,0,0,차대차 - 측면충돌,교차로운행방법위반,건조,맑음,교차로 - 교차로안,승용,남,67세,상해없음,화물,남,29세,중상
2020062100100401,2020년 6월 21일 18시,일요일,인천광역시 미추홀구 관교동,경상사고,0,0,1,0,차대차 - 측면충돌,안전운전불이행,건조,맑음,교차로 - 교차로부근,이륜,남,18세,기타불명,이륜,남,18세,경상
2020062100100426,2020년 6월 21일 19시,일요일,인천광역시 부평구 부평동,중상사고,0,1,0,0,차대차 - 정면충돌,안전운전불이행,건조,맑음,교차로 - 교차로안,승용,남,42세,상해없음,이륜,남,35세,중상
2020062100100482,2020년 6월 21일 21시,일요일,인천광역시 미추홀구 주안동,경상사고,0,0,1,0,차대차 - 측면충돌,신호위반,건조,맑음,교차로 - 교차로안,승용,여,48세,상해없음,승용,여,22세,경상
2020062100100483,2020년 6월 21일 21시,일요일,인천광역시 부평구 부평동,중상사고,0,1,0,0,차대사람 - 횡단중,신호위반,건조,맑음,단일로 - 기타,이륜,남,53세,상해없음,보행자,여,68세,중상
2020062100100484,2020년 6월 21일 21시,일요일,인천광역시 계양구 효성동,경상사고,0,0,1,0,차대차 - 측면충돌,교차로운행방법위반,건조,맑음,교차로 - 교차로안,승용,여,48세,상해없음,이륜,남,63세,경상
2020062100100485,2020년 6월 21일 21시,일요일,인천광역시 계양구 작전동,경상사고,0,0,1,0,차대차 - 측면충돌,안전거리미확보,건조,맑음,단일로 - 기타,승용,여,23세,상해없음,승용,남,58세,경상
2020062200100013,2020년 6월 22일 00시,월요일,인천광역시 중구 신흥동3가,경상사고,0,0,2,0,차대차 - 추돌,신호위반,건조,맑음,교차로 - 교차로안,이륜,남,16세,상해없음,이륜,남,17세,경상
2020062200100028,2020년 6월 22일 02시,월요일,인천광역시 강화군 강화읍,중상사고,0,1,0,0,차대차 - 추돌,안전운전불이행,건조,맑음,단일로 - 지하차도(도로)내,화물,남,46세,상해없음,화물,남,54세,중상
2020062200100089,2020년 6월 22일 07시,월요일,인천광역시 남동구 간석동,경상사고,0,0,1,0,차량단독 - 기타,안전운전불이행,건조,맑음,단일로 - 기타,화물,여,43세,상해없음,,,,
2020062200100090,2020년 6월 22일 07시,월요일,인천광역시 남동구 장수동,경상사고,0,0,2,0,차대차 - 추돌,신호위반,건조,맑음,단일로 - 기타,승용,남,63세,상해없음,화물,남,51세,경상
2020062200100138,2020년 6월 22일 08시,월요일,인천광역시 부평구 부평동,경상사고,0,0,1,0,차대차 - 측면충돌,안전운전불이행,건조,맑음,교차로 - 교차로안,승용,여,59세,상해없음,이륜,남,19세,경상
2020062200100139,2020년 6월 22일 08시,월요일,인천광역시 남동구 논현동,경상사고,0,0,2,0,차대차 - 측면충돌,안전거리미확보,건조,맑음,교차로 - 교차로부근,승용,남,50세,경상,승용,남,29세,경상
2020062200100178,2020년 6월 22일 09시,월요일,인천광역시 미추홀구 주안동,경상사고,0,0,1,0,차대차 - 측면충돌,안전운전불이행,건조,맑음,교차로 - 교차로부근,승용,남,55세,상해없음,승합,남,31세,경상
2020062200100179,2020년 6월 22일 09시,월요일,인천광역시 서구 오류동,중상사고,0,1,1,0,차대차 - 측면충돌,안전운전불이행,건조,맑음,단일로 - 기타,화물,여,54세,상해없음,승용,남,50세,중상
2020062200100227,2020년 6월 22일 10시,월요일,인천광역시 연수구 옥련동,경상사고,0,0,1,0,차대사람 - 횡단중,보행자보호의무위반,건조,맑음,교차로 - 교차로부근,이륜,남,30세,상해없음,보행자,여,57세,경상
2020062200100306,2020년 6월 22일 12시,월요일,인천광역시 연수구 송도동,경상사고,0,0,1,0,차대차 - 측면충돌,중앙선침범,건조,맑음,교차로 - 교차로부근,승용,여,60세,상해없음,승용,남,44세,경상
2020062200100346,2020년 6월 22일 13시,월요일,인천광역시 남동구 구월동,경상사고,0,0,1,0,차대사람 - 기타,안전운전불이행,건조,맑음,단일로 - 기타,승용,여,59세,상해없음,보행자,남,43세,경상
2020062200100347,2020년 6월 22일 13시,월요일,인천광역시 서구 연희동,경상사고,0,0,1,0,차대차 - 후진중충돌,기타,건조,맑음,단일로 - 기타,승용,여,45세,상해없음,승용,남,35세,경상
2020062200100389,2020년 6월 22일 14시,월요일,인천광역시 미추홀구 주안동,경상사고,0,0,1,0,차대차 - 측면충돌,안전운전불이행,건조,맑음,단일로 - 기타,승합,남,65세,상해없음,승용,여,22세,경상
2020062200100390,2020년 6월 22일 14시,월요일,인천광역시 미추홀구 관교동,경상사고,0,0,1,0,차대차 - 측면충돌,안전운전불이행,건조,맑음,교차로 - 교차로안,승용,여,54세,상해없음,승용,남,58세,경상
2020062200100391,2020년 6월 22일 14시,월요일,인천광역시 부평구 부평동,중상사고,0,1,0,0,차대차 - 기타,신호위반,건조,맑음,교차로 - 교차로안,승용,남,29세,상해없음,이륜,남,44세,중상
2020062200100392,2020년 6월 22일 14시,월요일,인천광역시 남동구 남촌동,부상신고사고,0,0,0,1,차대차 - 추돌,안전운전불이행,건조,맑음,단일로 - 기타,화물,남,55세,상해없음,이륜,남,25세,부상신고
2020062200100441,2020년 6월 22일 15시,월요일,인천광역시 중구 신흥동3가,경상사고,0,0,1,0,차대차 - 후진중충돌,불법유턴,건조,맑음,단일로 - 기타,화물,남,52세,상해없음,승용,여,45세,경상
2020062200100442,2020년 6월 22일 15시,월요일,인천광역시 서구 심곡동,경상사고,0,0,1,0,차대사람 - 기타,안전운전불이행,건조,맑음,단일로 - 기타,승용,여,58세,상해없음,보행자,남,29세,경상
2020062200100494,2020년 6월 22일 16시,월요일,인천광역시 미추홀구 주안동,부상신고사고,0,0,0,1,차대차 - 측면충돌,안전운전불이행,건조,맑음,단일로 - 기타,승용,남,71세,상해없음,승용,남,66세,부상신고
2020062200100495,2020년 6월 22일 16시,월요일,인천광역시 계양구 효성동,중상사고,0,1,0,0,차대사람 - 횡단중,신호위반,건조,맑음,단일로 - 기타,건설기계,남,58세,상해없음,보행자,여,27세,중상
2020062200100496,2020년 6월 22일 16시,월요일,인천광역시 부평구 갈산동,경상사고,0,0,1,0,차대차 - 기타,안전운전불이행,기타,맑음,교차로 - 교차로안,승용,남,45세,상해없음,승용,남,36세,경상
2020062200100555,2020년 6월 22일 17시,월요일,인천광역시 미추홀구 도화동,경상사고,0,0,1,0,차대차 - 측면충돌,안전운전불이행,건조,맑음,단일로 - 기타,건설기계,남,46세,상해없음,승용,남,55세,상해없음
2020062200100556,2020년 6월 22일 17시,월요일,인천광역시 계양구 용종동,중상사고,0,1,0,0,차대차 - 기타,신호위반,건조,맑음,교차로 - 교차로안,승용,남,62세,상해없음,이륜,남,50세,중상
2020062200100596,2020년 6월 22일 18시,월요일,인천광역시 서구 신현동,중상사고,0,1,0,0,차대사람 - 보도통행중,안전운전불이행,건조,맑음,단일로 - 기타,승합,남,70세,상해없음,보행자,남,87세,중상
2020062200100597,2020년 6월 22일 18시,월요일,인천광역시 서구 가좌동,경상사고,0,0,1,0,차대차 - 추돌,안전운전불이행,건조,맑음,단일로 - 기타,승용,남,78세,상해없음,승용,여,37세,경상
2020062200100664,2020년 6월 22일 20시,월요일,인천광역시 계양구 작전동,중상사고,0,1,0,0,차대사람 - 횡단중,안전운전불이행,건조,맑음,교차로 - 교차로부근,승용,여,50세,상해없음,보행자,남,7세,중상
2020062200100700,2020년 6월 22일 21시,월요일,인천광역시 중구 중산동,중상사고,0,1,0,0,차대차 - 측면충돌,신호위반,건조,맑음,단일로 - 기타,승용,여,21세,상해없음,자전거,여,25세,중상
2020062200100701,2020년 6월 22일 21시,월요일,인천광역시 서구 청라동,경상사고,0,0,1,0,차대차 - 기타,기타,건조,맑음,단일로 - 기타,승용,남,57세,상해없음,이륜,남,44세,경상
2020062200100719,2020년 6월 22일 22시,월요일,인천광역시 부평구 부평동,경상사고,0,0,2,0,차대차 - 측면충돌,안전운전불이행,건조,맑음,단일로 - 기타,승용,남,38세,상해없음,승용,남,35세,경상
2020062200100720,2020년 6월 22일 22시,월요일,인천광역시 서구 청라동,경상사고,0,0,1,0,차대차 - 기타,안전운전불이행,건조,맑음,단일로 - 기타,이륜,남,19세,경상,승합,남,67세,상해없음
2020062200100721,2020년 6월 22일 22시,월요일,인천광역시 연수구 송도동,경상사고,0,0,1,0,차대차 - 측면충돌,신호위반,건조,맑음,교차로 - 교차로안,승용,남,53세,상해없음,승용,여,28세,경상
2020062300100094,2020년 6월 23일 07시,화요일,인천광역시 미추홀구 도화동,경상사고,0,0,2,0,차대차 - 추돌,안전운전불이행,건조,맑음,단일로 - 기타,화물,남,58세,상해없음,승용,남,24세,경상
2020062300100095,2020년 6월 23일 07시,화요일,인천광역시 계양구 계산동,경상사고,0,0,2,0,차대차 - 추돌,안전운전불이행,건조,맑음,교차로 - 교차로부근,승용,여,45세,상해없음,승용,남,43세,경상
2020062300100096,2020년 6월 23일 07시,화요일,인천광역시 남동구 고잔동,경상사고,0,0,1,0,차대차 - 측면충돌,안전운전불이행,건조,맑음,단일로 - 기타,승용,남,29세,상해없음,승용,남,37세,경상
2020062300100143,2020년 6월 23일 08시,화요일,인천광역시 부평구 부평동,경상사고,0,0,1,0,차대차 - 추돌,안전운전불이행,건조,맑음,단일로 - 기타,승용,남,45세,상해없음,승용,남,37세,상해없음
2020062300100188,2020년 6월 23일 09시,화요일,인천광역시 중구 항동7가,경상사고,0,0,1,0,차대차 - 측면충돌,안전거리미확보,건조,맑음,기타 - 기타,화물,남,54세,상해없음,승용,여,37세,경상
2020062300100226,2020년 6월 23일 10시,화요일,인천광역시 남동구 구월동,중상사고,0,1,0,0,차대차 - 기타,안전운전불이행,건조,맑음,단일로 - 기타,승용,남,33세,상해없음,원동기,남,21세,중상
2020062300100227,2020년 6월 23일 10시,화요일,인천광역시 서구 청라동,경상사고,0,0,1,0,차대차 - 측면충돌,신호위반,건조,맑음,단일로 - 기타,승용,남,61세,상해없음,화물,남,32세,경상
2020062300100228,2020년 6월 23일 10시,화요일,인천광역시 남동구 논현동,경상사고,0,0,2,0,차대차 - 추돌,안전운전불이행,건조,맑음,교차로 - 교차로부근,승용,여,43세,상해없음,승용,여,33세,경상
2020062300100310,2020년 6월 23일 12시,화요일,인천광역시 서구 청라동,경상사고,0,0,2,0,차대차 - 측면충돌,안전운전불이행,건조,맑음,단일로 - 기타,승용,남,38세,경상,승용,남,49세,경상
2020062300100360,2020년 6월 23일 14시,화요일,인천광역시 서구 연희동,경상사고,0,0,2,0,차대차 - 측면충돌,안전운전불이행,건조,맑음,단일로 - 지하차도(도로)내,승용,남,64세,경상,건설기계,남,58세,경상
2020062300100434,2020년 6월 23일 16시,화요일,인천광역시 계양구 병방동,부상신고사고,0,0,0,1,차대차 - 측면충돌,안전거리미확보,건조,맑음,단일로 - 교량,기타불명,기타불명,미분류,기타불명,승용,여,22세,부상신고
2020062300100483,2020년 6월 23일 17시,화요일,인천광역시 부평구 갈산동,부상신고사고,0,0,0,1,차대사람 - 기타,안전운전불이행,건조,맑음,단일로 - 기타,승합,남,62세,상해없음,보행자,여,68세,부상신고
2020062300100537,2020년 6월 23일 18시,화요일,인천광역시 부평구 청천동,부상신고사고,0,0,0,1,차대차 - 기타,신호위반,건조,맑음,교차로 - 교차로안,기타불명,기타불명,미분류,기타불명,이륜,남,17세,부상신고
2020062300100538,2020년 6월 23일 18시,화요일,인천광역시 남동구 구월동,경상사고,0,0,2,1,차대차 - 측면충돌,안전운전불이행,건조,맑음,단일로 - 기타,승용,남,58세,부상신고,승용,남,32세,경상
2020062300100539,2020년 6월 23일 18시,화요일,인천광역시 서구 청라동,경상사고,0,0,1,0,차대차 - 기타,안전운전불이행,젖음/습기,맑음,교차로 - 교차로부근,기타불명,기타불명,미분류,기타불명,자전거,남,33세,경상
2020062300100540,2020년 6월 23일 18시,화요일,인천광역시 계양구 서운동,경상사고,0,0,1,0,차대차 - 측면충돌,교차로운행방법위반,건조,맑음,단일로 - 기타,승용,남,67세,상해없음,이륜,남,27세,경상
2020062300100541,2020년 6월 23일 18시,화요일,인천광역시 계양구 작전동,경상사고,0,0,1,0,차대차 - 측면충돌,안전거리미확보,건조,맑음,단일로 - 기타,승용,남,32세,상해없음,승용,남,47세,경상
2020062300100542,2020년 6월 23일 18시,화요일,인천광역시 남동구 고잔동,경상사고,0,0,3,0,차대차 - 측면충돌,안전거리미확보,건조,맑음,기타 - 기타,화물,남,56세,상해없음,승용,남,62세,경상
2020062300100614,2020년 6월 23일 20시,화요일,인천광역시 미추홀구 주안동,경상사고,0,0,1,0,차대차 - 측면충돌,안전운전불이행,건조,맑음,교차로 - 교차로부근,승용,여,47세,상해없음,자전거,여,12세,경상
2020062300100615,2020년 6월 23일 20시,화요일,인천광역시 부평구 청천동,중상사고,0,1,0,0,차대사람 - 길가장자리구역통행중,안전운전불이행,건조,맑음,단일로 - 기타,화물,여,34세,상해없음,보행자,여,60세,중상
2020062300100650,2020년 6월 23일 21시,화요일,인천광역시 미추홀구 용현동,경상사고,0,0,1,0,차대차 - 기타,안전운전불이행,건조,맑음,교차로 - 교차로부근,승용,남,33세,상해없음,이륜,남,29세,경상
2020062300100651,2020년 6월 23일 21시,화요일,인천광역시 부평구 삼산동,중상사고,0,1,4,0,차대차 - 추돌,안전운전불이행,건조,맑음,기타 - 기타,승용,여,48세,상해없음,승용,여,50세,경상
2020062300100673,2020년 6월 23일 22시,화요일,인천광역시 중구 북성동1가,경상사고,0,0,2,0,차대차 - 측면충돌,안전거리미확보,건조,맑음,단일로 - 기타,승용,여,15세,상해없음,승용,남,27세,경상
2020062300100674,2020년 6월 23일 22시,화요일,인천광역시 미추홀구 주안동,경상사고,0,0,2,0,차대차 - 후진중충돌,안전운전불이행,건조,맑음,단일로 - 기타,승용,남,60세,기타불명,화물,남,30세,경상
2020062300100694,2020년 6월 23일 23시,화요일,인천광역시 부평구 십정동,경상사고,0,0,1,0,차대차 - 추돌,안전운전불이행,건조,맑음,교차로 - 교차로부근,승용,여,24세,상해없음,승용,남,30세,경상
2020062400100010,2020년 6월 24일 00시,수요일,인천광역시 미추홀구 주안동,경상사고,0,0,1,0,차대사람 - 횡단중,신호위반,건조,맑음,교차로 - 교차로횡단보도내,이륜,남,23세,상해없음,보행자,남,45세,경상