사고번호,사고일시,요일,시군구,사고내용,사망자수,중상자수,경상자수,부상신고자수,사고유형,법규위반,노면상태,기상상태,도로형태,가해운전자 차종,가해운전자 성별,가해운전자 연령,가해운전자 상해정도,피해운전자 차종,피해운전자 성별,피해운전자 연령,피해운전자 상해정도
2020062400100022,2020년 6월 24일 01시,수요일,인천광역시 부평구 부평동,경상사고,0,0,2,0,차대차 - 측면충돌,안전운전불이행,건조,맑음,교차로 - 교차로부근,승용,남,27세,상해없음,승용,남,49세,경상
2020062400100023,2020년 6월 24일 01시,수요일,인천광역시 서구 가정동,중상사고,0,1,1,0,차대차 - 측면충돌,안전운전불이행,건조,맑음,단일로 - 기타,승용,남,27세,상해없음,승용,여,58세,중상
2020062400100086,2020년 6월 24일 07시,수요일,인천광역시 서구 경서동,경상사고,0,0,1,0,차대차 - 기타,안전운전불이행,건조,맑음,교차로 - 교차로안,화물,남,60세,상해없음,화물,남,45세,경상
2020062400100087,2020년 6월 24일 07시,수요일,인천광역시 서구 가정동,경상사고,0,0,2,0,차대차 - 추돌,안전거리미확보,젖음/습기,비,단일로 - 기타,승용,남,43세,경상,승용,남,38세,경상
2020062400100128,2020년 6월 24일 08시,수요일,인천광역시 중구 신흥동3가,경상사고,0,0,1,0,차대차 - 기타,안전거리미확보,건조,맑음,단일로 - 기타,화물,남,60세,상해없음,화물,남,25세,경상
2020062400100129,2020년 6월 24일 08시,수요일,인천광역시 부평구 부평동,경상사고,0,0,2,0,차대차 - 기타,안전운전불이행,젖음/습기,비,단일로 - 기타,승용,남,24세,경상,화물,남,27세,경상
2020062400100130,2020년 6월 24일 08시,수요일,인천광역시 남동구 논현동,경상사고,0,0,1,0,차대차 - 측면충돌,교차로운행방법위반,건조,맑음,교차로 - 교차로안,승용,여,53세,상해없음,승합,남,43세,경상
2020062400100178,2020년 6월 24일 10시,수요일,인천광역시 계양구 임학동,경상사고,0,0,1,0,차대차 - 측면충돌,안전운전불이행,젖음/습기,비,교차로 - 교차로부근,승용,남,47세,상해없음,승용,여,56세,경상
2020062400100207,2020년 6월 24일 11시,수요일,인천광역시 계양구 계산동,경상사고,0,0,1,0,차대차 - 측면충돌,차로위반,젖음/습기,비,단일로 - 기타,화물,남,54세,상해없음,승용,남,44세,경상
2020062400100245,2020년 6월 24일 12시,수요일,인천광역시 중구 신흥동3가,경상사고,0,0,1,0,차대차 - 측면충돌,안전운전불이행,젖음/습기,비,단일로 - 기타,화물,남,52세,상해없음,승용,남,33세,경상
2020062400100246,2020년 6월 24일 12시,수요일,인천광역시 계양구 계산동,경상사고,0,0,2,0,차대차 - 추돌,안전운전불이행,젖음/습기,비,단일로 - 기타,승합,남,53세,상해없음,승용,남,57세,경상
2020062400100271,2020년 6월 24일 13시,수요일,인천광역시 부평구 부평동,경상사고,0,0,1,0,차대차 - 측면충돌,중앙선침범,건조,흐림,단일로 - 기타,승용,여,58세,상해없음,이륜,남,48세,경상
2020062400100317,2020년 6월 24일 14시,수요일,인천광역시 서구 심곡동,경상사고,0,0,1,0,차량단독 - 기타,기타,젖음/습기,비,단일로 - 기타,승용,남,64세,상해없음,,,,
2020062400100318,2020년 6월 24일 14시,수요일,인천광역시 연수구 동춘동,경상사고,0,0,2,0,차대차 - 정면충돌,안전운전불이행,건조,흐림,단일로 - 터널,승용,남,66세,상해없음,화물,남,62세,경상
2020062400100359,2020년 6월 24일 15시,수요일,인천광역시 미추홀구 학익동,경상사고,0,0,2,0,차대차 - 측면충돌,안전운전불이행,건조,맑음,교차로 - 교차로안,승용,남,57세,상해없음,승용,남,47세,경상
2020062400100360,2020년 6월 24일 15시,수요일,인천광역시 남동구 구월동,경상사고,0,0,2,0,차대차 - 측면충돌,안전거리미확보,건조,맑음,단일로 - 기타,승용,남,63세,상해없음,승용,남,27세,경상
2020062400100398,2020년 6월 24일 16시,수요일,인천광역시 연수구 송도동,경상사고,0,0,1,0,차대차 - 측면충돌,교차로운행방법위반,젖음/습기,비,교차로 - 교차로안,승용,여,37세,상해없음,승용,남,38세,경상
2020062400100438,2020년 6월 24일 17시,수요일,인천광역시 남동구 구월동,경상사고,0,0,1,0,차대사람 - 횡단중,안전운전불이행,젖음/습기,비,교차로 - 교차로부근,승용,남,60세,상해없음,보행자,남,61세,경상
2020062400100537,2020년 6월 24일 19시,수요일,인천광역시 중구 운서동,경상사고,0,0,1,0,차대차 - 측면충돌,신호위반,건조,맑음,교차로 - 교차로안,이륜,남,41세,상해없음,승용,남,54세,경상
2020062400100538,2020년 6월 24일 19시,수요일,인천광역시 남동구 간석동,경상사고,0,0,2,0,차대차 - 후진중충돌,안전운전불이행,젖음/습기,비,단일로 - 기타,승용,남,71세,상해없음,승용,남,26세,경상
2020062400100580,2020년 6월 24일 20시,수요일,인천광역시 계양구 효성동,경상사고,0,0,1,0,차대사람 - 횡단중,신호위반,젖음/습기,비,교차로 - 교차로횡단보도내,승용,남,58세,상해없음,보행자,남,44세,경상
2020062400100621,2020년 6월 24일 21시,수요일,인천광역시 중구 신흥동3가,경상사고,0,0,1,0,차대차 - 추돌,안전운전불이행,젖음/습기,비,교차로 - 교차로부근,화물,남,51세,상해없음,승용,남,67세,상해없음
2020062400100622,2020년 6월 24일 21시,수요일,인천광역시 계양구 계산동,중상사고,0,1,0,0,차대차 - 측면충돌,안전운전불이행,젖음/습기,비,교차로 - 교차로안,승용,남,69세,상해없음,이륜,남,40세,중상
2020062400100664,2020년 6월 24일 22시,수요일,인천광역시 남동구 구월동,중상사고,0,1,1,0,차대차 - 정면충돌,신호위반,젖음/습기,비,교차로 - 교차로안,승용,여,51세,상해없음,승용,남,60세,경상
2020062400100665,2020년 6월 24일 22시,수요일,인천광역시 남동구 만수동,중상사고,0,1,2,0,차대차 - 추돌,안전운전불이행,젖음/습기,비,교차로 - 교차로부근,승용,남,59세,상해없음,승용,남,65세,중상
2020062400100666,2020년 6월 24일 22시,수요일,인천광역시 부평구 갈산동,경상사고,0,0,1,0,차대차 - 측면충돌,안전운전불이행,젖음/습기,비,단일로 - 기타,승용,남,48세,상해없음,승용,여,47세,경상
2020062400100683,2020년 6월 24일 23시,수요일,인천광역시 부평구 부평동,중상사고,0,1,1,0,차대차 - 추돌,안전운전불이행,젖음/습기,비,교차로 - 교차로부근,승용,남,34세,기타불명,승용,남,56세,경상
2020062400100684,2020년 6월 24일 23시,수요일,인천광역시 부평구 십정동,중상사고,0,1,0,0,차대차 - 측면충돌,안전운전불이행,건조,맑음,교차로 - 교차로부근,승용,남,28세,상해없음,승용,남,63세,중상
2020062400100685,2020년 6월 24일 23시,수요일,인천광역시 서구 가정동,경상사고,0,0,1,0,차대차 - 기타,안전운전불이행,젖음/습기,비,교차로 - 교차로안,승용,남,39세,상해없음,이륜,남,56세,경상
2020062400100686,2020년 6월 24일 23시,수요일,인천광역시 계양구 효성동,경상사고,0,0,1,3,차대차 - 측면충돌,차로위반,젖음/습기,비,교차로 - 교차로안,승용,남,19세,상해없음,승용,남,43세,경상
2020062400100687,2020년 6월 24일 23시,수요일,인천광역시 남동구 논현동,중상사고,0,1,0,0,차대차 - 측면충돌,신호위반,젖음/습기,비,교차로 - 교차로안,승용,남,76세,상해없음,이륜,남,35세,중상
2020062500100033,2020년 6월 25일 00시,목요일,인천광역시 계양구 효성동,경상사고,0,0,1,0,차대차 - 측면충돌,교차로운행방법위반,건조,맑음,교차로 - 교차로부근,승용,남,68세,상해없음,이륜,남,57세,경상
2020062500100045,2020년 6월 25일 01시,목요일,인천광역시 미추홀구 주안동,경상사고,0,0,2,0,차대차 - 측면충돌,안전운전불이행,젖음/습기,비,단일로 - 기타,승용,남,27세,상해없음,승용,남,48세,경상
2020062500100046,2020년 6월 25일 01시,목요일,인천광역시 서구 심곡동,경상사고,0,0,2,0,차대차 - 측면충돌,안전운전불이행,젖음/습기,비,교차로 - 교차로안,승용,남,55세,경상,승용,남,35세,경상
2020062500100047,2020년 6월 25일 01시,목요일,인천광역시 연수구 청학동,중상사고,0,1,0,0,차대차 - 추돌,과속,젖음/습기,비,단일로 - 기타,승용,남,36세,상해없음,이륜,남,60세,중상
2020062500100048,2020년 6월 25일 01시,목요일,인천광역시 부평구 부평동,경상사고,0,0,1,0,차대차 - 기타,신호위반,젖음/습기,비,교차로 - 교차로안,승용,여,59세,상해없음,승용,남,46세,경상
2020062500100078,2020년 6월 25일 05시,목요일,인천광역시 미추홀구 주안동,중상사고,0,1,0,0,차대차 - 후진중충돌,안전운전불이행,건조,맑음,단일로 - 기타,승용,남,52세,상해없음,승용,남,44세,중상
2020062500100150,2020년 6월 25일 08시,목요일,인천광역시 중구 운서동,경상사고,0,0,1,0,차대차 - 정면충돌,안전운전불이행,젖음/습기,비,교차로 - 교차로횡단보도내,승용,여,43세,상해없음,개인형이동수단(PM),남,24세,경상
2020062500100201,2020년 6월 25일 10시,목요일,인천광역시 남동구 만수동,경상사고,0,0,1,0,차대차 - 추돌,안전운전불이행,건조,맑음,단일로 - 기타,화물,남,75세,상해없음,승용,남,22세,경상
2020062500100202,2020년 6월 25일 10시,목요일,인천광역시 서구 가좌동,경상사고,0,0,1,0,차대차 - 후진중충돌,안전운전불이행,건조,맑음,단일로 - 기타,화물,남,64세,상해없음,승합,여,41세,경상
2020062500100203,2020년 6월 25일 10시,목요일,인천광역시 연수구 송도동,경상사고,0,0,1,0,차대차 - 측면충돌,안전운전불이행,건조,맑음,교차로 - 교차로부근,기타불명,기타불명,미분류,기타불명,이륜,남,41세,경상
2020062500100238,2020년 6월 25일 11시,목요일,인천광역시 중구 운서동,경상사고,0,0,4,0,차대차 - 측면충돌,안전운전불이행,건조,맑음,교차로 - 교차로안,승합,남,64세,상해없음,승용,여,43세,경상
2020062500100239,2020년 6월 25일 11시,목요일,인천광역시 연수구 선학동,중상사고,0,1,1,0,차대차 - 추돌,안전거리미확보,건조,맑음,단일로 - 교량,특수,남,46세,상해없음,승용,여,53세,중상
2020062500100288,2020년 6월 25일 13시,목요일,인천광역시 연수구 송도동,중상사고,0,1,0,0,차대사람 - 보도통행중,기타,젖음/습기,비,단일로 - 기타,이륜,남,43세,상해없음,보행자,남,69세,중상
2020062500100322,2020년 6월 25일 14시,목요일,인천광역시 부평구 부개동,경상사고,0,0,2,0,차대차 - 기타,교차로운행방법위반,건조,맑음,교차로 - 교차로부근,이륜,남,23세,경상,승용,남,46세,경상
2020062500100420,2020년 6월 25일 17시,목요일,인천광역시 중구 항동4가,경상사고,0,0,1,0,차대차 - 기타,신호위반,젖음/습기,비,교차로 - 교차로안,승용,남,54세,기타불명,승용,남,46세,경상
2020062500100421,2020년 6월 25일 17시,목요일,인천광역시 미추홀구 용현동,경상사고,0,0,1,0,차대차 - 추돌,안전운전불이행,건조,맑음,단일로 - 기타,화물,남,39세,상해없음,승용,남,59세,경상
2020062500100422,2020년 6월 25일 17시,목요일,인천광역시 서구 가정동,경상사고,0,0,1,0,차대차 - 기타,안전운전불이행,젖음/습기,비,단일로 - 지하차도(도로)내,이륜,남,27세,경상,승용,남,37세,상해없음
2020062500100452,2020년 6월 25일 18시,목요일,인천광역시 동구 송현동,경상사고,0,0,1,0,차대차 - 추돌,안전운전불이행,건조,맑음,단일로 - 기타,승용,남,43세,상해없음,승용,남,49세,경상
2020062500100453,2020년 6월 25일 18시,목요일,인천광역시 미추홀구 주안동,중상사고,0,1,0,0,차대사람 - 기타,안전운전불이행,젖음/습기,비,단일로 - 기타,승용,여,53세,상해없음,보행자,남,73세,중상
2020062500100454,2020년 6월 25일 18시,목요일,인천광역시 계양구 계산동,중상사고,0,1,0,0,차대차 - 측면충돌,기타,건조,맑음,교차로 - 교차로부근,승용,남,65세,상해없음,이륜,남,36세,중상
2020062500100455,2020년 6월 25일 18시,목요일,인천광역시 강화군 강화읍,경상사고,0,0,1,0,차대사람 - 길가장자리구역통행중,교차로운행방법위반,건조,맑음,교차로 - 교차로부근,화물,남,70세,상해없음,보행자,여,67세,경상
2020062500100456,2020년 6월 25일 18시,목요일,인천광역시 부평구 부개동,경상사고,0,0,1,0,차대차 - 후진중충돌,안전운전불이행,건조,기타,단일로 - 기타,화물,남,29세,상해없음,이륜,남,24세,경상
2020062500100485,2020년 6월 25일 19시,목요일,인천광역시 미추홀구 용현동,사망사고,1,0,0,0,차대차 - 정면충돌,신호위반,젖음/습기,비,교차로 - 교차로안,이륜,남,16세,사망,화물,남,63세,상해없음
2020062500100486,2020년 6월 25일 19시,목요일,인천광역시 미추홀구 주안동,경상사고,0,0,1,0,차대차 - 기타,중앙선침범,젖음/습기,비,단일로 - 기타,승용,남,47세,상해없음,이륜,남,29세,경상
2020062500100487,2020년 6월 25일 19시,목요일,인천광역시 서구 가정동,경상사고,0,0,1,0,차대차 - 측면충돌,안전운전불이행,젖음/습기,비,단일로 - 기타,승합,남,69세,기타불명,승용,남,55세,경상
2020062500100518,2020년 6월 25일 20시,목요일,인천광역시 중구 중산동,경상사고,0,0,1,0,차대차 - 정면충돌,신호위반,젖음/습기,비,교차로 - 교차로부근,이륜,남,26세,상해없음,승용,남,50세,경상
2020062500100519,2020년 6월 25일 20시,목요일,인천광역시 중구 신흥동3가,경상사고,0,0,1,0,차대차 - 추돌,안전운전불이행,젖음/습기,비,교차로 - 교차로안,승용,남,52세,상해없음,승용,여,49세,경상
2020062500100560,2020년 6월 25일 21시,목요일,인천광역시 연수구 송도동,중상사고,0,1,0,0,차대차 - 측면충돌,차로위반,젖음/습기,비,단일로 - 기타,승용,남,60세,상해없음,이륜,남,23세,중상
2020062500100599,2020년 6월 25일 22시,목요일,인천광역시 부평구 청천동,경상사고,0,0,2,0,차대차 - 추돌,안전운전불이행,건조,맑음,교차로 - 교차로부근,승용,남,22세,상해없음,승용,여,51세,경상
2020062500100600,2020년 6월 25일 22시,목요일,인천광역시 연수구 연수동,경상사고,0,0,1,0,차대차 - 측면충돌,교차로운행방법위반,젖음/습기,비,교차로 - 교차로안,승용,남,33세,상해없음,승용,여,40세,경상
2020062500100619,2020년 6월 25일 23시,목요일,인천광역시 미추홀구 학익동,경상사고,0,0,1,0,차대사람 - 기타,안전운전불이행,젖음/습기,비,단일로 - 기타,승용,남,59세,상해없음,보행자,여,26세,경상
2020062500100620,2020년 6월 25일 23시,목요일,인천광역시 부평구 산곡동,경상사고,0,0,1,0,차대차 - 측면충돌,안전운전불이행,젖음/습기,비,단일로 - 기타,승용,남,51세,상해없음,승용,여,51세,경상
2020062500100621,2020년 6월 25일 23시,목요일,인천광역시 남동구 서창동,경상사고,0,0,1,0,차량단독 - 기타,안전운전불이행,젖음/습기,비,단일로 - 기타,이륜,남,14세,상해없음,,,,
2020062600100021,2020년 6월 26일 00시,금요일,인천광역시 남동구 간석동,중상사고,0,1,2,0,차대차 - 정면충돌,신호위반,젖음/습기,비,교차로 - 교차로안,승용,남,50세,상해없음,승용,남,69세,중상
2020062600100048,2020년 6월 26일 02시,금요일,인천광역시 서구 가정동,경상사고,0,0,2,0,차대차 - 측면충돌,안전운전불이행,젖음/습기,흐림,단일로 - 지하차도(도로)내,승용,여,61세,상해없음,승용,남,29세,경상
2020062600100110,2020년 6월 26일 07시,금요일,인천광역시 미추홀구 주안동,경상사고,0,0,1,0,차대사람 - 길가장자리구역통행중,안전운전불이행,건조,맑음,단일로 - 기타,승용,여,46세,상해없음,보행자,여,30세,경상
2020062600100111,2020년 6월 26일 07시,금요일,인천광역시 부평구 삼산동,경상사고,0,0,1,0,차대사람 - 기타,안전운전불이행,건조,맑음,단일로 - 기타,승합,남,53세,상해없음,보행자,남,10세,경상
2020062600100185,2020년 6월 26일 09시,금요일,인천광역시 남동구 구월동,경상사고,0,0,1,0,차대사람 - 길가장자리구역통행중,안전운전불이행,건조,맑음,교차로 - 교차로부근,승합,남,57세,상해없음,보행자,여,74세,경상
2020062600100186,2020년 6월 26일 09시,금요일,인천광역시 남동구 구월동,경상사고,0,0,1,0,차대사람 - 기타,안전운전불이행,건조,맑음,단일로 - 기타,승용,남,27세,상해없음,보행자,여,74세,경상
2020062600100233,2020년 6월 26일 11시,금요일,인천광역시 서구 가좌동,경상사고,0,0,1,0,차대차 - 추돌,안전운전불이행,건조,맑음,단일로 - 기타,승용,남,58세,상해없음,화물,남,60세,경상
2020062600100304,2020년 6월 26일 13시,금요일,인천광역시 계양구 계산동,경상사고,0,0,1,0,차대차 - 후진중충돌,안전운전불이행,건조,맑음,단일로 - 기타,화물,남,43세,상해없음,승용,남,22세,경상
2020062600100340,2020년 6월 26일 14시,금요일,인천광역시 계양구 작전동,경상사고,0,0,1,0,차대차 - 측면충돌,신호위반,건조,맑음,교차로 - 교차로안,승용,여,41세,상해없음,이륜,남,28세,경상
2020062600100385,2020년 6월 26일 15시,금요일,인천광역시 동구 송림동,경상사고,0,0,2,0,차대차 - 추돌,안전운전불이행,건조,맑음,단일로 - 기타,승용,남,64세,상해없음,승용,여,39세,경상
2020062600100386,2020년 6월 26일 15시,금요일,인천광역시 남동구 간석동,경상사고,0,0,1,0,차대차 - 추돌,안전운전불이행,건조,맑음,단일로 - 기타,승용,남,34세,상해없음,승용,남,38세,경상
2020062600100434,2020년 6월 26일 16시,금요일,인천광역시 미추홀구 학익동,경상사고,0,0,1,0,차대차 - 측면충돌,안전운전불이행,건조,맑음,교차로 - 교차로부근,승용,남,62세,상해없음,승용,남,39세,경상
2020062600100436,2020년 6월 26일 16시,금요일,인천광역시 서구 가좌동,경상사고,0,0,1,0,차대차 - 측면충돌,안전운전불이행,건조,맑음,단일로 - 기타,승용,남,67세,상해없음,승용,여,33세,경상
2020062600100499,2020년 6월 26일 17시,금요일,인천광역시 미추홀구 숭의동,경상사고,0,0,1,0,차대사람 - 횡단중,안전운전불이행,젖음/습기,흐림,교차로 - 교차로안,승용,여,25세,기타불명,보행자,남,68세,경상
2020062600100500,2020년 6월 26일 17시,금요일,인천광역시 남동구 만수동,경상사고,0,0,3,0,차대차 - 측면충돌,교차로운행방법위반,건조,맑음,단일로 - 기타,승용,남,56세,상해없음,승용,남,47세,경상
2020062600100501,2020년 6월 26일 17시,금요일,인천광역시 계양구 효성동,경상사고,0,0,1,0,차대차 - 측면충돌,안전운전불이행,건조,맑음,교차로 - 교차로부근,자전거,남,57세,경상,승용,여,52세,상해없음
2020062600100547,2020년 6월 26일 18시,금요일,인천광역시 남동구 구월동,경상사고,0,0,1,0,차대차 - 추돌,안전운전불이행,건조,맑음,단일로 - 기타,승용,남,59세,상해없음,승용,남,45세,경상
2020062600100548,2020년 6월 26일 18시,금요일,인천광역시 계양구 효성동,중상사고,0,1,2,0,차대차 - 측면충돌,신호위반,건조,맑음,교차로 - 교차로안,이륜,남,34세,중상,승합,남,58세,경상
2020062600100549,2020년 6월 26일 18시,금요일,인천광역시 계양구 효성동,경상사고,0,0,2,0,차대차 - 추돌,안전운전불이행,건조,맑음,단일로 - 기타,승용,남,47세,상해없음,승용,남,31세,경상
2020062600100550,2020년 6월 26일 18시,금요일,인천광역시 남동구 만수동,경상사고,0,0,1,0,차대차 - 추돌,안전운전불이행,건조,맑음,단일로 - 기타,승용,여,33세,상해없음,승용,여,33세,경상
2020062600100587,2020년 6월 26일 19시,금요일,인천광역시 미추홀구 주안동,경상사고,0,0,1,0,차대차 - 추돌,안전운전불이행,건조,맑음,단일로 - 기타,승용,남,22세,상해없음,승용,남,26세,경상
2020062600100588,2020년 6월 26일 19시,금요일,인천광역시 미추홀구 주안동,경상사고,0,0,1,1,차대차 - 측면충돌,교차로운행방법위반,건조,맑음,단일로 - 기타,승합,남,59세,상해없음,승용,남,36세,경상
2020062600100589,2020년 6월 26일 19시,금요일,인천광역시 서구 검암동,경상사고,0,0,1,0,차대차 - 추돌,기타,건조,맑음,단일로 - 기타,승용,여,22세,상해없음,승용,남,41세,경상
2020062600100657,2020년 6월 26일 21시,금요일,인천광역시 중구 운서동,경상사고,0,0,1,0,차대차 - 정면충돌,신호위반,건조,맑음,교차로 - 교차로안,승용,여,34세,상해없음,승용,여,46세,경상
2020062600100658,2020년 6월 26일 21시,금요일,인천광역시 남동구 만수동,경상사고,0,0,1,0,차대차 - 측면충돌,안전운전불이행,건조,맑음,단일로 - 기타,승용,여,55세,상해없음,승용,남,60세,경상
2020062600100692,2020년 6월 26일 22시,금요일,인천광역시 미추홀구 주안동,경상사고,0,0,2,0,차대차 - 측면충돌,안전운전불이행,건조,맑음,교차로 - 교차로부근,승용,남,65세,상해없음,승용,여,49세,경상
2020062600100693,2020년 6월 26일 22시,금요일,인천광역시 남동구 간석동,경상사고,0,0,1,0,차대차 - 측면충돌,안전운전불이행,건조,맑음,단일로 - 기타,화물,남,59세,상해없음,이륜,남,33세,경상
2020062600100694,2020년 6월 26일 22시,금요일,인천광역시 연수구 연수동,중상사고,0,1,0,0,차대차 - 추돌,안전운전불이행,건조,맑음,단일로 - 기타,승용,여,61세,상해없음,승용,여,53세,중상
2020062600100695,2020년 6월 26일 22시,금요일,인천광역시 부평구 갈산동,사망사고,1,0,0,0,차대사람 - 기타,안전운전불이행,건조,기타,단일로 - 기타,승용,여,28세,상해없음,보행자,남,73세,사망
2020062700100040,2020년 6월 27일 01시,토요일,인천광역시 미추홀구 주안동,경상사고,0,0,1,0,차대차 - 후진중충돌,안전운전불이행,건조,맑음,교차로 - 교차로부근,승용,남,37세,상해없음,승용,남,35세,경상
2020062700100041,2020년 6월 27일 01시,토요일,인천광역시 남동구 논현동,부상신고사고,0,0,0,1,차대사람 - 기타,안전운전불이행,건조,맑음,교차로 - 교차로부근,승용,남,33세,상해없음,보행자,남,19세,부상신고
2020062700100066,2020년 6월 27일 03시,토요일,인천광역시 남동구 구월동,경상사고,0,0,1,0,차대차 - 추돌,안전운전불이행,건조,맑음,교차로 - 교차로안,승용,남,25세,상해없음,화물,남,29세,경상
2020062700100100,2020년 6월 27일 06시,토요일,인천광역시 부평구 부평동,경상사고,0,0,1,0,차대차 - 측면충돌,안전운전불이행,젖음/습기,비,단일로 - 기타,승용,남,34세,상해없음,승용,남,81세,경상
2020062700100107,2020년 6월 27일 07시,토요일,인천광역시 남동구 수산동,경상사고,0,0,2,0,차대차 - 기타,안전운전불이행,건조,맑음,교차로 - 교차로부근,승용,남,32세,상해없음,승용,남,31세,경상
2020062700100145,2020년 6월 27일 09시,토요일,인천광역시 부평구 부평동,경상사고,0,0,1,0,차대차 - 측면충돌,안전운전불이행,건조,맑음,교차로 - 교차로안,승용,남,34세,상해없음,승용,남,28세,경상
2020062700100146,2020년 6월 27일 09시,토요일,인천광역시 남동구 도림동,경상사고,0,0,2,0,차대차 - 측면충돌,안전거리미확보,건조,맑음,단일로 - 기타,승용,남,73세,상해없음,승용,남,49세,경상
2020062700100248,2020년 6월 27일 12시,토요일,인천광역시 중구 중산동,경상사고,0,0,1,1,차대차 - 기타,안전운전불이행,건조,맑음,단일로 - 기타,건설기계,남,35세,상해없음,승용,여,24세,경상
2020062700100360,2020년 6월 27일 15시,토요일,인천광역시 미추홀구 관교동,경상사고,0,0,1,0,차대차 - 측면충돌,안전운전불이행,건조,맑음,단일로 - 기타,승용,남,67세,상해없음,승용,여,57세,경상
2020062700100397,2020년 6월 27일 16시,토요일,인천광역시 남동구 구월동,경상사고,0,0,1,0,차대사람 - 횡단중,보행자보호의무위반,건조,맑음,교차로 - 교차로횡단보도내,승용,남,30세,상해없음,보행자,남,24세,경상
2020062700100398,2020년 6월 27일 16시,토요일,인천광역시 서구 가좌동,경상사고,0,0,1,0,차대차 - 기타,안전운전불이행,건조,맑음,교차로 - 교차로부근,이륜,남,31세,경상,승용,남,37세,상해없음
2020062700100399,2020년 6월 27일 16시,토요일,인천광역시 서구 금곡동,경상사고,0,0,5,0,차대차 - 추돌,안전운전불이행,건조,맑음,교차로 - 교차로부근,승용,남,40세,상해없음,승용,남,39세,경상
2020062700100437,2020년 6월 27일 17시,토요일,인천광역시 부평구 산곡동,경상사고,0,0,1,0,차대차 - 추돌,안전운전불이행,건조,맑음,교차로 - 교차로안,승용,남,32세,상해없음,승용,여,61세,경상
2020062700100438,2020년 6월 27일 17시,토요일,인천광역시 남동구 간석동,경상사고,0,0,1,0,차대차 - 기타,안전운전불이행,건조,맑음,교차로 - 교차로안,승용,남,27세,상해없음,원동기,남,26세,경상
2020062700100439,2020년 6월 27일 17시,토요일,인천광역시 남동구 구월동,경상사고,0,0,1,0,차대사람 - 기타,안전운전불이행,건조,맑음,단일로 - 기타,승용,남,27세,상해없음,보행자,여,22세,경상
2020062700100440,2020년 6월 27일 17시,토요일,인천광역시 남동구 간석동,중상사고,0,1,0,0,차대차 - 측면충돌,안전거리미확보,건조,맑음,단일로 - 기타,승용,남,52세,상해없음,이륜,남,34세,중상
2020062700100483,2020년 6월 27일 18시,토요일,인천광역시 서구 청라동,중상사고,0,1,0,0,차대차 - 추돌,안전운전불이행,건조,맑음,교차로 - 교차로부근,승용,남,41세,상해없음,이륜,남,39세,중상
2020062700100484,2020년 6월 27일 18시,토요일,인천광역시 계양구 계산동,경상사고,0,0,2,0,차대차 - 추돌,안전운전불이행,건조,맑음,단일로 - 기타,승용,남,59세,상해없음,승용,여,30세,경상
2020062700100531,2020년 6월 27일 20시,토요일,인천광역시 계양구 작전동,경상사고,0,0,1,0,차대차 - 정면충돌,신호위반,건조,맑음,교차로 - 교차로부근,승용,여,47세,기타불명,승용,여,42세,경상
2020062700100532,2020년 6월 27일 20시,토요일,인천광역시 연수구 동춘동,중상사고,0,1,0,0,차대사람 - 보도통행중,기타,건조,맑음,단일로 - 기타,화물,여,64세,상해없음,보행자,남,23세,중상
2020062700100533,2020년 6월 27일 20시,토요일,인천광역시 부평구 삼산동,경상사고,0,0,1,0,차대차 - 측면충돌,안전운전불이행,기타,맑음,교차로 - 교차로안,자전거,남,24세,경상,승용,남,70세,상해없음
2020062700100585,2020년 6월 27일 22시,토요일,인천광역시 미추홀구 학익동,경상사고,0,0,2,0,차대차 - 후진중충돌,안전운전불이행,건조,맑음,교차로 - 교차로부근,승용,여,53세,상해없음,승용,남,42세,경상
2020062700100586,2020년 6월 27일 22시,토요일,인천광역시 연수구 연수동,경상사고,0,0,2,0,차대차 - 정면충돌,신호위반,건조,맑음,교차로 - 교차로부근,승용,여,44세,경상,승용,남,56세,경상
2020062800100011,2020년 6월 28일 00시,일요일,인천광역시 서구 청라동,경상사고,0,0,1,0,차대차 - 측면충돌,안전운전불이행,건조,맑음,교차로 - 교차로안,승용,남,26세,상해없음,승용,남,55세,경상
2020062800100030,2020년 6월 28일 01시,일요일,인천광역시 미추홀구 주안동,경상사고,0,0,1,0,차대사람 - 기타,안전운전불이행,건조,맑음,단일로 - 기타,승용,남,70세,상해없음,보행자,남,23세,경상
2020062800100031,2020년 6월 28일 01시,일요일,인천광역시 남동구 구월동,경상사고,0,0,5,0,차대차 - 측면충돌,안전운전불이행,건조,흐림,교차로 - 교차로안,승용,남,58세,상해없음,승용,남,32세,경상
2020062800100039,2020년 6월 28일 02시,일요일,인천광역시 미추홀구 주안동,중상사고,0,2,0,0,차대차 - 추돌,과속,건조,맑음,교차로 - 교차로부근,승용,남,24세,상해없음,승용,남,38세,중상
2020062800100095,2020년 6월 28일 07시,일요일,인천광역시 미추홀구 주안동,경상사고,0,0,2,0,차대차 - 측면충돌,교차로운행방법위반,건조,맑음,교차로 - 교차로안,승용,여,54세,상해없음,이륜,남,28세,경상
2020062800100096,2020년 6월 28일 07시,일요일,인천광역시 서구 신현동,중상사고,0,1,0,0,차대차 - 정면충돌,신호위반,건조,맑음,교차로 - 교차로안,승용,남,62세,상해없음,이륜,남,40세,중상
2020062800100124,2020년 6월 28일 09시,일요일,인천광역시 미추홀구 학익동,경상사고,0,0,1,0,차대차 - 후진중충돌,안전운전불이행,건조,맑음,교차로 - 교차로부근,승합,남,55세,상해없음,승용,남,25세,경상