사고번호,사고일시,요일,시군구,사고내용,사망자수,중상자수,경상자수,부상신고자수,사고유형,법규위반,노면상태,기상상태,도로형태,가해운전자 차종,가해운전자 성별,가해운전자 연령,가해운전자 상해정도,피해운전자 차종,피해운전자 성별,피해운전자 연령,피해운전자 상해정도
2020070200100593,2020년 7월 2일 22시,목요일,인천광역시 남동구 만수동,경상사고,0,0,1,0,차대차 - 측면충돌,안전운전불이행,건조,맑음,단일로 - 기타,승용,남,60세,상해없음,승용,남,28세,경상
2020070200100594,2020년 7월 2일 22시,목요일,인천광역시 남동구 구월동,경상사고,0,0,1,0,차대사람 - 보도통행중,안전운전불이행,건조,맑음,단일로 - 기타,승용,여,24세,상해없음,보행자,남,36세,경상
2020070200100603,2020년 7월 2일 23시,목요일,인천광역시 서구 석남동,경상사고,0,0,3,0,차대차 - 기타,안전운전불이행,건조,맑음,단일로 - 기타,승용,남,42세,상해없음,승용,남,60세,경상
2020070300100048,2020년 7월 3일 03시,금요일,인천광역시 서구 석남동,경상사고,0,0,1,0,차대차 - 추돌,중앙선침범,건조,맑음,단일로 - 기타,승용,남,22세,상해없음,승용,여,64세,경상
2020070300100049,2020년 7월 3일 03시,금요일,인천광역시 계양구 병방동,중상사고,0,1,1,0,차대사람 - 횡단중,신호위반,건조,맑음,교차로 - 교차로횡단보도내,이륜,남,18세,상해없음,보행자,여,18세,중상
2020070300100096,2020년 7월 3일 07시,금요일,인천광역시 서구 원당동,경상사고,0,0,1,0,차대차 - 측면충돌,안전운전불이행,건조,맑음,단일로 - 지하차도(도로)내,승합,남,62세,상해없음,승합,남,59세,경상
2020070300100135,2020년 7월 3일 08시,금요일,인천광역시 부평구 부평동,경상사고,0,0,1,0,차대차 - 추돌,안전운전불이행,건조,맑음,단일로 - 기타,승용,남,59세,상해없음,승용,남,51세,경상
2020070300100136,2020년 7월 3일 08시,금요일,인천광역시 부평구 구산동,경상사고,0,0,1,0,차대차 - 측면충돌,안전거리미확보,건조,맑음,단일로 - 기타,승용,여,55세,상해없음,승용,남,47세,경상
2020070300100167,2020년 7월 3일 09시,금요일,인천광역시 남동구 만수동,중상사고,0,1,0,0,차대차 - 측면충돌,안전거리미확보,건조,맑음,교차로 - 교차로부근,승용,남,68세,상해없음,승용,여,31세,중상
2020070300100260,2020년 7월 3일 12시,금요일,인천광역시 서구 가정동,경상사고,0,0,2,0,차대차 - 측면충돌,안전운전불이행,건조,맑음,단일로 - 기타,이륜,남,52세,상해없음,이륜,남,75세,경상
2020070300100261,2020년 7월 3일 12시,금요일,인천광역시 연수구 동춘동,경상사고,0,0,1,0,차대차 - 추돌,안전운전불이행,건조,맑음,단일로 - 기타,승용,여,29세,상해없음,승용,남,45세,경상
2020070300100288,2020년 7월 3일 13시,금요일,인천광역시 서구 불로동,경상사고,0,0,1,0,차대차 - 측면충돌,안전운전불이행,건조,맑음,주차장 - 주차장,승용,남,79세,상해없음,승용,여,39세,경상
2020070300100323,2020년 7월 3일 14시,금요일,인천광역시 서구 심곡동,경상사고,0,0,1,0,차대사람 - 기타,안전운전불이행,건조,맑음,교차로 - 교차로부근,기타불명,기타불명,미분류,기타불명,보행자,여,13세,경상
2020070300100324,2020년 7월 3일 14시,금요일,인천광역시 서구 가정동,경상사고,0,0,1,0,차대차 - 기타,안전운전불이행,건조,맑음,단일로 - 기타,승용,남,75세,상해없음,승용,여,52세,경상
2020070300100325,2020년 7월 3일 14시,금요일,인천광역시 연수구 동춘동,경상사고,0,0,1,0,차대차 - 측면충돌,안전거리미확보,건조,맑음,교차로 - 교차로안,화물,남,44세,상해없음,승용,여,60세,경상
2020070300100326,2020년 7월 3일 14시,금요일,인천광역시 남동구 수산동,경상사고,0,0,2,0,차대차 - 측면충돌,안전운전불이행,건조,맑음,교차로 - 교차로안,승용,여,59세,경상,승용,남,24세,경상
2020070300100327,2020년 7월 3일 14시,금요일,인천광역시 남동구 수산동,경상사고,0,0,1,0,차대차 - 측면충돌,안전운전불이행,건조,맑음,교차로 - 교차로안,승용,여,59세,상해없음,승용,남,24세,경상
2020070300100357,2020년 7월 3일 15시,금요일,인천광역시 미추홀구 용현동,경상사고,0,0,1,0,차대차 - 측면충돌,안전운전불이행,건조,맑음,단일로 - 기타,화물,남,60세,기타불명,승용,여,26세,경상
2020070300100358,2020년 7월 3일 15시,금요일,인천광역시 계양구 계산동,경상사고,0,0,1,0,차대차 - 추돌,안전운전불이행,건조,맑음,교차로 - 교차로부근,승용,남,61세,상해없음,화물,남,59세,상해없음
2020070300100359,2020년 7월 3일 15시,금요일,인천광역시 강화군 서도면,경상사고,0,0,1,0,차대차 - 후진중충돌,직진우회전진행방해,건조,맑음,단일로 - 기타,화물,남,67세,상해없음,화물,여,55세,경상
2020070300100397,2020년 7월 3일 16시,금요일,인천광역시 중구 을왕동,중상사고,0,1,0,0,차대사람 - 횡단중,기타,건조,맑음,단일로 - 기타,승용,남,52세,상해없음,보행자,여,59세,중상
2020070300100398,2020년 7월 3일 16시,금요일,인천광역시 미추홀구 학익동,경상사고,0,0,1,0,차대차 - 측면충돌,안전거리미확보,건조,맑음,단일로 - 기타,특수,남,63세,상해없음,특수,남,57세,경상
2020070300100574,2020년 7월 3일 20시,금요일,인천광역시 중구 선화동,경상사고,0,0,1,0,차대차 - 정면충돌,안전운전불이행,젖음/습기,비,교차로 - 교차로안,승용,남,57세,상해없음,자전거,남,11세,경상
2020070300100575,2020년 7월 3일 20시,금요일,인천광역시 서구 가좌동,경상사고,0,0,1,0,차대차 - 측면충돌,신호위반,건조,맑음,단일로 - 지하차도(도로)내,승용,여,53세,상해없음,승용,남,72세,경상
2020070300100656,2020년 7월 3일 22시,금요일,인천광역시 미추홀구 도화동,중상사고,0,1,0,0,차대차 - 측면충돌,안전운전불이행,건조,맑음,교차로 - 교차로부근,승용,남,62세,기타불명,승용,남,49세,중상
2020070300100684,2020년 7월 3일 23시,금요일,인천광역시 부평구 십정동,경상사고,0,0,3,0,차대차 - 측면충돌,신호위반,젖음/습기,비,교차로 - 교차로안,승용,남,43세,상해없음,승용,남,58세,경상
2020070300100685,2020년 7월 3일 23시,금요일,인천광역시 부평구 부평동,경상사고,0,0,1,0,차대차 - 측면충돌,안전거리미확보,건조,맑음,단일로 - 기타,승용,남,60세,기타불명,승용,남,24세,경상
2020070300100686,2020년 7월 3일 23시,금요일,인천광역시 연수구 동춘동,경상사고,0,0,1,0,차대차 - 추돌,안전운전불이행,젖음/습기,비,단일로 - 터널,승용,남,26세,상해없음,승용,여,38세,경상
2020070400100035,2020년 7월 4일 00시,토요일,인천광역시 중구 운남동,중상사고,0,1,0,0,차대사람 - 횡단중,보행자보호의무위반,젖음/습기,흐림,교차로 - 교차로부근,화물,남,61세,상해없음,보행자,여,35세,중상
2020070400100036,2020년 7월 4일 00시,토요일,인천광역시 남동구 간석동,경상사고,0,0,1,0,차대차 - 측면충돌,안전운전불이행,건조,맑음,단일로 - 기타,승용,남,50세,상해없음,승합,남,37세,경상
2020070400100037,2020년 7월 4일 00시,토요일,인천광역시 계양구 효성동,경상사고,0,0,2,0,차대차 - 측면충돌,안전운전불이행,젖음/습기,비,교차로 - 교차로안,승용,남,26세,경상,승합,남,49세,상해없음
2020070400100082,2020년 7월 4일 03시,토요일,인천광역시 남동구 운연동,경상사고,0,0,1,0,차대차 - 측면충돌,신호위반,젖음/습기,비,교차로 - 교차로안,승용,남,34세,상해없음,승용,남,25세,경상
2020070400100083,2020년 7월 4일 03시,토요일,인천광역시 남동구 수산동,중상사고,0,1,0,0,차대차 - 추돌,안전운전불이행,건조,맑음,교차로 - 교차로부근,승합,남,45세,상해없음,화물,남,47세,중상
2020070400100104,2020년 7월 4일 05시,토요일,인천광역시 미추홀구 문학동,경상사고,0,0,1,0,차대차 - 측면충돌,중앙선침범,건조,맑음,단일로 - 기타,승용,남,34세,상해없음,승용,남,65세,경상
2020070400100124,2020년 7월 4일 06시,토요일,인천광역시 서구 가정동,경상사고,0,0,1,0,차대차 - 측면충돌,안전운전불이행,건조,맑음,단일로 - 기타,이륜,남,31세,경상,승용,남,49세,상해없음
2020070400100157,2020년 7월 4일 08시,토요일,인천광역시 서구 석남동,경상사고,0,0,1,0,차대차 - 측면충돌,안전운전불이행,건조,맑음,단일로 - 기타,승용,남,58세,상해없음,승합,남,47세,경상
2020070400100158,2020년 7월 4일 08시,토요일,인천광역시 남동구 만수동,경상사고,0,0,1,0,차대차 - 측면충돌,안전운전불이행,건조,맑음,기타 - 기타,승용,남,49세,상해없음,자전거,여,16세,경상
2020070400100178,2020년 7월 4일 09시,토요일,인천광역시 미추홀구 주안동,경상사고,0,0,2,0,차대차 - 측면충돌,안전운전불이행,건조,맑음,단일로 - 기타,승용,남,69세,상해없음,이륜,남,25세,경상
2020070400100179,2020년 7월 4일 09시,토요일,인천광역시 부평구 갈산동,경상사고,0,0,1,0,차대차 - 측면충돌,안전거리미확보,건조,맑음,단일로 - 기타,승용,남,49세,상해없음,승용,남,24세,경상
2020070400100245,2020년 7월 4일 11시,토요일,인천광역시 남동구 구월동,경상사고,0,0,1,0,차대차 - 측면충돌,안전운전불이행,건조,맑음,단일로 - 기타,승용,여,59세,상해없음,이륜,남,40세,경상
2020070400100246,2020년 7월 4일 11시,토요일,인천광역시 서구 금곡동,중상사고,0,3,0,0,차대차 - 추돌,안전운전불이행,건조,맑음,단일로 - 터널,화물,남,78세,중상,승용,남,39세,중상
2020070400100278,2020년 7월 4일 12시,토요일,인천광역시 부평구 산곡동,중상사고,0,1,0,0,차대사람 - 기타,안전운전불이행,건조,맑음,단일로 - 기타,승용,여,35세,상해없음,보행자,남,68세,중상
2020070400100320,2020년 7월 4일 13시,토요일,인천광역시 부평구 부개동,중상사고,0,1,0,0,차대차 - 측면충돌,안전운전불이행,기타,맑음,교차로 - 교차로안,화물,남,41세,상해없음,이륜,남,62세,중상
2020070400100363,2020년 7월 4일 14시,토요일,인천광역시 부평구 부평동,중상사고,0,1,0,0,차대차 - 측면충돌,안전운전불이행,건조,맑음,교차로 - 교차로횡단보도내,이륜,남,47세,상해없음,자전거,여,24세,중상
2020070400100395,2020년 7월 4일 15시,토요일,인천광역시 계양구 하야동,경상사고,0,0,1,0,차대차 - 측면충돌,안전거리미확보,건조,맑음,단일로 - 기타,승용,남,70세,상해없음,건설기계,남,58세,경상
2020070400100396,2020년 7월 4일 15시,토요일,인천광역시 부평구 부개동,경상사고,0,0,1,0,차대차 - 측면충돌,안전운전불이행,건조,맑음,교차로 - 교차로안,승용,남,67세,상해없음,화물,남,68세,경상
2020070400100397,2020년 7월 4일 15시,토요일,인천광역시 미추홀구 학익동,중상사고,0,1,1,0,차대차 - 측면충돌,안전거리미확보,건조,맑음,단일로 - 교량,화물,남,55세,상해없음,승용,남,40세,중상
2020070400100433,2020년 7월 4일 16시,토요일,인천광역시 연수구 선학동,경상사고,0,0,1,0,차대사람 - 횡단중,보행자보호의무위반,건조,맑음,교차로 - 교차로부근,승용,여,46세,상해없음,보행자,여,50세,경상
2020070400100474,2020년 7월 4일 17시,토요일,인천광역시 계양구 오류동,경상사고,0,0,2,0,차대차 - 측면충돌,안전거리미확보,건조,맑음,단일로 - 기타,승용,남,31세,상해없음,승용,남,39세,경상
2020070400100511,2020년 7월 4일 18시,토요일,인천광역시 부평구 부개동,경상사고,0,0,2,0,차대차 - 측면충돌,안전거리미확보,건조,맑음,단일로 - 기타,승용,남,60세,기타불명,승용,여,44세,경상
2020070400100568,2020년 7월 4일 20시,토요일,인천광역시 중구 운서동,중상사고,0,2,0,0,차대차 - 기타,안전운전불이행,건조,맑음,단일로 - 기타,자전거,남,37세,중상,자전거,여,41세,중상
2020070400100569,2020년 7월 4일 20시,토요일,인천광역시 서구 심곡동,중상사고,0,1,0,0,차대사람 - 보도통행중,안전운전불이행,건조,맑음,단일로 - 기타,승용,남,29세,상해없음,보행자,남,72세,중상
2020070400100570,2020년 7월 4일 20시,토요일,인천광역시 남동구 만수동,경상사고,0,0,1,0,차대차 - 측면충돌,안전운전불이행,건조,맑음,단일로 - 기타,승용,남,73세,상해없음,이륜,남,53세,경상
2020070400100571,2020년 7월 4일 20시,토요일,인천광역시 남동구 도림동,중상사고,0,1,0,0,차대차 - 추돌,안전운전불이행,건조,맑음,교차로 - 교차로부근,승용,여,62세,상해없음,승용,여,58세,중상
2020070400100600,2020년 7월 4일 21시,토요일,인천광역시 서구 왕길동,경상사고,0,0,3,0,차대차 - 측면충돌,안전운전불이행,건조,맑음,교차로 - 교차로안,승용,남,33세,상해없음,승용,남,19세,경상
2020070400100627,2020년 7월 4일 22시,토요일,인천광역시 미추홀구 학익동,경상사고,0,0,1,0,차대차 - 측면충돌,안전거리미확보,건조,맑음,단일로 - 기타,승용,남,65세,상해없음,이륜,남,17세,경상
2020070400100648,2020년 7월 4일 23시,토요일,인천광역시 남동구 논현동,경상사고,0,0,1,0,차대사람 - 기타,안전운전불이행,건조,맑음,단일로 - 기타,승용,남,23세,상해없음,보행자,남,10세,경상
2020070500100069,2020년 7월 5일 05시,일요일,인천광역시 서구 가좌동,경상사고,0,0,2,0,차량단독 - 기타,안전운전불이행,건조,맑음,단일로 - 기타,이륜,남,23세,경상,,,,
2020070500100079,2020년 7월 5일 06시,일요일,인천광역시 남동구 간석동,경상사고,0,0,3,0,차대차 - 측면충돌,안전거리미확보,건조,맑음,교차로 - 교차로안,승용,남,43세,상해없음,승용,남,27세,경상
2020070500100088,2020년 7월 5일 07시,일요일,인천광역시 미추홀구 학익동,중상사고,0,1,0,0,차대차 - 정면충돌,안전운전불이행,건조,맑음,교차로 - 교차로안,승용,남,67세,상해없음,이륜,남,48세,중상
2020070500100133,2020년 7월 5일 10시,일요일,인천광역시 남동구 수산동,중상사고,0,1,2,0,차대차 - 정면충돌,중앙선침범,건조,맑음,교차로 - 교차로안,승용,남,48세,상해없음,승용,남,61세,중상
2020070500100151,2020년 7월 5일 11시,일요일,인천광역시 서구 청라동,경상사고,0,0,1,0,차대차 - 측면충돌,안전운전불이행,건조,맑음,교차로 - 교차로안,승용,남,60세,상해없음,이륜,남,42세,경상
2020070500100207,2020년 7월 5일 13시,일요일,인천광역시 서구 연희동,경상사고,0,0,1,0,차대사람 - 기타,안전운전불이행,건조,맑음,단일로 - 기타,승용,남,26세,상해없음,보행자,남,44세,경상
2020070500100262,2020년 7월 5일 15시,일요일,인천광역시 서구 석남동,중상사고,0,1,2,0,차대차 - 측면충돌,신호위반,건조,맑음,교차로 - 교차로부근,이륜,남,48세,중상,승용,남,47세,경상
2020070500100447,2020년 7월 5일 22시,일요일,인천광역시 서구 청라동,경상사고,0,0,1,0,차대차 - 추돌,안전운전불이행,건조,맑음,단일로 - 기타,승용,남,36세,상해없음,승용,남,30세,경상
2020070600100008,2020년 7월 6일 00시,월요일,인천광역시 계양구 작전동,경상사고,0,0,1,0,차대차 - 추돌,안전운전불이행,건조,맑음,교차로 - 교차로부근,승용,남,60세,상해없음,이륜,남,50세,경상
2020070600100009,2020년 7월 6일 00시,월요일,인천광역시 부평구 부평동,경상사고,0,0,2,0,차대차 - 추돌,안전운전불이행,건조,맑음,교차로 - 교차로부근,이륜,남,21세,기타불명,이륜,남,18세,경상
2020070600100049,2020년 7월 6일 06시,월요일,인천광역시 남동구 논현동,경상사고,0,0,1,0,차대차 - 측면충돌,신호위반,건조,맑음,교차로 - 교차로부근,승용,남,32세,상해없음,승용,남,47세,경상
2020070600100068,2020년 7월 6일 07시,월요일,인천광역시 남동구 운연동,경상사고,0,0,3,0,차대차 - 측면충돌,과속,건조,맑음,교차로 - 교차로안,화물,남,31세,경상,승용,여,54세,경상
2020070600100114,2020년 7월 6일 08시,월요일,인천광역시 강화군 내가면,중상사고,0,1,0,0,차대차 - 측면충돌,안전운전불이행,건조,맑음,교차로 - 교차로안,승용,여,26세,상해없음,농기계,남,79세,중상
2020070600100115,2020년 7월 6일 08시,월요일,인천광역시 부평구 구산동,경상사고,0,0,1,0,차대차 - 측면충돌,안전운전불이행,건조,맑음,단일로 - 기타,승용,여,64세,상해없음,승용,여,53세,경상
2020070600100177,2020년 7월 6일 10시,월요일,인천광역시 서구 마전동,경상사고,0,0,1,0,차대차 - 측면충돌,안전운전불이행,건조,맑음,교차로 - 교차로안,승용,여,40세,상해없음,승용,여,54세,경상
2020070600100217,2020년 7월 6일 11시,월요일,인천광역시 서구 심곡동,경상사고,0,0,1,0,차대차 - 측면충돌,안전운전불이행,건조,맑음,교차로 - 교차로안,승용,남,53세,상해없음,승용,여,40세,경상
2020070600100253,2020년 7월 6일 12시,월요일,인천광역시 중구 중산동,중상사고,0,1,1,0,차대차 - 측면충돌,신호위반,건조,맑음,교차로 - 교차로안,화물,남,57세,상해없음,승용,남,48세,중상
2020070600100280,2020년 7월 6일 13시,월요일,인천광역시 미추홀구 주안동,중상사고,0,1,0,0,차대차 - 후진중충돌,안전운전불이행,건조,맑음,교차로 - 교차로안,화물,남,65세,상해없음,화물,남,41세,중상
2020070600100281,2020년 7월 6일 13시,월요일,인천광역시 서구 가좌동,중상사고,0,1,2,0,차대차 - 추돌,안전운전불이행,건조,맑음,단일로 - 지하차도(도로)내,승용,여,34세,상해없음,승용,남,51세,경상
2020070600100322,2020년 7월 6일 14시,월요일,인천광역시 부평구 삼산동,경상사고,0,0,1,0,차대차 - 측면충돌,안전운전불이행,건조,맑음,교차로 - 교차로부근,승용,남,25세,상해없음,승용,여,40세,경상
2020070600100355,2020년 7월 6일 15시,월요일,인천광역시 미추홀구 관교동,중상사고,0,1,0,0,차대차 - 기타,신호위반,건조,맑음,교차로 - 교차로부근,승용,여,49세,상해없음,승용,여,52세,중상
2020070600100356,2020년 7월 6일 15시,월요일,인천광역시 남동구 남촌동,경상사고,0,0,1,0,차대차 - 측면충돌,안전운전불이행,건조,맑음,기타 - 기타,승용,남,19세,상해없음,승용,남,22세,경상
2020070600100425,2020년 7월 6일 17시,월요일,인천광역시 미추홀구 주안동,경상사고,0,0,1,0,차대차 - 추돌,안전운전불이행,건조,맑음,단일로 - 기타,승용,여,34세,상해없음,승용,여,51세,경상
2020070600100427,2020년 7월 6일 17시,월요일,인천광역시 남동구 수산동,중상사고,0,1,0,0,차대차 - 기타,안전운전불이행,건조,맑음,단일로 - 기타,기타불명,기타불명,미분류,기타불명,자전거,남,73세,중상
2020070600100428,2020년 7월 6일 17시,월요일,인천광역시 남동구 남촌동,경상사고,0,0,2,0,차대차 - 측면충돌,안전거리미확보,건조,맑음,단일로 - 기타,승용,남,30세,상해없음,화물,남,47세,경상
2020070600100464,2020년 7월 6일 18시,월요일,인천광역시 연수구 송도동,경상사고,0,0,1,0,차대차 - 측면충돌,신호위반,건조,맑음,교차로 - 교차로안,승용,남,19세,상해없음,승용,여,65세,경상
2020070600100546,2020년 7월 6일 21시,월요일,인천광역시 부평구 부평동,부상신고사고,0,0,0,1,차대차 - 측면충돌,신호위반,건조,맑음,교차로 - 교차로안,이륜,남,17세,부상신고,화물,남,64세,상해없음
2020070600100547,2020년 7월 6일 21시,월요일,인천광역시 서구 가좌동,경상사고,0,0,1,0,차대차 - 기타,안전운전불이행,건조,맑음,교차로 - 교차로안,승용,남,27세,상해없음,이륜,남,18세,경상
2020070600100548,2020년 7월 6일 21시,월요일,인천광역시 계양구 작전동,경상사고,0,0,1,0,차대사람 - 횡단중,안전운전불이행,건조,맑음,단일로 - 기타,기타불명,기타불명,미분류,기타불명,보행자,여,27세,경상
2020070600100577,2020년 7월 6일 23시,월요일,인천광역시 서구 청라동,경상사고,0,0,1,0,차대사람 - 기타,안전운전불이행,건조,맑음,교차로 - 교차로부근,승용,남,45세,상해없음,보행자,남,44세,경상
2020070700100009,2020년 7월 7일 00시,화요일,인천광역시 남동구 구월동,중상사고,0,1,1,0,차대사람 - 횡단중,보행자보호의무위반,건조,맑음,교차로 - 교차로횡단보도내,승용,남,61세,상해없음,보행자,여,23세,경상
2020070700100023,2020년 7월 7일 02시,화요일,인천광역시 남동구 간석동,경상사고,0,0,1,0,차대차 - 추돌,안전운전불이행,건조,맑음,교차로 - 교차로부근,승용,남,23세,상해없음,승합,남,46세,경상
2020070700100024,2020년 7월 7일 02시,화요일,인천광역시 부평구 부개동,경상사고,0,0,2,0,차대차 - 측면충돌,안전운전불이행,건조,맑음,교차로 - 교차로부근,승합,남,63세,상해없음,승용,남,21세,경상
2020070700100032,2020년 7월 7일 04시,화요일,인천광역시 중구 신흥동3가,중상사고,0,1,0,0,차대차 - 측면충돌,안전운전불이행,건조,맑음,교차로 - 교차로횡단보도내,승용,남,66세,상해없음,자전거,남,52세,중상
2020070700100054,2020년 7월 7일 06시,화요일,인천광역시 미추홀구 도화동,경상사고,0,0,1,0,차대차 - 기타,안전운전불이행,건조,맑음,교차로 - 교차로안,화물,남,50세,상해없음,승합,남,50세,경상
2020070700100055,2020년 7월 7일 06시,화요일,인천광역시 계양구 계산동,경상사고,0,0,1,0,차대차 - 측면충돌,신호위반,건조,맑음,교차로 - 교차로부근,승용,남,56세,상해없음,승용,남,58세,경상
2020070700100078,2020년 7월 7일 07시,화요일,인천광역시 계양구 작전동,경상사고,0,0,1,0,차대차 - 추돌,안전운전불이행,건조,맑음,단일로 - 기타,승용,남,39세,상해없음,화물,남,54세,경상
2020070700100079,2020년 7월 7일 07시,화요일,인천광역시 서구 경서동,중상사고,0,1,0,0,차대차 - 추돌,안전운전불이행,건조,맑음,단일로 - 기타,특수,남,55세,상해없음,화물,남,63세,중상
2020070700100121,2020년 7월 7일 08시,화요일,인천광역시 동구 송림동,경상사고,0,0,2,0,차대차 - 정면충돌,안전운전불이행,건조,맑음,교차로 - 교차로안,승용,남,59세,경상,화물,남,37세,경상
2020070700100143,2020년 7월 7일 09시,화요일,인천광역시 계양구 효성동,중상사고,0,1,0,0,차대차 - 정면충돌,중앙선침범,건조,맑음,단일로 - 기타,건설기계,남,72세,상해없음,승용,남,32세,중상
2020070700100171,2020년 7월 7일 10시,화요일,인천광역시 중구 운남동,중상사고,0,1,1,0,차대차 - 측면충돌,안전운전불이행,건조,맑음,교차로 - 교차로안,화물,남,62세,중상,화물,남,50세,경상
2020070700100172,2020년 7월 7일 10시,화요일,인천광역시 서구 가정동,경상사고,0,0,2,0,차대차 - 추돌,안전운전불이행,건조,맑음,단일로 - 기타,화물,남,37세,상해없음,승용,남,36세,경상
2020070700100201,2020년 7월 7일 11시,화요일,인천광역시 계양구 서운동,경상사고,0,0,1,0,차대차 - 측면충돌,안전거리미확보,건조,맑음,단일로 - 교량,화물,남,44세,상해없음,승용,여,52세,경상
2020070700100229,2020년 7월 7일 12시,화요일,인천광역시 남동구 구월동,경상사고,0,0,1,0,차대사람 - 횡단중,안전운전불이행,건조,흐림,단일로 - 기타,승용,남,72세,상해없음,보행자,여,56세,경상
2020070700100230,2020년 7월 7일 12시,화요일,인천광역시 서구 가좌동,경상사고,0,0,1,0,차대사람 - 길가장자리구역통행중,안전운전불이행,건조,맑음,단일로 - 기타,승용,남,29세,상해없음,보행자,남,60세,경상
2020070700100231,2020년 7월 7일 12시,화요일,인천광역시 계양구 오류동,경상사고,0,0,1,0,차대차 - 측면충돌,안전거리미확보,건조,맑음,단일로 - 기타,승용,남,72세,상해없음,승합,남,57세,경상
2020070700100232,2020년 7월 7일 12시,화요일,인천광역시 남동구 만수동,경상사고,0,0,1,0,차대차 - 정면충돌,중앙선침범,건조,맑음,단일로 - 기타,승용,남,54세,상해없음,승용,남,55세,경상
2020070700100267,2020년 7월 7일 13시,화요일,인천광역시 서구 가정동,경상사고,0,0,3,0,차대차 - 추돌,안전운전불이행,건조,맑음,단일로 - 기타,승용,여,33세,기타불명,승용,여,50세,경상
2020070700100330,2020년 7월 7일 15시,화요일,인천광역시 부평구 청천동,경상사고,0,0,1,0,차대차 - 측면충돌,차로위반,건조,맑음,교차로 - 교차로부근,승용,여,56세,상해없음,승용,여,32세,경상
2020070700100369,2020년 7월 7일 16시,화요일,인천광역시 연수구 선학동,중상사고,0,1,3,0,차대차 - 추돌,안전거리미확보,건조,맑음,단일로 - 교량,승용,남,28세,상해없음,화물,남,63세,경상
2020070700100411,2020년 7월 7일 17시,화요일,인천광역시 미추홀구 주안동,경상사고,0,0,2,0,차대차 - 정면충돌,신호위반,건조,맑음,교차로 - 교차로안,승용,남,60세,상해없음,승용,남,34세,경상
2020070700100412,2020년 7월 7일 17시,화요일,인천광역시 부평구 부평동,경상사고,0,0,1,0,차대차 - 측면충돌,기타,건조,맑음,교차로 - 교차로부근,승용,남,31세,상해없음,자전거,남,11세,경상
2020070700100413,2020년 7월 7일 17시,화요일,인천광역시 서구 연희동,경상사고,0,0,3,0,차대차 - 추돌,안전운전불이행,건조,맑음,단일로 - 기타,승용,남,25세,경상,승용,남,35세,경상
2020070700100469,2020년 7월 7일 18시,화요일,인천광역시 계양구 효성동,경상사고,0,0,1,0,차대차 - 측면충돌,안전운전불이행,건조,맑음,교차로 - 교차로안,승용,남,37세,상해없음,이륜,남,23세,경상
2020070700100470,2020년 7월 7일 18시,화요일,인천광역시 남동구 남촌동,경상사고,0,0,3,0,차대차 - 측면충돌,차로위반,건조,맑음,기타 - 기타,화물,남,51세,상해없음,승용,남,25세,경상
2020070700100504,2020년 7월 7일 19시,화요일,인천광역시 미추홀구 주안동,경상사고,0,0,1,0,차대차 - 추돌,안전운전불이행,건조,기타,단일로 - 기타,화물,남,64세,기타불명,승용,여,50세,경상
2020070700100536,2020년 7월 7일 20시,화요일,인천광역시 동구 송림동,경상사고,0,0,1,0,차대차 - 기타,신호위반,건조,맑음,교차로 - 교차로안,승용,남,38세,상해없음,이륜,남,34세,경상
2020070700100598,2020년 7월 7일 23시,화요일,인천광역시 남동구 간석동,중상사고,0,1,3,1,차대차 - 측면충돌,신호위반,건조,맑음,교차로 - 교차로안,승용,남,23세,상해없음,승용,남,59세,경상
2020070800100009,2020년 7월 8일 00시,수요일,인천광역시 미추홀구 주안동,경상사고,0,0,2,0,차대차 - 측면충돌,안전운전불이행,건조,맑음,교차로 - 교차로안,승용,남,67세,상해없음,승용,남,34세,경상
2020070800100021,2020년 7월 8일 02시,수요일,인천광역시 연수구 옥련동,경상사고,0,0,1,0,차대사람 - 보도통행중,신호위반,건조,맑음,단일로 - 기타,승합,남,32세,상해없음,보행자,여,19세,경상
2020070800100035,2020년 7월 8일 04시,수요일,인천광역시 부평구 삼산동,부상신고사고,0,0,0,1,차대차 - 측면충돌,안전거리미확보,건조,맑음,단일로 - 교량,화물,남,59세,상해없음,승용,여,40세,부상신고
2020070800100041,2020년 7월 8일 05시,수요일,인천광역시 남동구 구월동,중상사고,0,1,0,0,차대사람 - 기타,안전운전불이행,건조,맑음,단일로 - 기타,승용,남,53세,상해없음,보행자,남,60세,중상
2020070800100042,2020년 7월 8일 05시,수요일,인천광역시 서구 오류동,중상사고,0,1,1,0,차대차 - 추돌,안전거리미확보,건조,맑음,교차로 - 교차로안,승용,여,61세,상해없음,화물,남,55세,경상
2020070800100053,2020년 7월 8일 06시,수요일,인천광역시 남동구 논현동,경상사고,0,0,1,0,차대사람 - 횡단중,안전운전불이행,건조,맑음,단일로 - 기타,승용,남,54세,상해없음,보행자,여,21세,경상
2020070800100150,2020년 7월 8일 09시,수요일,인천광역시 계양구 용종동,경상사고,0,0,2,0,차대차 - 측면충돌,교차로운행방법위반,건조,맑음,교차로 - 교차로안,승용,여,51세,경상,승용,남,40세,경상
2020070800100151,2020년 7월 8일 09시,수요일,인천광역시 부평구 갈산동,경상사고,0,0,1,0,차대차 - 측면충돌,안전운전불이행,건조,맑음,교차로 - 교차로부근,승용,남,65세,기타불명,화물,남,63세,경상
2020070800100188,2020년 7월 8일 10시,수요일,인천광역시 부평구 부평동,경상사고,0,0,1,0,차대차 - 측면충돌,안전운전불이행,건조,맑음,교차로 - 교차로안,승용,여,23세,상해없음,승용,남,65세,경상
2020070800100218,2020년 7월 8일 11시,수요일,인천광역시 남동구 간석동,경상사고,0,0,1,0,차대사람 - 횡단중,신호위반,건조,맑음,단일로 - 기타,승용,여,70세,상해없음,보행자,여,65세,경상