사고번호,사고일시,요일,시군구,사고내용,사망자수,중상자수,경상자수,부상신고자수,사고유형,법규위반,노면상태,기상상태,도로형태,가해운전자 차종,가해운전자 성별,가해운전자 연령,가해운전자 상해정도,피해운전자 차종,피해운전자 성별,피해운전자 연령,피해운전자 상해정도
2020071300100033,2020년 7월 13일 02시,월요일,인천광역시 계양구 박촌동,중상사고,0,1,0,0,차대사람 - 기타,안전운전불이행,젖음/습기,비,단일로 - 기타,승용,여,51세,상해없음,보행자,남,50세,중상
2020071300100065,2020년 7월 13일 06시,월요일,인천광역시 부평구 부평동,경상사고,0,0,1,0,차대차 - 측면충돌,안전운전불이행,건조,맑음,교차로 - 교차로부근,승용,남,26세,상해없음,승용,남,20세,경상
2020071300100080,2020년 7월 13일 07시,월요일,인천광역시 남동구 만수동,경상사고,0,0,1,0,차대차 - 측면충돌,안전운전불이행,건조,맑음,기타 - 기타,승용,남,42세,상해없음,승용,남,26세,경상
2020071300100118,2020년 7월 13일 08시,월요일,인천광역시 부평구 청천동,경상사고,0,0,1,0,차대차 - 측면충돌,안전운전불이행,건조,맑음,단일로 - 기타,승용,여,63세,상해없음,승용,남,51세,경상
2020071300100119,2020년 7월 13일 08시,월요일,인천광역시 남동구 구월동,경상사고,0,0,1,0,차대차 - 추돌,안전거리미확보,건조,맑음,단일로 - 기타,승용,남,26세,상해없음,승용,남,43세,경상
2020071300100154,2020년 7월 13일 09시,월요일,인천광역시 남동구 서창동,경상사고,0,0,1,0,차대사람 - 횡단중,안전운전불이행,젖음/습기,맑음,단일로 - 기타,승용,남,43세,상해없음,보행자,여,87세,경상
2020071300100251,2020년 7월 13일 12시,월요일,인천광역시 미추홀구 주안동,중상사고,0,1,0,0,차대차 - 측면충돌,안전운전불이행,젖음/습기,비,단일로 - 기타,승용,남,53세,중상,승합,남,68세,상해없음
2020071300100282,2020년 7월 13일 13시,월요일,인천광역시 남동구 구월동,중상사고,0,1,0,0,차대차 - 추돌,안전운전불이행,젖음/습기,비,단일로 - 기타,승용,남,46세,상해없음,원동기,남,38세,중상
2020071300100313,2020년 7월 13일 14시,월요일,인천광역시 미추홀구 주안동,중상사고,0,1,0,0,차량단독 - 기타,안전운전불이행,젖음/습기,비,단일로 - 기타,승합,남,55세,기타불명,,,,
2020071300100314,2020년 7월 13일 14시,월요일,인천광역시 계양구 병방동,경상사고,0,0,1,0,차량단독 - 기타,안전운전불이행,건조,맑음,교차로 - 교차로안,승합,남,54세,상해없음,,,,
2020071300100351,2020년 7월 13일 15시,월요일,인천광역시 서구 백석동,경상사고,0,0,3,0,차대차 - 추돌,안전거리미확보,젖음/습기,비,단일로 - 기타,승용,여,61세,상해없음,화물,남,58세,경상
2020071300100352,2020년 7월 13일 15시,월요일,인천광역시 연수구 선학동,중상사고,0,1,0,0,차대사람 - 횡단중,보행자보호의무위반,젖음/습기,비,교차로 - 교차로안,승용,여,60세,상해없음,보행자,여,75세,중상
2020071300100390,2020년 7월 13일 16시,월요일,인천광역시 서구 원창동,경상사고,0,0,1,0,차대차 - 추돌,교차로운행방법위반,젖음/습기,비,교차로 - 교차로부근,화물,남,51세,상해없음,승용,남,25세,경상
2020071300100391,2020년 7월 13일 16시,월요일,인천광역시 서구 청라동,경상사고,0,0,2,0,차대차 - 후진중충돌,안전운전불이행,건조,맑음,단일로 - 기타,승용,남,24세,상해없음,승용,여,39세,경상
2020071300100414,2020년 7월 13일 17시,월요일,인천광역시 남동구 구월동,경상사고,0,0,2,0,차대차 - 측면충돌,안전거리미확보,젖음/습기,비,단일로 - 기타,승용,여,59세,상해없음,승용,남,26세,경상
2020071300100450,2020년 7월 13일 18시,월요일,인천광역시 부평구 부평동,경상사고,0,0,1,0,차대차 - 기타,안전운전불이행,건조,맑음,단일로 - 기타,승용,남,33세,상해없음,승용,남,25세,경상
2020071300100451,2020년 7월 13일 18시,월요일,인천광역시 연수구 연수동,경상사고,0,0,2,0,차대차 - 측면충돌,안전운전불이행,젖음/습기,비,교차로 - 교차로안,승용,여,46세,경상,승용,남,46세,경상
2020071300100481,2020년 7월 13일 19시,월요일,인천광역시 미추홀구 도화동,경상사고,0,0,1,0,차대차 - 추돌,안전운전불이행,젖음/습기,비,단일로 - 기타,승용,여,35세,상해없음,승용,여,58세,경상
2020071300100482,2020년 7월 13일 19시,월요일,인천광역시 부평구 산곡동,경상사고,0,0,1,0,차대사람 - 보도통행중,보행자보호의무위반,젖음/습기,비,교차로 - 교차로안,승용,여,51세,상해없음,보행자,여,38세,경상
2020071300100483,2020년 7월 13일 19시,월요일,인천광역시 부평구 청천동,경상사고,0,0,1,0,차대차 - 측면충돌,신호위반,건조,맑음,교차로 - 교차로안,승용,남,54세,상해없음,승용,남,29세,경상
2020071300100522,2020년 7월 13일 20시,월요일,인천광역시 미추홀구 숭의동,경상사고,0,0,1,0,차대차 - 추돌,안전운전불이행,젖음/습기,비,교차로 - 교차로부근,승용,여,58세,상해없음,이륜,남,42세,경상
2020071300100523,2020년 7월 13일 20시,월요일,인천광역시 남동구 구월동,경상사고,0,0,1,0,차대차 - 측면충돌,안전운전불이행,젖음/습기,비,교차로 - 교차로부근,승용,남,26세,상해없음,승용,남,72세,경상
2020071300100552,2020년 7월 13일 21시,월요일,인천광역시 중구 을왕동,중상사고,0,2,0,0,차대차 - 측면충돌,안전운전불이행,건조,맑음,단일로 - 기타,승용,남,59세,상해없음,승용,남,45세,상해없음
2020071300100553,2020년 7월 13일 21시,월요일,인천광역시 미추홀구 주안동,중상사고,0,1,0,0,차대사람 - 차도통행중,안전운전불이행,젖음/습기,비,단일로 - 기타,승용,남,60세,상해없음,보행자,남,47세,중상
2020071300100554,2020년 7월 13일 21시,월요일,인천광역시 연수구 선학동,경상사고,0,0,3,0,차대차 - 추돌,안전운전불이행,젖음/습기,비,교차로 - 교차로부근,승용,남,55세,상해없음,승용,남,67세,경상
2020071300100613,2020년 7월 13일 23시,월요일,인천광역시 부평구 산곡동,경상사고,0,0,1,0,차대차 - 추돌,안전운전불이행,젖음/습기,비,교차로 - 교차로부근,승용,남,35세,상해없음,승용,남,55세,상해없음
2020071400100026,2020년 7월 14일 00시,화요일,인천광역시 남동구 구월동,경상사고,0,0,2,0,차대차 - 추돌,안전운전불이행,젖음/습기,비,단일로 - 기타,승용,여,48세,상해없음,승용,남,62세,경상
2020071400100027,2020년 7월 14일 00시,화요일,인천광역시 남동구 구월동,경상사고,0,0,1,0,차대차 - 기타,안전운전불이행,젖음/습기,비,교차로 - 교차로안,승합,남,35세,상해없음,이륜,남,27세,경상
2020071400100045,2020년 7월 14일 01시,화요일,인천광역시 남동구 만수동,경상사고,0,0,2,0,차대차 - 측면충돌,안전운전불이행,젖음/습기,비,단일로 - 기타,화물,남,41세,경상,승용,남,62세,경상
2020071400100046,2020년 7월 14일 01시,화요일,인천광역시 남동구 만수동,중상사고,0,1,0,0,차대사람 - 횡단중,안전운전불이행,젖음/습기,비,단일로 - 기타,승용,남,30세,상해없음,보행자,남,25세,중상
2020071400100061,2020년 7월 14일 03시,화요일,인천광역시 미추홀구 학익동,사망사고,1,0,0,0,차량단독 - 공작물충돌,안전운전불이행,젖음/습기,비,단일로 - 기타,승용,남,34세,사망,,,,
2020071400100085,2020년 7월 14일 06시,화요일,인천광역시 미추홀구 학익동,중상사고,0,1,0,0,차대차 - 추돌,안전운전불이행,젖음/습기,비,단일로 - 기타,승용,여,36세,상해없음,승용,남,40세,중상
2020071400100086,2020년 7월 14일 06시,화요일,인천광역시 연수구 송도동,중상사고,0,1,0,0,차대차 - 정면충돌,신호위반,건조,맑음,교차로 - 교차로안,승용,남,37세,상해없음,승용,남,34세,중상
2020071400100297,2020년 7월 14일 13시,화요일,인천광역시 옹진군 영흥면,중상사고,0,1,0,1,차량단독 - 기타,안전운전불이행,건조,맑음,단일로 - 기타,이륜,여,34세,부상신고,,,,
2020071400100298,2020년 7월 14일 13시,화요일,인천광역시 부평구 부평동,경상사고,0,0,1,0,차대차 - 측면충돌,안전운전불이행,건조,맑음,교차로 - 교차로부근,승용,남,70세,상해없음,승용,남,27세,경상
2020071400100299,2020년 7월 14일 13시,화요일,인천광역시 연수구 송도동,경상사고,0,0,1,0,차대차 - 정면충돌,신호위반,건조,맑음,교차로 - 교차로안,승용,여,52세,상해없음,승용,여,42세,경상
2020071400100338,2020년 7월 14일 14시,화요일,인천광역시 남동구 간석동,중상사고,0,1,0,0,차대차 - 기타,안전운전불이행,건조,맑음,교차로 - 교차로안,승용,남,45세,상해없음,이륜,남,44세,중상
2020071400100339,2020년 7월 14일 14시,화요일,인천광역시 부평구 일신동,경상사고,0,0,1,0,차대사람 - 기타,안전운전불이행,건조,맑음,단일로 - 기타,승용,남,65세,상해없음,보행자,남,26세,경상
2020071400100340,2020년 7월 14일 14시,화요일,인천광역시 부평구 부개동,경상사고,0,0,1,0,차대차 - 기타,안전거리미확보,건조,맑음,단일로 - 기타,승용,남,39세,상해없음,승용,남,61세,경상
2020071400100378,2020년 7월 14일 15시,화요일,인천광역시 서구 청라동,중상사고,0,1,2,0,차대차 - 측면충돌,안전운전불이행,건조,맑음,교차로 - 교차로안,승합,남,72세,상해없음,승용,여,40세,중상
2020071400100414,2020년 7월 14일 16시,화요일,인천광역시 남동구 구월동,경상사고,0,0,1,0,차대차 - 기타,중앙선침범,건조,맑음,단일로 - 기타,승용,남,64세,상해없음,이륜,남,34세,경상
2020071400100453,2020년 7월 14일 17시,화요일,인천광역시 서구 가좌동,경상사고,0,0,1,0,차대차 - 측면충돌,안전거리미확보,건조,맑음,단일로 - 기타,승합,남,52세,상해없음,승용,남,22세,경상
2020071400100454,2020년 7월 14일 17시,화요일,인천광역시 계양구 작전동,경상사고,0,0,1,0,차대차 - 측면충돌,안전거리미확보,건조,맑음,교차로 - 교차로부근,승용,여,61세,상해없음,승용,남,63세,경상
2020071400100455,2020년 7월 14일 17시,화요일,인천광역시 연수구 연수동,중상사고,0,1,0,0,차대차 - 측면충돌,교차로운행방법위반,건조,맑음,교차로 - 교차로안,승용,남,29세,상해없음,승용,남,76세,중상
2020071400100493,2020년 7월 14일 18시,화요일,인천광역시 연수구 선학동,사망사고,1,0,0,0,차대사람 - 보도통행중,안전운전불이행,건조,맑음,단일로 - 기타,화물,남,63세,상해없음,보행자,여,80세,사망
2020071400100584,2020년 7월 14일 21시,화요일,인천광역시 부평구 부평동,중상사고,0,1,1,0,차대차 - 측면충돌,신호위반,건조,맑음,교차로 - 교차로부근,승용,남,51세,상해없음,승용,남,21세,중상
2020071400100585,2020년 7월 14일 21시,화요일,인천광역시 서구 경서동,경상사고,0,0,3,0,차대차 - 측면충돌,안전운전불이행,건조,기타,교차로 - 교차로안,화물,남,35세,상해없음,승용,남,21세,경상
2020071400100616,2020년 7월 14일 22시,화요일,인천광역시 부평구 십정동,경상사고,0,0,1,0,차대차 - 측면충돌,안전운전불이행,건조,맑음,교차로 - 교차로부근,승용,남,62세,상해없음,이륜,남,45세,경상
2020071400100617,2020년 7월 14일 22시,화요일,인천광역시 연수구 옥련동,경상사고,0,0,1,0,차대차 - 기타,신호위반,건조,맑음,교차로 - 교차로안,기타불명,기타불명,미분류,기타불명,승용,남,32세,경상
2020071400100641,2020년 7월 14일 23시,화요일,인천광역시 미추홀구 용현동,경상사고,0,0,1,0,차대차 - 기타,기타,건조,맑음,단일로 - 지하차도(도로)내,승합,남,46세,상해없음,승용,남,64세,상해없음
2020071400100642,2020년 7월 14일 23시,화요일,인천광역시 연수구 송도동,경상사고,0,0,4,0,차대차 - 측면충돌,기타,건조,맑음,단일로 - 기타,승용,여,50세,상해없음,승용,남,22세,경상
2020071500100010,2020년 7월 15일 00시,수요일,인천광역시 중구 신흥동3가,경상사고,0,0,3,0,차대차 - 측면충돌,교차로운행방법위반,건조,맑음,교차로 - 교차로횡단보도내,화물,남,54세,상해없음,승용,여,22세,경상
2020071500100023,2020년 7월 15일 01시,수요일,인천광역시 부평구 부개동,경상사고,0,0,1,0,차량단독 - 공작물충돌,안전운전불이행,젖음/습기,비,교차로 - 교차로부근,승용,남,55세,상해없음,,,,
2020071500100035,2020년 7월 15일 03시,수요일,인천광역시 서구 가좌동,부상신고사고,0,0,0,1,차량단독 - 기타,안전운전불이행,젖음/습기,맑음,교차로 - 교차로부근,이륜,남,40세,부상신고,,,,
2020071500100036,2020년 7월 15일 03시,수요일,인천광역시 계양구 효성동,경상사고,0,0,1,0,차대차 - 추돌,안전운전불이행,건조,맑음,교차로 - 교차로부근,승용,남,33세,상해없음,승용,남,61세,경상
2020071500100051,2020년 7월 15일 05시,수요일,인천광역시 남동구 구월동,경상사고,0,0,1,0,차대차 - 측면충돌,직진우회전진행방해,건조,맑음,교차로 - 교차로안,승용,남,26세,상해없음,승용,남,51세,경상
2020071500100052,2020년 7월 15일 05시,수요일,인천광역시 서구 당하동,경상사고,0,0,3,0,차량단독 - 기타,안전운전불이행,건조,맑음,단일로 - 기타,이륜,남,16세,경상,,,,
2020071500100067,2020년 7월 15일 06시,수요일,인천광역시 부평구 부평동,경상사고,0,0,1,0,차대차 - 후진중충돌,안전운전불이행,건조,맑음,단일로 - 기타,승용,남,67세,기타불명,승용,남,66세,경상
2020071500100084,2020년 7월 15일 07시,수요일,인천광역시 미추홀구 도화동,경상사고,0,0,3,0,차대차 - 측면충돌,안전운전불이행,건조,맑음,교차로 - 교차로안,승용,남,43세,상해없음,승용,남,68세,경상
2020071500100112,2020년 7월 15일 08시,수요일,인천광역시 부평구 갈산동,경상사고,0,0,1,0,차대차 - 측면충돌,신호위반,건조,맑음,단일로 - 기타,승용,남,30세,상해없음,자전거,남,64세,경상
2020071500100148,2020년 7월 15일 09시,수요일,인천광역시 미추홀구 숭의동,경상사고,0,0,1,0,차대사람 - 기타,안전운전불이행,건조,기타,단일로 - 기타,승용,여,50세,기타불명,보행자,남,48세,경상
2020071500100149,2020년 7월 15일 09시,수요일,인천광역시 강화군 강화읍,중상사고,0,1,1,0,차대차 - 측면충돌,신호위반,건조,맑음,교차로 - 교차로부근,승용,여,51세,상해없음,승용,여,74세,중상
2020071500100176,2020년 7월 15일 10시,수요일,인천광역시 미추홀구 숭의동,중상사고,0,1,0,0,차대차 - 측면충돌,신호위반,건조,맑음,교차로 - 교차로안,화물,남,48세,상해없음,승용,여,64세,중상
2020071500100177,2020년 7월 15일 10시,수요일,인천광역시 남동구 간석동,중상사고,0,1,0,0,차대차 - 측면충돌,안전운전불이행,건조,흐림,단일로 - 기타,자전거,남,21세,상해없음,승합,남,54세,상해없음
2020071500100178,2020년 7월 15일 10시,수요일,인천광역시 연수구 선학동,경상사고,0,0,1,0,차대차 - 측면충돌,신호위반,건조,맑음,교차로 - 교차로안,승용,남,37세,상해없음,승용,여,46세,경상
2020071500100209,2020년 7월 15일 11시,수요일,인천광역시 남동구 간석동,경상사고,0,0,1,0,차대차 - 측면충돌,안전거리미확보,건조,맑음,단일로 - 기타,이륜,남,18세,상해없음,승용,여,44세,경상
2020071500100244,2020년 7월 15일 12시,수요일,인천광역시 계양구 임학동,경상사고,0,0,1,0,차대차 - 측면충돌,안전운전불이행,건조,맑음,교차로 - 교차로안,이륜,남,38세,상해없음,이륜,남,31세,경상
2020071500100305,2020년 7월 15일 14시,수요일,인천광역시 중구 율목동,중상사고,0,1,0,0,차대차 - 측면충돌,안전거리미확보,건조,맑음,단일로 - 기타,승용,남,60세,상해없음,승용,남,54세,중상
2020071500100306,2020년 7월 15일 14시,수요일,인천광역시 서구 왕길동,경상사고,0,0,1,0,차대차 - 측면충돌,안전운전불이행,건조,맑음,단일로 - 기타,승용,여,46세,상해없음,승용,남,48세,경상
2020071500100342,2020년 7월 15일 15시,수요일,인천광역시 서구 석남동,경상사고,0,0,2,0,차대차 - 측면충돌,안전운전불이행,건조,맑음,단일로 - 기타,승용,남,42세,상해없음,승합,남,26세,경상
2020071500100343,2020년 7월 15일 15시,수요일,인천광역시 계양구 용종동,경상사고,0,0,1,0,차대차 - 측면충돌,안전거리미확보,건조,맑음,단일로 - 기타,승용,남,48세,상해없음,화물,남,47세,경상
2020071500100386,2020년 7월 15일 16시,수요일,인천광역시 연수구 동춘동,경상사고,0,0,2,0,차대차 - 추돌,안전운전불이행,건조,맑음,단일로 - 기타,이륜,남,16세,상해없음,이륜,남,26세,경상
2020071500100427,2020년 7월 15일 17시,수요일,인천광역시 중구 운남동,경상사고,0,0,1,0,차대차 - 기타,안전운전불이행,건조,맑음,단일로 - 기타,승용,남,52세,상해없음,이륜,남,25세,경상
2020071500100428,2020년 7월 15일 17시,수요일,인천광역시 서구 경서동,중상사고,0,2,0,0,차대사람 - 횡단중,보행자보호의무위반,건조,맑음,교차로 - 교차로횡단보도내,승용,남,36세,상해없음,보행자,여,59세,중상
2020071500100429,2020년 7월 15일 17시,수요일,인천광역시 계양구 작전동,경상사고,0,0,2,0,차대차 - 측면충돌,안전운전불이행,건조,맑음,교차로 - 교차로안,이륜,남,35세,상해없음,승용,남,45세,경상
2020071500100430,2020년 7월 15일 17시,수요일,인천광역시 부평구 부평동,경상사고,0,0,1,0,차대차 - 기타,교차로운행방법위반,건조,맑음,교차로 - 교차로안,화물,남,46세,상해없음,이륜,여,42세,경상
2020071500100431,2020년 7월 15일 17시,수요일,인천광역시 계양구 박촌동,경상사고,0,0,3,0,차대차 - 추돌,안전운전불이행,건조,맑음,단일로 - 기타,승용,남,36세,상해없음,승용,남,53세,경상
2020071500100525,2020년 7월 15일 19시,수요일,인천광역시 부평구 부평동,경상사고,0,0,1,0,차대차 - 측면충돌,교차로운행방법위반,건조,맑음,교차로 - 교차로안,승용,여,60세,상해없음,자전거,남,10세,경상
2020071500100526,2020년 7월 15일 19시,수요일,인천광역시 남동구 구월동,경상사고,0,0,1,0,차대차 - 기타,안전운전불이행,건조,맑음,교차로 - 교차로부근,기타불명,기타불명,미분류,기타불명,이륜,남,28세,경상
2020071500100623,2020년 7월 15일 23시,수요일,인천광역시 남동구 간석동,경상사고,0,0,3,0,차대차 - 기타,안전운전불이행,건조,흐림,교차로 - 교차로부근,원동기,남,19세,기타불명,승용,여,56세,경상
2020071600100010,2020년 7월 16일 00시,목요일,인천광역시 미추홀구 학익동,경상사고,0,0,1,0,차대사람 - 횡단중,신호위반,건조,맑음,교차로 - 교차로부근,승용,남,23세,상해없음,보행자,남,25세,경상
2020071600100011,2020년 7월 16일 00시,목요일,인천광역시 서구 가좌동,경상사고,0,0,1,0,차대차 - 후진중충돌,안전운전불이행,건조,맑음,교차로 - 교차로부근,승용,여,54세,상해없음,승용,남,60세,상해없음
2020071600100025,2020년 7월 16일 01시,목요일,인천광역시 부평구 부평동,경상사고,0,0,1,0,차대차 - 추돌,안전운전불이행,건조,맑음,교차로 - 교차로부근,승용,여,47세,상해없음,승용,남,51세,경상
2020071600100085,2020년 7월 16일 07시,목요일,인천광역시 계양구 효성동,중상사고,0,1,0,0,차대사람 - 기타,안전운전불이행,건조,맑음,단일로 - 기타,승용,여,53세,상해없음,보행자,남,36세,중상
2020071600100120,2020년 7월 16일 08시,목요일,인천광역시 연수구 동춘동,중상사고,0,1,0,0,차대차 - 기타,안전운전불이행,건조,맑음,교차로 - 교차로횡단보도내,승합,남,55세,상해없음,자전거,남,25세,중상
2020071600100149,2020년 7월 16일 09시,목요일,인천광역시 서구 가좌동,중상사고,0,1,1,0,차대차 - 측면충돌,안전운전불이행,건조,맑음,교차로 - 교차로안,승용,남,70세,경상,승합,남,31세,중상
2020071600100150,2020년 7월 16일 09시,목요일,인천광역시 서구 검암동,경상사고,0,0,1,0,차대차 - 추돌,안전운전불이행,건조,맑음,교차로 - 교차로부근,승용,여,49세,상해없음,승용,남,45세,경상
2020071600100151,2020년 7월 16일 09시,목요일,인천광역시 서구 연희동,경상사고,0,0,1,0,차대차 - 측면충돌,안전운전불이행,건조,맑음,교차로 - 교차로안,승용,남,29세,상해없음,승용,여,32세,경상
2020071600100152,2020년 7월 16일 09시,목요일,인천광역시 부평구 삼산동,경상사고,0,0,2,0,차대차 - 측면충돌,안전운전불이행,건조,맑음,단일로 - 기타,승용,여,38세,기타불명,승용,남,61세,상해없음
2020071600100196,2020년 7월 16일 10시,목요일,인천광역시 미추홀구 용현동,경상사고,0,0,1,0,차대차 - 측면충돌,안전운전불이행,건조,맑음,교차로 - 교차로부근,승용,여,37세,상해없음,승용,남,69세,경상
2020071600100197,2020년 7월 16일 10시,목요일,인천광역시 서구 가정동,경상사고,0,0,1,0,차대차 - 후진중충돌,안전운전불이행,건조,맑음,교차로 - 교차로부근,승용,여,46세,상해없음,승용,남,25세,경상
2020071600100335,2020년 7월 16일 14시,목요일,인천광역시 서구 왕길동,경상사고,0,0,1,0,차대차 - 측면충돌,안전운전불이행,건조,맑음,단일로 - 기타,승용,남,22세,상해없음,이륜,남,24세,경상
2020071600100376,2020년 7월 16일 15시,목요일,인천광역시 동구 송림동,경상사고,0,0,2,0,차대차 - 측면충돌,차로위반,건조,맑음,단일로 - 기타,승용,여,56세,경상,화물,남,61세,상해없음
2020071600100377,2020년 7월 16일 15시,목요일,인천광역시 남동구 간석동,중상사고,0,1,0,0,차대차 - 측면충돌,안전거리미확보,건조,맑음,단일로 - 기타,승합,남,58세,상해없음,승용,남,30세,중상
2020071600100418,2020년 7월 16일 16시,목요일,인천광역시 중구 운서동,경상사고,0,0,1,0,차대차 - 기타,안전운전불이행,건조,맑음,단일로 - 기타,승용,남,43세,상해없음,승용,남,57세,경상
2020071600100419,2020년 7월 16일 16시,목요일,인천광역시 미추홀구 주안동,경상사고,0,0,1,0,차대차 - 측면충돌,신호위반,건조,맑음,단일로 - 기타,승용,남,78세,상해없음,승용,남,31세,경상
2020071600100469,2020년 7월 16일 17시,목요일,인천광역시 중구 운서동,경상사고,0,0,2,0,차대차 - 측면충돌,교차로운행방법위반,건조,맑음,교차로 - 교차로안,승용,여,52세,경상,승용,남,68세,경상
2020071600100470,2020년 7월 16일 17시,목요일,인천광역시 남동구 간석동,경상사고,0,0,2,0,차대차 - 정면충돌,안전운전불이행,건조,맑음,단일로 - 기타,승용,남,57세,상해없음,승합,남,49세,경상
2020071600100527,2020년 7월 16일 18시,목요일,인천광역시 미추홀구 주안동,경상사고,0,0,1,0,차량단독 - 기타,안전운전불이행,건조,맑음,단일로 - 기타,승합,남,55세,상해없음,,,,
2020071600100528,2020년 7월 16일 18시,목요일,인천광역시 남동구 간석동,경상사고,0,0,2,0,차대차 - 측면충돌,안전운전불이행,건조,맑음,교차로 - 교차로안,승용,남,55세,상해없음,승용,남,25세,경상
2020071600100529,2020년 7월 16일 18시,목요일,인천광역시 서구 마전동,경상사고,0,0,1,0,차대사람 - 길가장자리구역통행중,안전운전불이행,건조,맑음,단일로 - 기타,승용,여,46세,상해없음,보행자,남,47세,경상
2020071600100530,2020년 7월 16일 18시,목요일,인천광역시 계양구 작전동,경상사고,0,0,1,0,차대차 - 추돌,안전운전불이행,건조,맑음,단일로 - 기타,승용,남,26세,상해없음,승용,남,41세,경상
2020071600100584,2020년 7월 16일 20시,목요일,인천광역시 연수구 연수동,경상사고,0,0,2,0,차대차 - 추돌,안전거리미확보,건조,맑음,교차로 - 교차로횡단보도내,승용,남,65세,상해없음,승용,남,53세,경상
2020071600100613,2020년 7월 16일 21시,목요일,인천광역시 계양구 병방동,경상사고,0,0,1,0,차대사람 - 기타,신호위반,건조,맑음,교차로 - 교차로안,승용,여,31세,상해없음,보행자,남,48세,경상
2020071600100614,2020년 7월 16일 21시,목요일,인천광역시 연수구 송도동,경상사고,0,0,1,0,차대사람 - 기타,보행자보호의무위반,건조,맑음,단일로 - 기타,자전거,남,13세,상해없음,보행자,여,51세,경상
2020071600100615,2020년 7월 16일 21시,목요일,인천광역시 부평구 부평동,부상신고사고,0,0,0,1,차대사람 - 길가장자리구역통행중,안전운전불이행,건조,기타,교차로 - 교차로부근,승용,남,53세,상해없음,보행자,남,60세,부상신고
2020071600100645,2020년 7월 16일 22시,목요일,인천광역시 미추홀구 주안동,경상사고,0,0,2,0,차대차 - 측면충돌,안전운전불이행,건조,맑음,교차로 - 교차로부근,승용,남,41세,상해없음,승용,남,34세,경상
2020071700100010,2020년 7월 17일 00시,금요일,인천광역시 계양구 임학동,사망사고,1,0,0,0,차대사람 - 기타,안전운전불이행,건조,맑음,교차로 - 교차로안,승용,남,49세,상해없음,보행자,남,53세,사망
2020071700100079,2020년 7월 17일 07시,금요일,인천광역시 서구 가정동,경상사고,0,0,2,0,차대차 - 추돌,안전운전불이행,건조,맑음,교차로 - 교차로안,승용,여,42세,경상,승용,남,19세,경상
2020071700100113,2020년 7월 17일 08시,금요일,인천광역시 남동구 구월동,경상사고,0,0,2,1,차대차 - 기타,기타,건조,맑음,교차로 - 교차로안,승용,남,48세,부상신고,승용,남,31세,경상
2020071700100200,2020년 7월 17일 11시,금요일,인천광역시 미추홀구 학익동,경상사고,0,0,1,0,차대차 - 측면충돌,안전운전불이행,건조,맑음,단일로 - 기타,승용,남,82세,상해없음,승용,남,35세,경상
2020071700100239,2020년 7월 17일 12시,금요일,인천광역시 부평구 부평동,경상사고,0,0,1,0,차대사람 - 기타,안전운전불이행,건조,맑음,단일로 - 기타,승용,여,48세,상해없음,보행자,여,24세,경상
2020071700100280,2020년 7월 17일 13시,금요일,인천광역시 서구 청라동,경상사고,0,0,3,0,차대차 - 추돌,안전운전불이행,건조,맑음,교차로 - 교차로부근,승용,남,28세,경상,특수,남,47세,경상
2020071700100282,2020년 7월 17일 13시,금요일,인천광역시 남동구 만수동,경상사고,0,0,1,1,차대차 - 측면충돌,안전거리미확보,건조,맑음,단일로 - 기타,승용,남,49세,상해없음,화물,남,59세,경상
2020071700100356,2020년 7월 17일 15시,금요일,인천광역시 서구 청라동,경상사고,0,0,5,0,차대차 - 기타,안전운전불이행,건조,맑음,단일로 - 기타,화물,남,41세,상해없음,승용,남,26세,경상
2020071700100411,2020년 7월 17일 16시,금요일,인천광역시 부평구 십정동,중상사고,0,1,2,0,차대차 - 정면충돌,신호위반,건조,맑음,교차로 - 교차로안,화물,남,60세,경상,승용,남,58세,경상
2020071700100412,2020년 7월 17일 16시,금요일,인천광역시 남동구 구월동,경상사고,0,0,1,0,차대차 - 기타,기타,건조,맑음,기타 - 기타,승용,여,65세,상해없음,자전거,남,38세,경상
2020071700100413,2020년 7월 17일 16시,금요일,인천광역시 서구 청라동,경상사고,0,0,2,0,차대차 - 추돌,안전운전불이행,건조,맑음,기타 - 기타,승용,남,63세,상해없음,승용,여,41세,경상
2020071700100475,2020년 7월 17일 17시,금요일,인천광역시 계양구 병방동,경상사고,0,0,1,0,차대차 - 추돌,안전운전불이행,건조,맑음,단일로 - 기타,승용,남,25세,상해없음,화물,남,53세,경상
2020071700100528,2020년 7월 17일 18시,금요일,인천광역시 부평구 십정동,경상사고,0,0,1,0,차대사람 - 보도통행중,안전운전불이행,건조,맑음,단일로 - 기타,승용,남,57세,상해없음,보행자,남,43세,경상
2020071700100529,2020년 7월 17일 18시,금요일,인천광역시 연수구 연수동,경상사고,0,0,1,0,차대사람 - 횡단중,보행자보호의무위반,건조,맑음,교차로 - 교차로횡단보도내,자전거,남,53세,상해없음,보행자,여,59세,경상
2020071700100573,2020년 7월 17일 19시,금요일,인천광역시 미추홀구 도화동,경상사고,0,0,1,0,차대차 - 측면충돌,교차로운행방법위반,건조,맑음,교차로 - 교차로안,승용,남,27세,상해없음,승합,남,59세,경상
2020071700100574,2020년 7월 17일 19시,금요일,인천광역시 남동구 구월동,경상사고,0,0,5,0,차대차 - 측면충돌,안전거리미확보,건조,맑음,단일로 - 기타,승용,여,40세,상해없음,승용,남,21세,경상