사고번호,사고일시,요일,시군구,사고내용,사망자수,중상자수,경상자수,부상신고자수,사고유형,법규위반,노면상태,기상상태,도로형태,가해운전자 차종,가해운전자 성별,가해운전자 연령,가해운전자 상해정도,피해운전자 차종,피해운전자 성별,피해운전자 연령,피해운전자 상해정도
2020071700100575,2020년 7월 17일 19시,금요일,인천광역시 서구 연희동,경상사고,0,0,2,0,차대차 - 측면충돌,안전운전불이행,건조,맑음,교차로 - 교차로안,승용,남,77세,상해없음,자전거,여,34세,경상
2020071700100619,2020년 7월 17일 20시,금요일,인천광역시 강화군 강화읍,경상사고,0,0,1,0,차대차 - 측면충돌,안전운전불이행,건조,흐림,교차로 - 교차로안,승용,남,38세,상해없음,승용,남,79세,경상
2020071700100653,2020년 7월 17일 21시,금요일,인천광역시 계양구 작전동,중상사고,0,2,0,0,차대차 - 측면충돌,신호위반,건조,맑음,교차로 - 교차로부근,승용,여,54세,상해없음,승용,여,37세,중상
2020071700100654,2020년 7월 17일 21시,금요일,인천광역시 연수구 송도동,경상사고,0,0,1,0,차대차 - 측면충돌,기타,건조,맑음,교차로 - 교차로안,승용,남,34세,경상,승용,남,44세,상해없음
2020071700100655,2020년 7월 17일 21시,금요일,인천광역시 연수구 선학동,경상사고,0,0,3,0,차대차 - 기타,안전거리미확보,건조,맑음,단일로 - 기타,승용,남,60세,상해없음,승용,남,53세,경상
2020071700100707,2020년 7월 17일 23시,금요일,인천광역시 남동구 구월동,중상사고,0,1,0,0,차대차 - 추돌,안전운전불이행,건조,맑음,단일로 - 기타,승용,여,36세,상해없음,승용,남,54세,상해없음
2020071800100012,2020년 7월 18일 00시,토요일,인천광역시 미추홀구 숭의동,경상사고,0,0,1,0,차대사람 - 기타,안전운전불이행,건조,맑음,단일로 - 기타,기타불명,기타불명,미분류,기타불명,보행자,남,56세,경상
2020071800100013,2020년 7월 18일 00시,토요일,인천광역시 남동구 구월동,중상사고,0,1,2,0,차대차 - 측면충돌,안전운전불이행,건조,맑음,단일로 - 기타,승용,남,55세,상해없음,승용,여,47세,상해없음
2020071800100024,2020년 7월 18일 01시,토요일,인천광역시 남동구 서창동,중상사고,0,1,0,0,차대차 - 측면충돌,안전운전불이행,건조,맑음,단일로 - 기타,승용,여,39세,상해없음,승용,여,38세,중상
2020071800100025,2020년 7월 18일 01시,토요일,인천광역시 서구 가정동,경상사고,0,0,2,0,차대차 - 측면충돌,안전운전불이행,건조,맑음,단일로 - 기타,승용,남,31세,상해없음,화물,남,51세,경상
2020071800100051,2020년 7월 18일 03시,토요일,인천광역시 연수구 송도동,중상사고,0,1,0,0,차대사람 - 기타,기타,건조,맑음,단일로 - 기타,승용,남,21세,상해없음,보행자,여,19세,중상
2020071800100162,2020년 7월 18일 10시,토요일,인천광역시 부평구 십정동,경상사고,0,0,2,0,차대차 - 추돌,안전운전불이행,건조,맑음,교차로 - 교차로안,승용,남,52세,상해없음,승용,남,46세,경상
2020071800100197,2020년 7월 18일 11시,토요일,인천광역시 남동구 간석동,부상신고사고,0,0,0,1,차량단독 - 기타,안전운전불이행,건조,흐림,단일로 - 기타,기타불명,기타불명,미분류,기타불명,,,,
2020071800100281,2020년 7월 18일 13시,토요일,인천광역시 미추홀구 주안동,경상사고,0,0,1,0,차량단독 - 기타,안전운전불이행,건조,맑음,단일로 - 기타,이륜,남,45세,경상,,,,
2020071800100330,2020년 7월 18일 14시,토요일,인천광역시 동구 송림동,경상사고,0,0,1,0,차대차 - 기타,안전운전불이행,건조,맑음,단일로 - 기타,승용,남,69세,상해없음,승용,남,59세,경상
2020071800100331,2020년 7월 18일 14시,토요일,인천광역시 중구 신흥동3가,경상사고,0,0,1,0,차대차 - 추돌,안전운전불이행,건조,맑음,교차로 - 교차로안,승용,남,32세,상해없음,화물,남,36세,경상
2020071800100372,2020년 7월 18일 15시,토요일,인천광역시 남동구 남촌동,경상사고,0,0,1,0,차대차 - 추돌,안전거리미확보,건조,맑음,교차로 - 교차로부근,화물,남,48세,상해없음,승용,여,59세,경상
2020071800100405,2020년 7월 18일 16시,토요일,인천광역시 중구 운남동,경상사고,0,0,1,0,차대차 - 측면충돌,신호위반,건조,맑음,교차로 - 교차로안,건설기계,남,58세,상해없음,승용,여,32세,경상
2020071800100446,2020년 7월 18일 17시,토요일,인천광역시 중구 중산동,중상사고,0,1,0,0,차대차 - 기타,안전거리미확보,건조,맑음,단일로 - 기타,승용,남,59세,상해없음,이륜,남,42세,중상
2020071800100478,2020년 7월 18일 18시,토요일,인천광역시 부평구 십정동,경상사고,0,0,1,0,차대사람 - 기타,안전운전불이행,건조,맑음,단일로 - 기타,승용,여,29세,기타불명,보행자,남,43세,경상
2020071800100479,2020년 7월 18일 18시,토요일,인천광역시 부평구 부개동,경상사고,0,0,1,0,차대차 - 정면충돌,신호위반,건조,맑음,교차로 - 교차로안,승용,여,52세,상해없음,이륜,남,49세,경상
2020071800100509,2020년 7월 18일 19시,토요일,인천광역시 미추홀구 용현동,경상사고,0,0,1,0,차대차 - 정면충돌,안전운전불이행,건조,맑음,교차로 - 교차로부근,승합,남,64세,상해없음,화물,남,67세,경상
2020071800100510,2020년 7월 18일 19시,토요일,인천광역시 남동구 만수동,경상사고,0,0,1,0,차대차 - 추돌,안전운전불이행,건조,맑음,단일로 - 기타,승용,남,51세,상해없음,승용,여,39세,경상
2020071800100543,2020년 7월 18일 20시,토요일,인천광역시 계양구 장기동,부상신고사고,0,0,0,1,차대차 - 정면충돌,안전운전불이행,건조,맑음,단일로 - 기타,기타불명,기타불명,미분류,기타불명,자전거,여,11세,부상신고
2020071800100629,2020년 7월 18일 23시,토요일,인천광역시 남동구 구월동,경상사고,0,0,1,0,차대차 - 기타,기타,건조,맑음,교차로 - 교차로안,승용,남,68세,상해없음,이륜,남,40세,경상
2020071900100063,2020년 7월 19일 04시,일요일,인천광역시 부평구 부평동,경상사고,0,0,1,0,차대사람 - 횡단중,안전운전불이행,건조,맑음,교차로 - 교차로안,승용,남,21세,상해없음,보행자,남,23세,경상
2020071900100071,2020년 7월 19일 05시,일요일,인천광역시 남동구 구월동,중상사고,0,1,0,0,차량단독 - 기타,안전운전불이행,젖음/습기,맑음,단일로 - 기타,이륜,남,21세,상해없음,,,,
2020071900100107,2020년 7월 19일 09시,일요일,인천광역시 서구 가정동,경상사고,0,0,1,0,차대차 - 측면충돌,안전운전불이행,젖음/습기,비,교차로 - 교차로안,승용,남,34세,상해없음,승용,남,49세,경상
2020071900100124,2020년 7월 19일 10시,일요일,인천광역시 미추홀구 주안동,경상사고,0,0,7,0,차대차 - 추돌,안전운전불이행,건조,맑음,단일로 - 기타,승용,남,51세,상해없음,승용,남,33세,경상
2020071900100125,2020년 7월 19일 10시,일요일,인천광역시 계양구 효성동,부상신고사고,0,0,0,1,차대차 - 측면충돌,교차로운행방법위반,젖음/습기,흐림,교차로 - 교차로안,승용,남,44세,상해없음,승용,남,65세,부상신고
2020071900100144,2020년 7월 19일 11시,일요일,인천광역시 미추홀구 관교동,경상사고,0,0,1,0,차대차 - 추돌,안전운전불이행,건조,흐림,교차로 - 교차로부근,승용,남,37세,상해없음,승용,남,59세,경상
2020071900100327,2020년 7월 19일 18시,일요일,인천광역시 미추홀구 숭의동,경상사고,0,0,1,0,차대사람 - 보도통행중,기타,건조,맑음,교차로 - 교차로부근,승용,남,23세,상해없음,보행자,여,66세,경상
2020071900100400,2020년 7월 19일 21시,일요일,인천광역시 부평구 부평동,중상사고,0,1,0,0,차대차 - 추돌,안전거리미확보,건조,맑음,단일로 - 기타,승용,남,62세,상해없음,이륜,남,28세,중상
2020071900100401,2020년 7월 19일 21시,일요일,인천광역시 남동구 논현동,경상사고,0,0,2,0,차대차 - 측면충돌,안전운전불이행,건조,흐림,단일로 - 기타,이륜,남,41세,경상,이륜,남,26세,경상
2020071900100430,2020년 7월 19일 23시,일요일,인천광역시 부평구 청천동,경상사고,0,0,1,0,차대차 - 추돌,안전운전불이행,젖음/습기,비,교차로 - 교차로부근,승용,남,36세,상해없음,승용,남,59세,경상
2020072000100067,2020년 7월 20일 07시,월요일,인천광역시 서구 공촌동,경상사고,0,0,1,0,차대사람 - 기타,신호위반,건조,맑음,단일로 - 지하차도(도로)내,이륜,남,29세,상해없음,보행자,여,44세,경상
2020072000100068,2020년 7월 20일 07시,월요일,인천광역시 서구 왕길동,경상사고,0,0,1,0,차대차 - 측면충돌,신호위반,건조,맑음,교차로 - 교차로안,건설기계,남,65세,상해없음,화물,여,68세,경상
2020072000100116,2020년 7월 20일 08시,월요일,인천광역시 미추홀구 학익동,경상사고,0,0,1,0,차대차 - 측면충돌,안전운전불이행,젖음/습기,비,단일로 - 기타,승용,남,60세,상해없음,승용,여,48세,경상
2020072000100117,2020년 7월 20일 08시,월요일,인천광역시 부평구 부평동,중상사고,0,1,0,0,차대사람 - 횡단중,기타,젖음/습기,비,교차로 - 교차로부근,승용,남,81세,상해없음,보행자,여,35세,중상
2020072000100145,2020년 7월 20일 09시,월요일,인천광역시 남동구 논현동,경상사고,0,0,1,1,차대차 - 측면충돌,안전운전불이행,젖음/습기,비,단일로 - 기타,승용,남,31세,부상신고,화물,남,62세,경상
2020072000100171,2020년 7월 20일 10시,월요일,인천광역시 서구 가좌동,경상사고,0,0,2,0,차대차 - 추돌,안전운전불이행,건조,맑음,교차로 - 교차로부근,승용,남,30세,상해없음,승용,남,29세,경상
2020072000100172,2020년 7월 20일 10시,월요일,인천광역시 남동구 고잔동,경상사고,0,0,1,0,차대차 - 측면충돌,신호위반,건조,흐림,교차로 - 교차로안,특수,남,46세,상해없음,승용,남,60세,경상
2020072000100203,2020년 7월 20일 11시,월요일,인천광역시 서구 석남동,경상사고,0,0,1,0,차대차 - 기타,안전운전불이행,건조,맑음,교차로 - 교차로안,승용,남,68세,상해없음,화물,남,38세,경상
2020072000100262,2020년 7월 20일 13시,월요일,인천광역시 계양구 박촌동,중상사고,0,1,0,0,차량단독 - 기타,안전운전불이행,건조,맑음,단일로 - 기타,승합,남,49세,상해없음,,,,
2020072000100296,2020년 7월 20일 14시,월요일,인천광역시 남동구 구월동,중상사고,0,1,1,0,차대차 - 측면충돌,신호위반,건조,맑음,단일로 - 기타,화물,남,42세,상해없음,승용,남,62세,경상
2020072000100297,2020년 7월 20일 14시,월요일,인천광역시 서구 가좌동,경상사고,0,0,1,0,차대사람 - 기타,기타,건조,맑음,단일로 - 기타,화물,남,59세,상해없음,보행자,남,60세,경상
2020072000100321,2020년 7월 20일 15시,월요일,인천광역시 서구 가좌동,경상사고,0,0,2,0,차대차 - 정면충돌,안전운전불이행,건조,맑음,교차로 - 교차로안,승용,여,48세,경상,승용,여,63세,경상
2020072000100322,2020년 7월 20일 15시,월요일,인천광역시 부평구 부평동,부상신고사고,0,0,0,1,차대차 - 기타,신호위반,건조,맑음,교차로 - 교차로횡단보도내,이륜,남,19세,부상신고,승용,여,52세,상해없음
2020072000100393,2020년 7월 20일 17시,월요일,인천광역시 서구 청라동,경상사고,0,0,1,0,차대차 - 기타,안전운전불이행,건조,맑음,단일로 - 기타,승용,남,49세,상해없음,승용,여,32세,경상
2020072000100394,2020년 7월 20일 17시,월요일,인천광역시 서구 검암동,경상사고,0,0,1,0,차대차 - 추돌,교차로운행방법위반,건조,맑음,교차로 - 교차로안,승용,남,69세,상해없음,승용,남,29세,경상
2020072000100395,2020년 7월 20일 17시,월요일,인천광역시 연수구 선학동,중상사고,0,1,0,0,차대차 - 추돌,안전운전불이행,건조,맑음,단일로 - 기타,승용,남,26세,상해없음,승용,남,53세,중상
2020072000100433,2020년 7월 20일 18시,월요일,인천광역시 부평구 부평동,경상사고,0,0,1,0,차대사람 - 횡단중,안전운전불이행,건조,맑음,단일로 - 기타,이륜,남,18세,상해없음,보행자,남,62세,경상
2020072000100434,2020년 7월 20일 18시,월요일,인천광역시 남동구 만수동,경상사고,0,0,1,0,차대차 - 기타,중앙선침범,건조,맑음,단일로 - 기타,기타불명,기타불명,미분류,기타불명,승용,남,51세,경상
2020072000100513,2020년 7월 20일 21시,월요일,인천광역시 미추홀구 주안동,경상사고,0,0,1,0,차대사람 - 기타,안전운전불이행,건조,맑음,기타 - 기타,승용,남,55세,상해없음,보행자,남,57세,경상
2020072100100048,2020년 7월 21일 03시,화요일,인천광역시 미추홀구 주안동,부상신고사고,0,0,0,1,차대차 - 측면충돌,안전운전불이행,건조,맑음,단일로 - 기타,승용,남,47세,상해없음,승용,남,61세,부상신고
2020072100100049,2020년 7월 21일 03시,화요일,인천광역시 연수구 옥련동,경상사고,0,0,2,0,차대차 - 측면충돌,중앙선침범,건조,맑음,단일로 - 기타,승용,남,42세,상해없음,승용,남,60세,경상
2020072100100076,2020년 7월 21일 06시,화요일,인천광역시 서구 가좌동,경상사고,0,0,1,0,차대차 - 기타,안전운전불이행,건조,맑음,단일로 - 기타,승용,남,58세,상해없음,승합,남,63세,경상
2020072100100121,2020년 7월 21일 08시,화요일,인천광역시 남동구 간석동,경상사고,0,0,2,0,차대차 - 측면충돌,신호위반,건조,흐림,교차로 - 교차로안,화물,남,41세,상해없음,승용,여,40세,경상
2020072100100177,2020년 7월 21일 10시,화요일,인천광역시 미추홀구 관교동,경상사고,0,0,1,0,차대사람 - 횡단중,신호위반,건조,맑음,교차로 - 교차로안,승용,남,70세,상해없음,보행자,여,38세,경상
2020072100100178,2020년 7월 21일 10시,화요일,인천광역시 남동구 구월동,경상사고,0,0,3,0,차대차 - 기타,기타,건조,맑음,교차로 - 교차로안,이륜,남,51세,경상,승용,남,60세,경상
2020072100100179,2020년 7월 21일 10시,화요일,인천광역시 서구 원창동,경상사고,0,0,1,0,차대차 - 측면충돌,신호위반,건조,맑음,교차로 - 교차로부근,승용,여,24세,상해없음,승용,여,45세,경상
2020072100100180,2020년 7월 21일 10시,화요일,인천광역시 남동구 만수동,중상사고,0,1,0,0,차대차 - 측면충돌,신호위반,건조,맑음,교차로 - 교차로횡단보도내,이륜,여,36세,상해없음,자전거,남,66세,중상
2020072100100227,2020년 7월 21일 11시,화요일,인천광역시 남동구 논현동,중상사고,0,1,0,0,차대차 - 측면충돌,신호위반,건조,맑음,교차로 - 교차로안,이륜,남,27세,상해없음,자전거,여,24세,중상
2020072100100295,2020년 7월 21일 13시,화요일,인천광역시 미추홀구 숭의동,중상사고,0,1,0,0,차대사람 - 차도통행중,안전운전불이행,건조,맑음,단일로 - 기타,화물,남,61세,상해없음,보행자,여,89세,중상
2020072100100332,2020년 7월 21일 14시,화요일,인천광역시 중구 신흥동3가,경상사고,0,0,1,0,차대차 - 측면충돌,신호위반,건조,맑음,교차로 - 교차로안,승용,남,39세,상해없음,승용,남,55세,경상
2020072100100333,2020년 7월 21일 14시,화요일,인천광역시 서구 경서동,경상사고,0,0,1,0,차대차 - 측면충돌,안전거리미확보,건조,맑음,단일로 - 교량,화물,남,60세,상해없음,화물,남,44세,경상
2020072100100439,2020년 7월 21일 17시,화요일,인천광역시 부평구 청천동,경상사고,0,0,1,0,차대차 - 측면충돌,안전운전불이행,건조,맑음,단일로 - 기타,화물,남,50세,상해없음,이륜,남,39세,경상
2020072100100440,2020년 7월 21일 17시,화요일,인천광역시 서구 청라동,경상사고,0,0,1,0,차대차 - 측면충돌,안전운전불이행,건조,흐림,교차로 - 교차로안,승용,남,51세,상해없음,승용,남,46세,경상
2020072100100441,2020년 7월 21일 17시,화요일,인천광역시 계양구 둑실동,중상사고,0,1,0,0,차대차 - 측면충돌,안전운전불이행,건조,맑음,단일로 - 기타,승용,남,67세,상해없음,원동기,남,39세,중상
2020072100100442,2020년 7월 21일 17시,화요일,인천광역시 계양구 효성동,경상사고,0,0,5,0,차대차 - 측면충돌,안전거리미확보,건조,맑음,교차로 - 교차로부근,승용,남,43세,상해없음,승용,남,21세,경상
2020072100100443,2020년 7월 21일 17시,화요일,인천광역시 연수구 송도동,경상사고,0,0,2,0,차대차 - 측면충돌,기타,건조,맑음,교차로 - 교차로안,승용,여,56세,상해없음,승용,여,28세,경상
2020072100100492,2020년 7월 21일 18시,화요일,인천광역시 서구 석남동,경상사고,0,0,1,0,차대사람 - 차도통행중,안전운전불이행,건조,맑음,단일로 - 기타,승용,여,51세,상해없음,보행자,여,59세,경상
2020072100100493,2020년 7월 21일 18시,화요일,인천광역시 연수구 동춘동,중상사고,0,1,0,0,차대사람 - 횡단중,안전운전불이행,건조,맑음,교차로 - 교차로횡단보도내,승용,남,24세,상해없음,보행자,여,7세,중상
2020072100100601,2020년 7월 21일 22시,화요일,인천광역시 연수구 청학동,중상사고,0,1,2,0,차대차 - 추돌,안전운전불이행,건조,맑음,교차로 - 교차로부근,승용,여,54세,상해없음,승용,남,69세,경상
2020072100100627,2020년 7월 21일 23시,화요일,인천광역시 부평구 일신동,중상사고,0,1,0,0,차대차 - 추돌,안전운전불이행,건조,맑음,단일로 - 교량,승용,남,46세,상해없음,승용,남,28세,중상
2020072200100010,2020년 7월 22일 00시,수요일,인천광역시 남동구 간석동,경상사고,0,0,4,0,차대차 - 추돌,안전운전불이행,건조,맑음,교차로 - 교차로부근,승용,남,48세,상해없음,승용,여,29세,경상
2020072200100011,2020년 7월 22일 00시,수요일,인천광역시 서구 석남동,경상사고,0,0,1,0,차대차 - 측면충돌,안전거리미확보,건조,맑음,단일로 - 기타,이륜,남,34세,경상,승용,여,58세,상해없음
2020072200100063,2020년 7월 22일 05시,수요일,인천광역시 남동구 운연동,중상사고,0,2,1,0,차대차 - 측면충돌,신호위반,건조,흐림,교차로 - 교차로안,승용,남,72세,경상,승용,남,35세,중상
2020072200100078,2020년 7월 22일 06시,수요일,인천광역시 옹진군 영흥면,중상사고,0,1,1,0,차량단독 - 도로외이탈 - 추락,불법유턴,젖음/습기,흐림,기타 - 기타,화물,남,70세,상해없음,,,,
2020072200100079,2020년 7월 22일 06시,수요일,인천광역시 서구 가정동,경상사고,0,0,1,0,차대사람 - 횡단중,안전운전불이행,건조,맑음,교차로 - 교차로안,승용,남,48세,상해없음,보행자,남,57세,경상
2020072200100104,2020년 7월 22일 07시,수요일,인천광역시 남동구 장수동,경상사고,0,0,2,0,차대차 - 측면충돌,차로위반,젖음/습기,비,단일로 - 교량,승용,여,37세,상해없음,특수,남,31세,경상
2020072200100144,2020년 7월 22일 08시,수요일,인천광역시 미추홀구 도화동,경상사고,0,0,1,0,차대차 - 측면충돌,안전운전불이행,젖음/습기,비,단일로 - 기타,승용,남,69세,상해없음,승용,여,54세,경상
2020072200100146,2020년 7월 22일 08시,수요일,인천광역시 연수구 연수동,경상사고,0,0,1,0,차대차 - 추돌,안전운전불이행,건조,맑음,단일로 - 기타,승용,여,52세,상해없음,승용,남,44세,경상
2020072200100187,2020년 7월 22일 09시,수요일,인천광역시 서구 가정동,경상사고,0,0,1,0,차대차 - 측면충돌,안전운전불이행,젖음/습기,비,단일로 - 기타,승용,남,24세,상해없음,화물,남,37세,경상
2020072200100188,2020년 7월 22일 09시,수요일,인천광역시 서구 가정동,중상사고,0,1,1,0,차대차 - 추돌,안전운전불이행,젖음/습기,비,교차로 - 교차로부근,승용,남,33세,경상,승용,남,42세,중상
2020072200100189,2020년 7월 22일 09시,수요일,인천광역시 남동구 만수동,경상사고,0,0,1,0,차대차 - 후진중충돌,안전운전불이행,건조,맑음,교차로 - 교차로부근,승용,여,59세,상해없음,승용,남,27세,경상
2020072200100190,2020년 7월 22일 09시,수요일,인천광역시 남동구 운연동,경상사고,0,0,1,0,차대차 - 측면충돌,안전운전불이행,젖음/습기,비,교차로 - 교차로부근,화물,남,45세,상해없음,승용,남,27세,경상
2020072200100218,2020년 7월 22일 10시,수요일,인천광역시 남동구 간석동,경상사고,0,0,1,0,차대차 - 추돌,안전운전불이행,젖음/습기,비,교차로 - 교차로안,승용,남,34세,상해없음,화물,남,23세,경상
2020072200100258,2020년 7월 22일 11시,수요일,인천광역시 미추홀구 주안동,경상사고,0,0,1,0,차대차 - 기타,안전운전불이행,건조,흐림,단일로 - 기타,승용,남,29세,상해없음,승용,여,55세,경상
2020072200100259,2020년 7월 22일 11시,수요일,인천광역시 계양구 작전동,중상사고,0,1,0,0,차대사람 - 횡단중,안전운전불이행,젖음/습기,비,단일로 - 기타,화물,남,41세,상해없음,보행자,여,50세,중상
2020072200100287,2020년 7월 22일 12시,수요일,인천광역시 미추홀구 숭의동,경상사고,0,0,1,0,차대차 - 기타,안전운전불이행,젖음/습기,비,교차로 - 교차로안,승용,남,30세,상해없음,이륜,남,59세,경상
2020072200100311,2020년 7월 22일 13시,수요일,인천광역시 부평구 청천동,경상사고,0,0,1,0,차대차 - 측면충돌,안전운전불이행,건조,맑음,교차로 - 교차로부근,승용,남,65세,상해없음,이륜,남,41세,경상
2020072200100312,2020년 7월 22일 13시,수요일,인천광역시 연수구 선학동,경상사고,0,0,1,0,차대차 - 측면충돌,신호위반,젖음/습기,비,교차로 - 교차로부근,승용,여,50세,상해없음,승용,여,54세,경상
2020072200100313,2020년 7월 22일 13시,수요일,인천광역시 남동구 논현동,경상사고,0,0,1,0,차대차 - 추돌,안전운전불이행,젖음/습기,비,교차로 - 교차로부근,승용,여,62세,상해없음,승용,여,49세,경상
2020072200100343,2020년 7월 22일 14시,수요일,인천광역시 계양구 계산동,경상사고,0,0,1,0,차대차 - 후진중충돌,안전운전불이행,건조,맑음,단일로 - 기타,승용,여,51세,상해없음,승용,남,63세,경상
2020072200100344,2020년 7월 22일 14시,수요일,인천광역시 동구 송현동,중상사고,0,1,0,0,차대차 - 측면충돌,안전거리미확보,젖음/습기,비,단일로 - 교량,화물,남,71세,기타불명,승용,여,34세,중상
2020072200100385,2020년 7월 22일 15시,수요일,인천광역시 서구 연희동,경상사고,0,0,1,0,차대차 - 추돌,안전운전불이행,젖음/습기,비,교차로 - 교차로안,이륜,남,80세,상해없음,승용,남,40세,경상
2020072200100410,2020년 7월 22일 16시,수요일,인천광역시 미추홀구 주안동,경상사고,0,0,2,0,차대차 - 측면충돌,안전운전불이행,건조,맑음,단일로 - 기타,승용,남,62세,상해없음,승용,남,46세,경상
2020072200100411,2020년 7월 22일 16시,수요일,인천광역시 서구 연희동,경상사고,0,0,1,0,차대차 - 추돌,안전운전불이행,건조,맑음,단일로 - 기타,이륜,남,25세,상해없음,승용,남,21세,경상
2020072200100458,2020년 7월 22일 17시,수요일,인천광역시 미추홀구 학익동,경상사고,0,0,1,0,차대차 - 추돌,안전운전불이행,젖음/습기,기타,단일로 - 기타,승용,남,57세,기타불명,승용,남,42세,경상
2020072200100459,2020년 7월 22일 17시,수요일,인천광역시 서구 가좌동,중상사고,0,1,1,0,차대차 - 추돌,안전거리미확보,건조,맑음,단일로 - 기타,이륜,남,67세,중상,승용,여,37세,경상
2020072200100460,2020년 7월 22일 17시,수요일,인천광역시 연수구 송도동,중상사고,0,1,0,0,차대차 - 측면충돌,중앙선침범,젖음/습기,비,단일로 - 기타,승용,여,33세,상해없음,승용,남,49세,중상
2020072200100461,2020년 7월 22일 17시,수요일,인천광역시 남동구 논현동,부상신고사고,0,0,0,1,차대사람 - 길가장자리구역통행중,안전운전불이행,건조,맑음,단일로 - 기타,승용,여,49세,상해없음,보행자,여,32세,부상신고
2020072200100506,2020년 7월 22일 18시,수요일,인천광역시 미추홀구 용현동,경상사고,0,0,2,0,차대차 - 추돌,안전운전불이행,젖음/습기,비,교차로 - 교차로부근,승용,남,48세,상해없음,승용,남,35세,경상
2020072200100551,2020년 7월 22일 19시,수요일,인천광역시 계양구 계산동,경상사고,0,0,1,0,차대사람 - 차도통행중,안전운전불이행,건조,맑음,교차로 - 교차로부근,승용,남,57세,상해없음,보행자,남,37세,경상
2020072200100612,2020년 7월 22일 21시,수요일,인천광역시 서구 마전동,중상사고,0,1,1,0,차대차 - 기타,중앙선침범,건조,흐림,교차로 - 교차로안,승용,남,39세,경상,승용,남,44세,중상
2020072200100613,2020년 7월 22일 21시,수요일,인천광역시 계양구 효성동,경상사고,0,0,1,0,차대사람 - 횡단중,보행자보호의무위반,젖음/습기,흐림,교차로 - 교차로횡단보도내,승용,남,49세,상해없음,보행자,남,50세,경상
2020072200100639,2020년 7월 22일 22시,수요일,인천광역시 부평구 부개동,사망사고,1,0,0,0,차대사람 - 횡단중,안전운전불이행,젖음/습기,흐림,단일로 - 기타,승용,남,53세,상해없음,보행자,여,52세,사망
2020072200100640,2020년 7월 22일 22시,수요일,인천광역시 남동구 고잔동,사망사고,2,2,1,0,차대차 - 추돌,과속,젖음/습기,흐림,단일로 - 교량,승용,여,63세,상해없음,승용,여,22세,사망
2020072200100641,2020년 7월 22일 22시,수요일,인천광역시 남동구 고잔동,중상사고,0,2,0,0,차대차 - 측면충돌,안전운전불이행,젖음/습기,흐림,단일로 - 교량,승용,남,36세,상해없음,승용,남,21세,중상
2020072200100669,2020년 7월 22일 23시,수요일,인천광역시 남동구 논현동,부상신고사고,0,0,0,1,차대차 - 측면충돌,안전운전불이행,젖음/습기,비,단일로 - 기타,승용,남,38세,상해없음,승용,여,42세,부상신고
2020072300100059,2020년 7월 23일 05시,목요일,인천광역시 남동구 장수동,경상사고,0,0,1,0,차대차 - 측면충돌,신호위반,젖음/습기,맑음,교차로 - 교차로안,승용,남,59세,상해없음,승용,남,32세,경상
2020072300100068,2020년 7월 23일 06시,목요일,인천광역시 계양구 병방동,경상사고,0,0,1,0,차대차 - 측면충돌,신호위반,젖음/습기,비,교차로 - 교차로안,승용,남,65세,상해없음,승용,남,55세,경상
2020072300100090,2020년 7월 23일 07시,목요일,인천광역시 옹진군 영흥면,중상사고,0,1,0,0,차대차 - 추돌,신호위반,젖음/습기,비,교차로 - 교차로안,승합,남,59세,상해없음,화물,남,71세,중상
2020072300100126,2020년 7월 23일 08시,목요일,인천광역시 부평구 청천동,경상사고,0,0,1,0,차대차 - 측면충돌,안전운전불이행,건조,맑음,단일로 - 기타,화물,남,57세,상해없음,승용,여,24세,경상
2020072300100127,2020년 7월 23일 08시,목요일,인천광역시 계양구 효성동,경상사고,0,0,1,0,차대차 - 추돌,안전운전불이행,젖음/습기,흐림,교차로 - 교차로부근,승합,남,59세,상해없음,화물,남,46세,경상
2020072300100147,2020년 7월 23일 09시,목요일,인천광역시 부평구 청천동,경상사고,0,0,2,0,차대차 - 측면충돌,안전운전불이행,건조,맑음,교차로 - 교차로안,화물,남,64세,상해없음,승용,남,64세,경상
2020072300100148,2020년 7월 23일 09시,목요일,인천광역시 남동구 논현동,경상사고,0,0,2,0,차대차 - 정면충돌,신호위반,건조,맑음,교차로 - 교차로안,승용,남,64세,상해없음,승용,남,65세,경상
2020072300100358,2020년 7월 23일 16시,목요일,인천광역시 계양구 효성동,중상사고,0,1,0,0,차대차 - 정면충돌,중앙선침범,젖음/습기,비,단일로 - 기타,승용,남,55세,상해없음,화물,남,35세,중상
2020072300100359,2020년 7월 23일 16시,목요일,인천광역시 남동구 장수동,경상사고,0,0,1,0,차대차 - 측면충돌,안전운전불이행,젖음/습기,비,교차로 - 교차로부근,승합,남,59세,상해없음,승용,남,63세,경상
2020072300100452,2020년 7월 23일 18시,목요일,인천광역시 미추홀구 관교동,경상사고,0,0,1,0,차대사람 - 횡단중,신호위반,젖음/습기,비,교차로 - 교차로횡단보도내,이륜,남,28세,상해없음,보행자,여,67세,경상
2020072300100453,2020년 7월 23일 18시,목요일,인천광역시 부평구 부평동,중상사고,0,1,0,0,차량단독 - 기타,안전운전불이행,젖음/습기,비,단일로 - 기타,승합,남,59세,상해없음,,,,
2020072300100454,2020년 7월 23일 18시,목요일,인천광역시 계양구 계산동,중상사고,0,1,0,0,차대사람 - 횡단중,신호위반,젖음/습기,비,단일로 - 기타,승용,남,78세,상해없음,보행자,여,42세,중상
2020072300100455,2020년 7월 23일 18시,목요일,인천광역시 계양구 계산동,경상사고,0,0,1,0,차대차 - 정면충돌,기타,젖음/습기,비,단일로 - 기타,승용,남,54세,상해없음,이륜,남,38세,경상