사고번호,사고일시,요일,시군구,사고내용,사망자수,중상자수,경상자수,부상신고자수,사고유형,법규위반,노면상태,기상상태,도로형태,가해운전자 차종,가해운전자 성별,가해운전자 연령,가해운전자 상해정도,피해운전자 차종,피해운전자 성별,피해운전자 연령,피해운전자 상해정도
2020072300100456,2020년 7월 23일 18시,목요일,인천광역시 연수구 연수동,경상사고,0,0,2,0,차대차 - 추돌,안전운전불이행,젖음/습기,비,교차로 - 교차로부근,승용,남,39세,상해없음,승용,여,36세,경상
2020072300100457,2020년 7월 23일 18시,목요일,인천광역시 남동구 남촌동,경상사고,0,0,1,0,차대차 - 추돌,안전운전불이행,젖음/습기,비,단일로 - 기타,승용,여,43세,상해없음,승용,여,26세,경상
2020072300100503,2020년 7월 23일 19시,목요일,인천광역시 부평구 부평동,부상신고사고,0,0,0,1,차량단독 - 기타,안전운전불이행,젖음/습기,비,기타 - 기타,승합,남,64세,상해없음,,,,
2020072300100531,2020년 7월 23일 20시,목요일,인천광역시 서구 당하동,경상사고,0,0,1,0,차대차 - 기타,안전운전불이행,젖음/습기,비,교차로 - 교차로안,승용,남,45세,상해없음,승용,여,30세,경상
2020072300100559,2020년 7월 23일 20시,목요일,인천광역시 미추홀구 숭의동,중상사고,0,1,0,0,차대사람 - 횡단중,안전운전불이행,젖음/습기,비,단일로 - 기타,승용,남,29세,상해없음,보행자,여,59세,중상
2020072300100560,2020년 7월 23일 20시,목요일,인천광역시 서구 마전동,경상사고,0,0,2,0,차대차 - 추돌,안전운전불이행,젖음/습기,비,단일로 - 지하차도(도로)내,승용,남,39세,상해없음,화물,남,57세,경상
2020072300100561,2020년 7월 23일 20시,목요일,인천광역시 서구 검암동,경상사고,0,0,2,0,차대차 - 기타,안전운전불이행,젖음/습기,비,단일로 - 기타,승용,남,28세,경상,승용,여,24세,경상
2020072300100562,2020년 7월 23일 20시,목요일,인천광역시 계양구 효성동,경상사고,0,0,1,0,차대차 - 측면충돌,안전거리미확보,젖음/습기,비,단일로 - 기타,승용,여,55세,상해없음,승용,남,25세,경상
2020072300100563,2020년 7월 23일 20시,목요일,인천광역시 연수구 동춘동,경상사고,0,0,2,0,차대차 - 측면충돌,안전운전불이행,젖음/습기,비,교차로 - 교차로부근,승용,남,19세,상해없음,승용,남,54세,경상
2020072300100660,2020년 7월 23일 22시,목요일,인천광역시 서구 마전동,경상사고,0,0,1,0,차대차 - 추돌,안전운전불이행,건조,맑음,단일로 - 기타,승용,남,32세,경상,건설기계,남,39세,상해없음
2020072400100015,2020년 7월 24일 00시,금요일,인천광역시 중구 중산동,경상사고,0,0,1,0,차대차 - 측면충돌,신호위반,젖음/습기,비,교차로 - 교차로안,승용,남,54세,상해없음,승용,남,44세,경상
2020072400100016,2020년 7월 24일 00시,금요일,인천광역시 미추홀구 숭의동,경상사고,0,0,1,0,차대차 - 기타,신호위반,젖음/습기,비,교차로 - 교차로안,승용,남,23세,상해없음,이륜,남,36세,경상
2020072400100055,2020년 7월 24일 04시,금요일,인천광역시 남동구 논현동,경상사고,0,0,1,0,차대차 - 기타,안전운전불이행,젖음/습기,비,기타 - 기타,승용,남,57세,상해없음,승용,남,52세,경상
2020072400100102,2020년 7월 24일 08시,금요일,인천광역시 부평구 부평동,경상사고,0,0,1,0,차대차 - 정면충돌,안전운전불이행,건조,맑음,교차로 - 교차로부근,승용,남,43세,상해없음,자전거,남,10세,경상
2020072400100103,2020년 7월 24일 08시,금요일,인천광역시 서구 검암동,중상사고,0,1,0,0,차대사람 - 횡단중,안전운전불이행,건조,맑음,단일로 - 지하차도(도로)내,승용,남,45세,상해없음,보행자,여,80세,중상
2020072400100104,2020년 7월 24일 08시,금요일,인천광역시 서구 청라동,경상사고,0,0,1,0,차대차 - 측면충돌,신호위반,젖음/습기,흐림,교차로 - 교차로안,승용,여,40세,상해없음,자전거,여,27세,경상
2020072400100105,2020년 7월 24일 08시,금요일,인천광역시 서구 가좌동,경상사고,0,0,1,0,차대차 - 추돌,안전운전불이행,건조,맑음,단일로 - 기타,승용,여,47세,상해없음,승용,남,36세,경상
2020072400100161,2020년 7월 24일 10시,금요일,인천광역시 남동구 간석동,중상사고,0,1,0,0,차대차 - 측면충돌,교차로운행방법위반,젖음/습기,비,교차로 - 교차로안,승용,여,46세,상해없음,승용,남,60세,중상
2020072400100162,2020년 7월 24일 10시,금요일,인천광역시 계양구 계산동,경상사고,0,0,2,0,차대차 - 추돌,안전운전불이행,젖음/습기,비,단일로 - 기타,화물,남,43세,상해없음,승용,남,66세,경상
2020072400100190,2020년 7월 24일 11시,금요일,인천광역시 미추홀구 주안동,경상사고,0,0,1,0,차대차 - 추돌,안전운전불이행,젖음/습기,흐림,교차로 - 교차로부근,승용,남,47세,상해없음,화물,남,26세,경상
2020072400100191,2020년 7월 24일 11시,금요일,인천광역시 서구 가좌동,경상사고,0,0,2,0,차대차 - 추돌,안전운전불이행,건조,맑음,교차로 - 교차로부근,승용,남,59세,상해없음,승용,남,41세,경상
2020072400100192,2020년 7월 24일 11시,금요일,인천광역시 강화군 선원면,중상사고,0,1,0,0,차대차 - 측면충돌,신호위반,건조,맑음,교차로 - 교차로안,승용,남,20세,상해없음,승용,여,64세,상해없음
2020072400100252,2020년 7월 24일 13시,금요일,인천광역시 남동구 구월동,경상사고,0,0,2,0,차대차 - 추돌,안전운전불이행,젖음/습기,비,교차로 - 교차로부근,승용,남,26세,상해없음,승용,여,29세,경상
2020072400100277,2020년 7월 24일 14시,금요일,인천광역시 부평구 십정동,경상사고,0,0,1,0,차대사람 - 길가장자리구역통행중,안전운전불이행,건조,맑음,단일로 - 기타,화물,남,39세,상해없음,보행자,남,32세,경상
2020072400100278,2020년 7월 24일 14시,금요일,인천광역시 남동구 구월동,경상사고,0,0,2,0,차대차 - 측면충돌,교차로운행방법위반,건조,맑음,교차로 - 교차로안,승용,남,55세,상해없음,승용,남,25세,경상
2020072400100279,2020년 7월 24일 14시,금요일,인천광역시 부평구 갈산동,중상사고,0,1,0,0,차대차 - 기타,안전운전불이행,건조,맑음,교차로 - 교차로부근,승용,남,42세,상해없음,자전거,여,56세,중상
2020072400100353,2020년 7월 24일 16시,금요일,인천광역시 중구 신흥동3가,경상사고,0,0,1,0,차대차 - 측면충돌,안전운전불이행,건조,맑음,교차로 - 교차로안,승용,남,41세,상해없음,승용,남,48세,경상
2020072400100391,2020년 7월 24일 17시,금요일,인천광역시 미추홀구 주안동,경상사고,0,0,1,0,차대차 - 후진중충돌,안전운전불이행,건조,맑음,단일로 - 기타,승용,여,64세,상해없음,이륜,남,40세,경상
2020072400100392,2020년 7월 24일 17시,금요일,인천광역시 남동구 구월동,경상사고,0,0,1,0,차대차 - 측면충돌,안전거리미확보,건조,맑음,단일로 - 기타,승용,남,64세,기타불명,승용,남,22세,경상
2020072400100451,2020년 7월 24일 18시,금요일,인천광역시 부평구 십정동,경상사고,0,0,1,0,차대차 - 기타,차로위반,건조,맑음,단일로 - 기타,승용,여,47세,상해없음,이륜,남,61세,경상
2020072400100452,2020년 7월 24일 18시,금요일,인천광역시 부평구 산곡동,경상사고,0,0,1,0,차대차 - 측면충돌,안전운전불이행,건조,맑음,교차로 - 교차로안,승용,남,49세,상해없음,승용,남,30세,경상
2020072400100453,2020년 7월 24일 18시,금요일,인천광역시 계양구 계산동,경상사고,0,0,1,0,차대사람 - 기타,안전운전불이행,건조,맑음,단일로 - 기타,이륜,남,42세,상해없음,보행자,남,58세,경상
2020072400100454,2020년 7월 24일 18시,금요일,인천광역시 연수구 송도동,중상사고,0,1,0,0,차대차 - 측면충돌,안전운전불이행,건조,맑음,교차로 - 교차로안,승합,남,65세,상해없음,자전거,여,26세,중상
2020072400100489,2020년 7월 24일 19시,금요일,인천광역시 부평구 부평동,경상사고,0,0,1,0,차대사람 - 기타,기타,젖음/습기,흐림,단일로 - 기타,승합,남,58세,상해없음,보행자,여,19세,경상
2020072400100530,2020년 7월 24일 20시,금요일,인천광역시 중구 신흥동3가,중상사고,0,1,0,0,차대차 - 측면충돌,교차로운행방법위반,건조,맑음,단일로 - 기타,이륜,남,51세,중상,승용,남,69세,상해없음
2020072400100531,2020년 7월 24일 20시,금요일,인천광역시 서구 가정동,경상사고,0,0,1,0,차대차 - 측면충돌,안전운전불이행,건조,맑음,단일로 - 기타,승용,남,30세,상해없음,승용,남,69세,경상
2020072400100617,2020년 7월 24일 22시,금요일,인천광역시 동구 만석동,중상사고,0,1,0,0,차대차 - 측면충돌,신호위반,건조,맑음,교차로 - 교차로안,승용,남,41세,상해없음,이륜,남,28세,중상
2020072400100648,2020년 7월 24일 23시,금요일,인천광역시 중구 중산동,경상사고,0,0,1,0,차대차 - 측면충돌,안전운전불이행,건조,맑음,단일로 - 기타,승용,남,47세,상해없음,승용,여,31세,상해없음
2020072500100021,2020년 7월 25일 00시,토요일,인천광역시 남동구 구월동,경상사고,0,0,2,0,차대차 - 측면충돌,안전운전불이행,건조,맑음,교차로 - 교차로부근,승용,남,54세,상해없음,승용,남,28세,경상
2020072500100042,2020년 7월 25일 01시,토요일,인천광역시 서구 왕길동,경상사고,0,0,1,0,차대차 - 추돌,안전운전불이행,젖음/습기,흐림,교차로 - 교차로부근,이륜,남,43세,상해없음,승용,여,50세,경상
2020072500100043,2020년 7월 25일 01시,토요일,인천광역시 계양구 계산동,경상사고,0,0,1,0,차대차 - 후진중충돌,안전운전불이행,건조,맑음,교차로 - 교차로부근,승용,남,25세,상해없음,승용,남,61세,경상
2020072500100044,2020년 7월 25일 01시,토요일,인천광역시 계양구 효성동,경상사고,0,0,1,0,차대사람 - 기타,기타,건조,맑음,단일로 - 기타,승용,남,37세,상해없음,보행자,여,56세,경상
2020072500100045,2020년 7월 25일 01시,토요일,인천광역시 연수구 연수동,경상사고,0,0,2,0,차대차 - 추돌,안전운전불이행,건조,맑음,단일로 - 기타,승용,남,31세,상해없음,승용,남,39세,경상
2020072500100059,2020년 7월 25일 02시,토요일,인천광역시 서구 원창동,경상사고,0,0,1,0,차대차 - 정면충돌,안전운전불이행,건조,맑음,교차로 - 교차로부근,자전거,남,33세,기타불명,승용,남,60세,상해없음
2020072500100079,2020년 7월 25일 03시,토요일,인천광역시 연수구 동춘동,경상사고,0,0,1,0,차대사람 - 기타,안전운전불이행,건조,맑음,교차로 - 교차로부근,승용,여,38세,상해없음,보행자,남,75세,경상
2020072500100097,2020년 7월 25일 05시,토요일,인천광역시 서구 경서동,경상사고,0,0,8,0,차대차 - 추돌,안전운전불이행,건조,맑음,단일로 - 기타,승용,남,61세,상해없음,승합,남,46세,경상
2020072500100098,2020년 7월 25일 05시,토요일,인천광역시 남동구 논현동,경상사고,0,0,1,0,차대차 - 기타,신호위반,건조,맑음,교차로 - 교차로안,승용,남,59세,상해없음,승합,남,61세,경상
2020072500100144,2020년 7월 25일 08시,토요일,인천광역시 계양구 계산동,경상사고,0,0,1,0,차대차 - 측면충돌,안전운전불이행,건조,맑음,교차로 - 교차로안,화물,남,73세,상해없음,승용,남,32세,경상
2020072500100166,2020년 7월 25일 09시,토요일,인천광역시 부평구 삼산동,경상사고,0,0,1,0,차대차 - 추돌,안전운전불이행,건조,맑음,단일로 - 기타,승용,남,56세,상해없음,승용,남,25세,경상
2020072500100195,2020년 7월 25일 10시,토요일,인천광역시 남동구 도림동,경상사고,0,0,1,0,차대차 - 측면충돌,안전거리미확보,건조,흐림,교차로 - 교차로안,승용,남,46세,상해없음,승용,남,53세,경상
2020072500100299,2020년 7월 25일 13시,토요일,인천광역시 동구 송현동,중상사고,0,1,0,0,차량단독 - 기타,안전운전불이행,건조,맑음,단일로 - 기타,승합,남,57세,상해없음,,,,
2020072500100300,2020년 7월 25일 13시,토요일,인천광역시 서구 가정동,경상사고,0,0,1,0,차대차 - 기타,안전운전불이행,건조,맑음,단일로 - 기타,승용,남,59세,상해없음,화물,남,65세,상해없음
2020072500100375,2020년 7월 25일 15시,토요일,인천광역시 서구 가좌동,경상사고,0,0,1,0,차대사람 - 보도통행중,안전운전불이행,건조,맑음,단일로 - 기타,승용,남,25세,상해없음,보행자,여,63세,경상
2020072500100409,2020년 7월 25일 16시,토요일,인천광역시 남동구 구월동,경상사고,0,0,2,0,차대차 - 추돌,안전운전불이행,건조,맑음,단일로 - 기타,승용,남,62세,상해없음,승용,남,61세,경상
2020072500100410,2020년 7월 25일 16시,토요일,인천광역시 남동구 구월동,경상사고,0,0,1,0,차대차 - 측면충돌,안전거리미확보,건조,맑음,교차로 - 교차로부근,승용,남,31세,상해없음,승용,여,60세,경상
2020072500100411,2020년 7월 25일 16시,토요일,인천광역시 서구 경서동,중상사고,0,1,1,0,차대차 - 추돌,안전거리미확보,건조,맑음,단일로 - 기타,화물,남,49세,상해없음,승용,여,40세,경상
2020072500100447,2020년 7월 25일 17시,토요일,인천광역시 계양구 노오지동,중상사고,0,1,0,1,차대차 - 측면충돌,안전운전불이행,건조,맑음,단일로 - 기타,승용,남,60세,상해없음,승용,남,41세,중상
2020072500100477,2020년 7월 25일 18시,토요일,인천광역시 남동구 구월동,경상사고,0,0,1,0,차대차 - 기타,안전운전불이행,건조,맑음,단일로 - 기타,이륜,남,37세,상해없음,승합,남,57세,상해없음
2020072500100478,2020년 7월 25일 18시,토요일,인천광역시 서구 가좌동,경상사고,0,0,2,0,차대차 - 측면충돌,안전운전불이행,건조,맑음,단일로 - 기타,이륜,남,51세,경상,승용,남,40세,경상
2020072500100479,2020년 7월 25일 18시,토요일,인천광역시 서구 왕길동,경상사고,0,0,1,0,차대차 - 추돌,안전운전불이행,건조,맑음,교차로 - 교차로안,이륜,남,25세,상해없음,승용,남,46세,경상
2020072500100480,2020년 7월 25일 18시,토요일,인천광역시 계양구 계산동,중상사고,0,1,0,0,차대사람 - 횡단중,안전운전불이행,건조,흐림,교차로 - 교차로안,승용,남,52세,상해없음,보행자,남,64세,중상
2020072500100515,2020년 7월 25일 19시,토요일,인천광역시 남동구 구월동,경상사고,0,0,1,0,차대차 - 측면충돌,안전운전불이행,건조,맑음,단일로 - 기타,승용,여,44세,상해없음,자전거,남,56세,경상
2020072500100583,2020년 7월 25일 21시,토요일,인천광역시 남동구 논현동,경상사고,0,0,1,0,차대차 - 측면충돌,신호위반,건조,흐림,교차로 - 교차로안,승용,여,20세,상해없음,이륜,남,28세,경상
2020072500100635,2020년 7월 25일 23시,토요일,인천광역시 미추홀구 용현동,경상사고,0,0,1,0,차대차 - 기타,안전운전불이행,젖음/습기,흐림,단일로 - 기타,승용,남,48세,상해없음,이륜,남,29세,경상
2020072500100636,2020년 7월 25일 23시,토요일,인천광역시 미추홀구 문학동,중상사고,0,1,0,0,차대차 - 측면충돌,안전운전불이행,건조,맑음,교차로 - 교차로안,승용,남,26세,상해없음,승용,남,36세,중상
2020072600100030,2020년 7월 26일 01시,일요일,인천광역시 미추홀구 도화동,경상사고,0,0,1,0,차대차 - 기타,안전운전불이행,건조,맑음,교차로 - 교차로부근,승용,남,67세,상해없음,이륜,남,35세,경상
2020072600100051,2020년 7월 26일 03시,일요일,인천광역시 남동구 간석동,중상사고,0,1,0,0,차대사람 - 횡단중,안전운전불이행,건조,맑음,단일로 - 기타,승용,남,55세,상해없음,보행자,남,59세,중상
2020072600100096,2020년 7월 26일 08시,일요일,인천광역시 부평구 십정동,경상사고,0,0,1,0,차대차 - 측면충돌,안전운전불이행,건조,맑음,교차로 - 교차로안,승용,여,37세,상해없음,승용,남,55세,경상
2020072600100125,2020년 7월 26일 10시,일요일,인천광역시 강화군 화도면,경상사고,0,0,2,0,차대차 - 후진중충돌,안전운전불이행,건조,맑음,기타 - 기타,승용,남,66세,상해없음,승용,남,36세,경상
2020072600100152,2020년 7월 26일 11시,일요일,인천광역시 부평구 산곡동,중상사고,0,1,0,0,차대차 - 측면충돌,교차로운행방법위반,건조,맑음,교차로 - 교차로안,승용,남,28세,상해없음,원동기,남,45세,중상
2020072600100153,2020년 7월 26일 11시,일요일,인천광역시 남동구 장수동,경상사고,0,0,3,0,차대차 - 측면충돌,신호위반,건조,맑음,단일로 - 기타,화물,남,62세,경상,화물,남,27세,경상
2020072600100203,2020년 7월 26일 13시,일요일,인천광역시 미추홀구 용현동,중상사고,0,1,0,0,차대차 - 측면충돌,안전운전불이행,건조,맑음,단일로 - 기타,이륜,남,51세,중상,화물,남,56세,상해없음
2020072600100204,2020년 7월 26일 13시,일요일,인천광역시 부평구 부평동,부상신고사고,0,0,0,1,차대차 - 측면충돌,안전운전불이행,건조,맑음,교차로 - 교차로횡단보도내,승용,남,60세,상해없음,자전거,남,47세,부상신고
2020072600100237,2020년 7월 26일 14시,일요일,인천광역시 남동구 구월동,경상사고,0,0,1,0,차대사람 - 보도통행중,안전운전불이행,건조,맑음,단일로 - 기타,승용,남,24세,상해없음,보행자,남,27세,경상
2020072600100238,2020년 7월 26일 14시,일요일,인천광역시 서구 가좌동,경상사고,0,0,1,0,차대차 - 기타,안전운전불이행,건조,맑음,단일로 - 기타,승용,남,33세,상해없음,승용,남,25세,경상
2020072600100240,2020년 7월 26일 14시,일요일,인천광역시 남동구 운연동,경상사고,0,0,1,0,차대차 - 추돌,안전운전불이행,건조,맑음,기타 - 기타,승합,남,50세,상해없음,승용,여,64세,경상
2020072600100268,2020년 7월 26일 15시,일요일,인천광역시 계양구 작전동,경상사고,0,0,2,0,차대차 - 측면충돌,교차로운행방법위반,건조,맑음,교차로 - 교차로안,승용,남,39세,상해없음,화물,남,24세,경상
2020072600100269,2020년 7월 26일 15시,일요일,인천광역시 연수구 송도동,경상사고,0,0,1,0,차대차 - 추돌,안전운전불이행,건조,맑음,단일로 - 기타,승용,남,30세,상해없음,승용,여,33세,경상
2020072600100305,2020년 7월 26일 16시,일요일,인천광역시 중구 중산동,경상사고,0,0,1,0,차대차 - 측면충돌,중앙선침범,건조,맑음,교차로 - 교차로부근,승용,남,35세,상해없음,승용,남,32세,상해없음
2020072600100306,2020년 7월 26일 16시,일요일,인천광역시 계양구 효성동,경상사고,0,0,2,0,차대차 - 추돌,안전운전불이행,건조,맑음,교차로 - 교차로부근,승용,남,54세,상해없음,승용,남,41세,경상
2020072600100387,2020년 7월 26일 19시,일요일,인천광역시 연수구 송도동,경상사고,0,0,2,0,차대사람 - 차도통행중,안전운전불이행,건조,맑음,단일로 - 기타,자전거,남,61세,경상,보행자,남,52세,경상
2020072600100409,2020년 7월 26일 20시,일요일,인천광역시 서구 가정동,중상사고,0,3,0,0,차대차 - 측면충돌,신호위반,건조,맑음,교차로 - 교차로안,승용,여,63세,상해없음,이륜,남,18세,중상
2020072700100038,2020년 7월 27일 05시,월요일,인천광역시 부평구 청천동,경상사고,0,0,1,0,차대차 - 측면충돌,안전운전불이행,건조,맑음,교차로 - 교차로부근,이륜,남,14세,상해없음,승용,남,55세,경상
2020072700100039,2020년 7월 27일 05시,월요일,인천광역시 남동구 고잔동,경상사고,0,0,1,0,차대차 - 측면충돌,안전운전불이행,젖음/습기,비,단일로 - 기타,기타불명,기타불명,미분류,기타불명,화물,남,52세,경상
2020072700100050,2020년 7월 27일 06시,월요일,인천광역시 서구 오류동,경상사고,0,0,1,0,차대차 - 측면충돌,안전운전불이행,건조,맑음,교차로 - 교차로안,화물,남,57세,상해없음,승용,남,37세,경상
2020072700100112,2020년 7월 27일 08시,월요일,인천광역시 부평구 부평동,중상사고,0,1,0,0,차대차 - 측면충돌,안전운전불이행,건조,맑음,단일로 - 기타,승용,여,51세,상해없음,자전거,남,38세,중상
2020072700100113,2020년 7월 27일 08시,월요일,인천광역시 서구 검암동,경상사고,0,0,2,0,차대차 - 측면충돌,중앙선침범,건조,맑음,단일로 - 기타,승용,남,54세,경상,승용,여,43세,경상
2020072700100149,2020년 7월 27일 09시,월요일,인천광역시 서구 원창동,경상사고,0,0,2,0,차대차 - 측면충돌,안전운전불이행,건조,맑음,단일로 - 기타,화물,남,76세,상해없음,화물,여,25세,경상
2020072700100180,2020년 7월 27일 10시,월요일,인천광역시 미추홀구 도화동,경상사고,0,0,1,1,차대차 - 추돌,안전운전불이행,젖음/습기,비,교차로 - 교차로안,화물,남,32세,상해없음,승용,남,59세,경상
2020072700100181,2020년 7월 27일 10시,월요일,인천광역시 계양구 병방동,경상사고,0,0,1,0,차대사람 - 기타,안전운전불이행,젖음/습기,비,교차로 - 교차로부근,승용,남,23세,상해없음,보행자,여,64세,경상
2020072700100182,2020년 7월 27일 10시,월요일,인천광역시 남동구 도림동,중상사고,0,1,0,0,차대차 - 기타,안전운전불이행,젖음/습기,흐림,단일로 - 기타,승용,여,30세,상해없음,이륜,남,54세,중상
2020072700100221,2020년 7월 27일 11시,월요일,인천광역시 옹진군 영흥면,중상사고,0,1,2,0,차대차 - 측면충돌,안전운전불이행,건조,맑음,교차로 - 교차로안,승용,남,65세,경상,특수,남,54세,경상
2020072700100222,2020년 7월 27일 11시,월요일,인천광역시 서구 석남동,경상사고,0,0,1,0,차대사람 - 보도통행중,기타,건조,맑음,단일로 - 기타,승용,남,48세,상해없음,보행자,여,61세,경상
2020072700100253,2020년 7월 27일 12시,월요일,인천광역시 연수구 동춘동,중상사고,0,1,0,0,차대차 - 측면충돌,안전운전불이행,젖음/습기,비,교차로 - 교차로안,승용,남,60세,상해없음,이륜,남,22세,중상
2020072700100333,2020년 7월 27일 14시,월요일,인천광역시 부평구 부평동,중상사고,0,1,0,0,차대사람 - 기타,안전운전불이행,젖음/습기,비,단일로 - 기타,승용,여,49세,상해없음,보행자,여,63세,중상
2020072700100371,2020년 7월 27일 15시,월요일,인천광역시 동구 송현동,중상사고,0,1,0,0,차대차 - 기타,안전운전불이행,젖음/습기,흐림,교차로 - 교차로안,승용,여,51세,상해없음,이륜,남,35세,중상
2020072700100372,2020년 7월 27일 15시,월요일,인천광역시 서구 석남동,경상사고,0,0,2,0,차대차 - 추돌,안전운전불이행,젖음/습기,비,단일로 - 기타,승용,남,31세,상해없음,승용,남,27세,경상
2020072700100373,2020년 7월 27일 15시,월요일,인천광역시 연수구 송도동,경상사고,0,0,3,1,차대차 - 측면충돌,과속,젖음/습기,흐림,단일로 - 기타,승용,남,20세,상해없음,승용,남,35세,경상
2020072700100409,2020년 7월 27일 16시,월요일,인천광역시 연수구 송도동,경상사고,0,0,1,0,차대차 - 측면충돌,신호위반,젖음/습기,비,교차로 - 교차로부근,승용,남,19세,상해없음,승용,남,30세,경상
2020072700100447,2020년 7월 27일 17시,월요일,인천광역시 부평구 부평동,경상사고,0,0,1,0,차대차 - 추돌,안전거리미확보,건조,맑음,단일로 - 기타,승용,남,56세,상해없음,승용,남,52세,경상
2020072700100448,2020년 7월 27일 17시,월요일,인천광역시 연수구 선학동,경상사고,0,0,1,0,차대차 - 기타,안전운전불이행,젖음/습기,비,단일로 - 기타,승용,남,38세,기타불명,이륜,남,37세,경상
2020072700100483,2020년 7월 27일 18시,월요일,인천광역시 중구 운서동,경상사고,0,0,1,0,차대차 - 추돌,안전운전불이행,건조,맑음,교차로 - 교차로부근,승용,남,57세,상해없음,승용,여,43세,경상
2020072700100484,2020년 7월 27일 18시,월요일,인천광역시 계양구 임학동,경상사고,0,0,1,0,차대사람 - 기타,안전운전불이행,젖음/습기,비,교차로 - 교차로부근,이륜,남,52세,상해없음,보행자,여,20세,경상
2020072700100485,2020년 7월 27일 18시,월요일,인천광역시 남동구 남촌동,경상사고,0,0,2,0,차대차 - 추돌,안전운전불이행,건조,맑음,단일로 - 기타,승용,남,18세,상해없음,승용,남,64세,경상
2020072700100549,2020년 7월 27일 20시,월요일,인천광역시 부평구 청천동,경상사고,0,0,1,0,차대차 - 추돌,안전운전불이행,건조,맑음,기타 - 기타,화물,남,41세,상해없음,화물,남,51세,경상
2020072700100550,2020년 7월 27일 20시,월요일,인천광역시 남동구 간석동,중상사고,0,1,2,0,차대차 - 측면충돌,신호위반,건조,맑음,교차로 - 교차로안,화물,남,22세,상해없음,승용,여,51세,중상
2020072700100551,2020년 7월 27일 20시,월요일,인천광역시 서구 연희동,경상사고,0,0,1,0,차대차 - 측면충돌,안전운전불이행,건조,맑음,교차로 - 교차로안,화물,남,55세,상해없음,승용,남,54세,경상
2020072700100577,2020년 7월 27일 21시,월요일,인천광역시 부평구 십정동,경상사고,0,0,1,0,차대차 - 추돌,안전운전불이행,건조,맑음,교차로 - 교차로부근,승용,남,60세,상해없음,승용,남,21세,경상
2020072700100598,2020년 7월 27일 22시,월요일,인천광역시 남동구 장수동,경상사고,0,0,1,1,차대차 - 측면충돌,안전거리미확보,건조,맑음,단일로 - 기타,승용,남,74세,상해없음,승용,남,26세,경상
2020072800100021,2020년 7월 28일 01시,화요일,인천광역시 남동구 간석동,경상사고,0,0,1,0,차대차 - 추돌,안전운전불이행,건조,맑음,단일로 - 기타,승용,남,63세,상해없음,승용,남,52세,경상
2020072800100043,2020년 7월 28일 04시,화요일,인천광역시 부평구 십정동,경상사고,0,0,1,0,차대차 - 추돌,안전운전불이행,건조,맑음,교차로 - 교차로부근,승용,여,42세,상해없음,승용,남,63세,경상
2020072800100044,2020년 7월 28일 04시,화요일,인천광역시 부평구 청천동,중상사고,0,1,0,0,차대차 - 기타,신호위반,건조,맑음,기타 - 기타,승용,남,23세,상해없음,자전거,남,63세,중상
2020072800100084,2020년 7월 28일 07시,화요일,인천광역시 남동구 만수동,부상신고사고,0,0,0,1,차대차 - 측면충돌,안전거리미확보,건조,맑음,교차로 - 교차로부근,기타불명,기타불명,미분류,기타불명,자전거,남,63세,부상신고
2020072800100110,2020년 7월 28일 08시,화요일,인천광역시 부평구 삼산동,경상사고,0,0,2,0,차대차 - 측면충돌,안전거리미확보,건조,맑음,단일로 - 기타,승용,여,60세,상해없음,승용,여,50세,경상
2020072800100134,2020년 7월 28일 09시,화요일,인천광역시 부평구 부평동,경상사고,0,0,1,0,차량단독 - 기타,안전운전불이행,젖음/습기,비,단일로 - 기타,승합,남,59세,기타불명,,,,
2020072800100135,2020년 7월 28일 09시,화요일,인천광역시 남동구 구월동,중상사고,0,1,0,0,차대차 - 측면충돌,안전거리미확보,건조,맑음,단일로 - 기타,승용,남,56세,상해없음,이륜,남,39세,중상
2020072800100236,2020년 7월 28일 13시,화요일,인천광역시 미추홀구 숭의동,중상사고,0,1,0,0,차대차 - 추돌,안전운전불이행,건조,맑음,단일로 - 기타,승용,남,49세,상해없음,이륜,남,40세,중상
2020072800100237,2020년 7월 28일 13시,화요일,인천광역시 미추홀구 주안동,사망사고,1,0,0,0,차대차 - 기타,안전운전불이행,건조,맑음,단일로 - 기타,승용,남,62세,상해없음,이륜,남,85세,사망
2020072800100258,2020년 7월 28일 14시,화요일,인천광역시 부평구 산곡동,경상사고,0,0,1,0,차대차 - 추돌,안전운전불이행,건조,맑음,교차로 - 교차로부근,승용,여,59세,상해없음,승용,여,32세,경상
2020072800100300,2020년 7월 28일 15시,화요일,인천광역시 남동구 간석동,경상사고,0,0,1,0,차대차 - 기타,교차로운행방법위반,건조,맑음,교차로 - 교차로안,승용,남,24세,상해없음,승합,남,67세,경상
2020072800100332,2020년 7월 28일 16시,화요일,인천광역시 계양구 병방동,경상사고,0,0,2,0,차대차 - 추돌,안전거리미확보,건조,흐림,단일로 - 기타,승용,남,60세,상해없음,승용,남,36세,경상
2020072800100374,2020년 7월 28일 17시,화요일,인천광역시 서구 가좌동,경상사고,0,0,1,0,차대차 - 측면충돌,안전거리미확보,건조,맑음,단일로 - 기타,승용,남,67세,상해없음,승용,남,43세,경상
2020072800100375,2020년 7월 28일 17시,화요일,인천광역시 부평구 부평동,경상사고,0,0,1,0,차대차 - 측면충돌,안전운전불이행,건조,맑음,단일로 - 기타,화물,남,51세,상해없음,승용,여,49세,경상