사고번호,사고일시,요일,시군구,사고내용,사망자수,중상자수,경상자수,부상신고자수,사고유형,법규위반,노면상태,기상상태,도로형태,가해운전자 차종,가해운전자 성별,가해운전자 연령,가해운전자 상해정도,피해운전자 차종,피해운전자 성별,피해운전자 연령,피해운전자 상해정도
2020080700100576,2020년 8월 7일 21시,금요일,인천광역시 부평구 삼산동,부상신고사고,0,0,0,1,차대사람 - 기타,안전운전불이행,건조,기타,교차로 - 교차로안,승용,남,64세,기타불명,보행자,여,46세,부상신고
2020080700100601,2020년 8월 7일 22시,금요일,인천광역시 남동구 논현동,경상사고,0,0,1,1,차대차 - 정면충돌,신호위반,건조,맑음,교차로 - 교차로안,이륜,남,17세,부상신고,승용,여,41세,경상
2020080700100636,2020년 8월 7일 23시,금요일,인천광역시 부평구 부평동,중상사고,0,1,1,0,차대차 - 기타,안전운전불이행,건조,맑음,단일로 - 기타,승용,남,60세,상해없음,이륜,남,17세,경상
2020080800100011,2020년 8월 8일 00시,토요일,인천광역시 서구 청라동,경상사고,0,0,2,0,차대차 - 후진중충돌,안전운전불이행,건조,맑음,단일로 - 기타,승용,남,42세,상해없음,승용,남,33세,경상
2020080800100012,2020년 8월 8일 00시,토요일,인천광역시 남동구 남촌동,중상사고,0,2,0,0,차대차 - 추돌,안전운전불이행,젖음/습기,비,단일로 - 기타,승용,여,26세,상해없음,승용,남,29세,중상
2020080800100031,2020년 8월 8일 01시,토요일,인천광역시 부평구 부평동,중상사고,0,1,0,0,차대사람 - 기타,안전운전불이행,건조,맑음,단일로 - 기타,승용,남,25세,상해없음,보행자,여,25세,중상
2020080800100060,2020년 8월 8일 03시,토요일,인천광역시 부평구 부평동,경상사고,0,0,1,0,차대사람 - 기타,안전운전불이행,기타,기타,기타 - 기타,승용,남,32세,상해없음,보행자,남,24세,경상
2020080800100087,2020년 8월 8일 06시,토요일,인천광역시 부평구 부평동,경상사고,0,0,1,0,차대차 - 측면충돌,신호위반,건조,맑음,교차로 - 교차로부근,승용,남,66세,상해없음,승용,남,65세,경상
2020080800100163,2020년 8월 8일 10시,토요일,인천광역시 남동구 구월동,경상사고,0,0,1,0,차대차 - 측면충돌,안전운전불이행,젖음/습기,흐림,교차로 - 교차로횡단보도내,승용,여,42세,상해없음,자전거,남,12세,경상
2020080800100205,2020년 8월 8일 11시,토요일,인천광역시 연수구 동춘동,경상사고,0,0,2,0,차대차 - 측면충돌,안전운전불이행,젖음/습기,비,단일로 - 기타,건설기계,남,43세,상해없음,승용,남,63세,경상
2020080800100236,2020년 8월 8일 12시,토요일,인천광역시 부평구 부평동,경상사고,0,0,1,0,차대차 - 측면충돌,안전운전불이행,젖음/습기,비,단일로 - 기타,승용,남,27세,상해없음,승용,남,47세,경상
2020080800100270,2020년 8월 8일 13시,토요일,인천광역시 남동구 간석동,경상사고,0,0,1,0,차대차 - 추돌,안전거리미확보,건조,맑음,교차로 - 교차로안,화물,남,44세,상해없음,승용,여,45세,상해없음
2020080800100271,2020년 8월 8일 13시,토요일,인천광역시 계양구 귤현동,경상사고,0,0,1,0,차량단독 - 기타,기타,젖음/습기,비,단일로 - 기타,승합,여,55세,상해없음,,,,
2020080800100335,2020년 8월 8일 15시,토요일,인천광역시 부평구 부평동,경상사고,0,0,1,0,차대사람 - 횡단중,안전운전불이행,건조,흐림,교차로 - 교차로안,화물,남,55세,상해없음,보행자,남,62세,경상
2020080800100336,2020년 8월 8일 15시,토요일,인천광역시 부평구 갈산동,경상사고,0,0,1,0,차대사람 - 기타,안전운전불이행,건조,맑음,단일로 - 기타,승용,남,62세,상해없음,보행자,남,44세,경상
2020080800100368,2020년 8월 8일 16시,토요일,인천광역시 서구 가정동,중상사고,0,1,1,0,차대차 - 기타,신호위반,건조,맑음,교차로 - 교차로안,이륜,남,26세,중상,승용,남,57세,경상
2020080800100369,2020년 8월 8일 16시,토요일,인천광역시 남동구 고잔동,경상사고,0,0,2,0,차대차 - 기타,안전운전불이행,건조,맑음,교차로 - 교차로부근,승합,여,54세,상해없음,화물,남,37세,경상
2020080800100419,2020년 8월 8일 18시,토요일,인천광역시 동구 송림동,경상사고,0,0,1,0,차대차 - 기타,안전운전불이행,젖음/습기,비,단일로 - 기타,승용,남,61세,상해없음,승용,남,27세,경상
2020080800100420,2020년 8월 8일 18시,토요일,인천광역시 서구 청라동,경상사고,0,0,1,0,차대사람 - 기타,안전운전불이행,건조,맑음,기타 - 기타,승용,남,21세,상해없음,보행자,여,29세,경상
2020080800100421,2020년 8월 8일 18시,토요일,인천광역시 서구 청라동,경상사고,0,0,1,0,차대차 - 정면충돌,안전운전불이행,건조,맑음,교차로 - 교차로안,승용,남,37세,상해없음,승용,남,27세,경상
2020080800100499,2020년 8월 8일 20시,토요일,인천광역시 남동구 구월동,경상사고,0,0,4,0,차대차 - 추돌,안전운전불이행,젖음/습기,비,교차로 - 교차로부근,승용,남,59세,상해없음,승용,남,55세,경상
2020080800100500,2020년 8월 8일 20시,토요일,인천광역시 남동구 간석동,경상사고,0,0,2,0,차대차 - 측면충돌,교차로운행방법위반,젖음/습기,비,교차로 - 교차로안,승용,여,57세,상해없음,승용,남,44세,경상
2020080800100501,2020년 8월 8일 20시,토요일,인천광역시 계양구 노오지동,경상사고,0,0,8,0,차대차 - 측면충돌,안전운전불이행,젖음/습기,비,단일로 - 기타,승용,남,65세,상해없음,승용,남,40세,경상
2020080800100533,2020년 8월 8일 21시,토요일,인천광역시 부평구 갈산동,경상사고,0,0,2,0,차대차 - 측면충돌,안전운전불이행,젖음/습기,비,교차로 - 교차로부근,승용,남,33세,경상,승용,남,40세,경상
2020080800100534,2020년 8월 8일 21시,토요일,인천광역시 남동구 만수동,경상사고,0,0,1,0,차대사람 - 차도통행중,안전운전불이행,젖음/습기,비,교차로 - 교차로안,화물,남,54세,상해없음,보행자,남,18세,경상
2020080800100585,2020년 8월 8일 23시,토요일,인천광역시 서구 가좌동,중상사고,0,1,0,0,차대사람 - 기타,안전운전불이행,젖음/습기,비,단일로 - 지하차도(도로)내,승용,남,49세,상해없음,보행자,남,74세,중상
2020080800100586,2020년 8월 8일 23시,토요일,인천광역시 남동구 고잔동,경상사고,0,0,1,0,차대차 - 추돌,안전운전불이행,젖음/습기,비,교차로 - 교차로부근,화물,남,46세,상해없음,승용,남,44세,경상
2020080900100015,2020년 8월 9일 00시,일요일,인천광역시 남동구 구월동,경상사고,0,0,1,0,차대차 - 기타,신호위반,젖음/습기,맑음,교차로 - 교차로부근,승용,남,43세,상해없음,승용,남,27세,경상
2020080900100016,2020년 8월 9일 00시,일요일,인천광역시 부평구 부평동,중상사고,0,1,0,0,차대사람 - 횡단중,안전운전불이행,젖음/습기,비,교차로 - 교차로횡단보도내,승용,남,57세,상해없음,보행자,여,24세,중상
2020080900100028,2020년 8월 9일 01시,일요일,인천광역시 미추홀구 용현동,경상사고,0,0,1,0,차대차 - 추돌,안전운전불이행,젖음/습기,흐림,단일로 - 기타,승용,남,45세,상해없음,승용,남,26세,경상
2020080900100029,2020년 8월 9일 01시,일요일,인천광역시 연수구 송도동,경상사고,0,0,1,0,차대차 - 추돌,안전운전불이행,젖음/습기,흐림,단일로 - 고가도로위,승용,남,43세,상해없음,승용,여,26세,경상
2020080900100040,2020년 8월 9일 02시,일요일,인천광역시 부평구 청천동,중상사고,0,1,0,0,차대사람 - 횡단중,안전운전불이행,젖음/습기,비,교차로 - 교차로부근,승용,남,54세,상해없음,보행자,남,49세,중상
2020080900100049,2020년 8월 9일 03시,일요일,인천광역시 부평구 십정동,경상사고,0,0,1,0,차대사람 - 차도통행중,안전운전불이행,건조,맑음,단일로 - 고가도로위,승용,남,50세,상해없음,보행자,여,21세,경상
2020080900100050,2020년 8월 9일 03시,일요일,인천광역시 남동구 논현동,사망사고,1,0,0,0,차대차 - 추돌,안전운전불이행,젖음/습기,비,단일로 - 교량,화물,남,60세,상해없음,화물,남,38세,사망
2020080900100213,2020년 8월 9일 14시,일요일,인천광역시 남동구 구월동,경상사고,0,0,1,0,차대차 - 측면충돌,교차로운행방법위반,젖음/습기,비,교차로 - 교차로안,승용,남,45세,상해없음,이륜,남,22세,경상
2020080900100214,2020년 8월 9일 14시,일요일,인천광역시 서구 청라동,경상사고,0,0,1,0,차대차 - 추돌,안전운전불이행,건조,맑음,교차로 - 교차로안,승합,남,64세,상해없음,승용,남,22세,경상
2020080900100237,2020년 8월 9일 15시,일요일,인천광역시 미추홀구 주안동,경상사고,0,0,1,0,차량단독 - 기타,안전운전불이행,젖음/습기,비,교차로 - 교차로부근,승용,남,60세,상해없음,,,,
2020080900100238,2020년 8월 9일 15시,일요일,인천광역시 강화군 내가면,경상사고,0,0,1,0,차대차 - 측면충돌,중앙선침범,젖음/습기,비,단일로 - 지하차도(도로)내,승용,남,71세,상해없음,승용,여,54세,경상
2020080900100301,2020년 8월 9일 17시,일요일,인천광역시 부평구 청천동,경상사고,0,0,3,0,차대차 - 기타,차로위반,젖음/습기,비,단일로 - 기타,승용,남,57세,상해없음,승용,남,24세,경상
2020080900100328,2020년 8월 9일 18시,일요일,인천광역시 연수구 옥련동,경상사고,0,0,1,0,차대차 - 기타,안전운전불이행,젖음/습기,비,단일로 - 기타,승용,남,67세,상해없음,승용,남,23세,경상
2020080900100364,2020년 8월 9일 19시,일요일,인천광역시 동구 송현동,경상사고,0,0,2,0,차대차 - 측면충돌,안전운전불이행,젖음/습기,흐림,교차로 - 교차로안,승용,여,60세,상해없음,승합,남,57세,경상
2020080900100365,2020년 8월 9일 19시,일요일,인천광역시 미추홀구 도화동,중상사고,0,1,0,0,차대사람 - 횡단중,보행자보호의무위반,건조,맑음,단일로 - 기타,이륜,남,30세,상해없음,보행자,남,29세,중상
2020080900100366,2020년 8월 9일 19시,일요일,인천광역시 부평구 청천동,경상사고,0,0,1,0,차대차 - 추돌,안전운전불이행,젖음/습기,비,교차로 - 교차로부근,승합,남,52세,상해없음,승용,남,68세,경상
2020080900100367,2020년 8월 9일 19시,일요일,인천광역시 서구 검암동,경상사고,0,0,1,0,차대사람 - 차도통행중,안전운전불이행,젖음/습기,비,기타 - 기타,승용,여,54세,상해없음,보행자,남,57세,경상
2020080900100392,2020년 8월 9일 20시,일요일,인천광역시 남동구 구월동,경상사고,0,0,1,0,차대차 - 측면충돌,안전거리미확보,젖음/습기,흐림,단일로 - 기타,승용,남,36세,상해없음,승용,남,54세,경상
2020080900100416,2020년 8월 9일 21시,일요일,인천광역시 부평구 부평동,경상사고,0,0,1,0,차대사람 - 횡단중,안전운전불이행,젖음/습기,비,교차로 - 교차로안,승용,남,50세,상해없음,보행자,남,60세,경상
2020080900100450,2020년 8월 9일 23시,일요일,인천광역시 미추홀구 학익동,경상사고,0,0,2,0,차대차 - 측면충돌,안전운전불이행,건조,맑음,교차로 - 교차로안,승용,남,26세,상해없음,승용,남,56세,경상
2020081000100015,2020년 8월 10일 01시,월요일,인천광역시 계양구 계산동,중상사고,0,1,0,0,차대차 - 측면충돌,안전거리미확보,젖음/습기,흐림,교차로 - 교차로부근,승용,남,25세,상해없음,이륜,남,19세,중상
2020081000100038,2020년 8월 10일 06시,월요일,인천광역시 남동구 논현동,경상사고,0,0,1,0,차대차 - 측면충돌,신호위반,젖음/습기,흐림,교차로 - 교차로안,승용,남,29세,상해없음,승용,남,62세,경상
2020081000100053,2020년 8월 10일 07시,월요일,인천광역시 서구 가좌동,경상사고,0,0,1,0,차대사람 - 기타,안전운전불이행,건조,맑음,교차로 - 교차로부근,승합,남,53세,상해없음,보행자,여,26세,경상
2020081000100086,2020년 8월 10일 08시,월요일,인천광역시 남동구 간석동,경상사고,0,0,2,0,차대차 - 측면충돌,교차로운행방법위반,건조,흐림,교차로 - 교차로안,승용,여,50세,상해없음,승용,여,33세,경상
2020081000100087,2020년 8월 10일 08시,월요일,인천광역시 남동구 서창동,경상사고,0,0,1,0,차대차 - 후진중충돌,안전운전불이행,젖음/습기,비,단일로 - 기타,승용,남,70세,상해없음,승용,여,54세,경상
2020081000100183,2020년 8월 10일 11시,월요일,인천광역시 남동구 만수동,경상사고,0,0,1,0,차대사람 - 길가장자리구역통행중,안전운전불이행,건조,맑음,단일로 - 기타,승용,남,61세,상해없음,보행자,여,36세,경상
2020081000100184,2020년 8월 10일 11시,월요일,인천광역시 연수구 송도동,경상사고,0,0,1,0,차대차 - 측면충돌,교차로운행방법위반,건조,맑음,교차로 - 교차로안,승용,여,53세,상해없음,승용,여,44세,경상
2020081000100255,2020년 8월 10일 13시,월요일,인천광역시 남동구 구월동,경상사고,0,0,1,0,차대차 - 측면충돌,안전운전불이행,건조,맑음,단일로 - 기타,승용,여,44세,상해없음,승용,남,61세,경상
2020081000100289,2020년 8월 10일 14시,월요일,인천광역시 연수구 연수동,부상신고사고,0,0,0,1,차대차 - 측면충돌,안전운전불이행,건조,맑음,단일로 - 기타,자전거,남,13세,부상신고,승용,남,56세,상해없음
2020081000100320,2020년 8월 10일 15시,월요일,인천광역시 서구 가좌동,중상사고,0,1,0,0,차대차 - 측면충돌,안전운전불이행,건조,흐림,교차로 - 교차로안,승용,여,32세,상해없음,자전거,남,11세,중상
2020081000100351,2020년 8월 10일 16시,월요일,인천광역시 계양구 장기동,경상사고,0,0,1,0,차대차 - 측면충돌,안전운전불이행,젖음/습기,비,교차로 - 교차로부근,승용,남,63세,상해없음,승용,남,78세,경상
2020081000100352,2020년 8월 10일 16시,월요일,인천광역시 부평구 부평동,중상사고,0,1,0,0,차대차 - 기타,안전운전불이행,건조,맑음,단일로 - 기타,화물,남,60세,상해없음,이륜,남,36세,중상
2020081000100353,2020년 8월 10일 16시,월요일,인천광역시 남동구 서창동,사망사고,1,0,0,0,차량단독 - 기타,안전운전불이행,젖음/습기,흐림,단일로 - 기타,이륜,남,36세,사망,,,,
2020081000100393,2020년 8월 10일 17시,월요일,인천광역시 서구 가좌동,중상사고,0,1,0,0,차대차 - 측면충돌,안전운전불이행,건조,맑음,단일로 - 기타,승용,여,31세,상해없음,이륜,남,35세,중상
2020081000100394,2020년 8월 10일 17시,월요일,인천광역시 남동구 논현동,경상사고,0,0,2,0,차대차 - 측면충돌,차로위반,젖음/습기,비,기타 - 기타,승합,남,42세,경상,승용,남,45세,경상
2020081000100423,2020년 8월 10일 18시,월요일,인천광역시 미추홀구 도화동,경상사고,0,0,3,0,차대차 - 측면충돌,교차로운행방법위반,젖음/습기,흐림,교차로 - 교차로안,승용,남,33세,경상,승용,여,47세,경상
2020081000100424,2020년 8월 10일 18시,월요일,인천광역시 미추홀구 주안동,경상사고,0,0,1,0,차대차 - 추돌,안전운전불이행,건조,맑음,기타 - 기타,승용,남,53세,상해없음,승용,여,50세,경상
2020081000100425,2020년 8월 10일 18시,월요일,인천광역시 부평구 부평동,중상사고,0,1,0,0,차대사람 - 횡단중,중앙선침범,건조,흐림,교차로 - 교차로부근,자전거,남,45세,상해없음,보행자,남,40세,중상
2020081000100459,2020년 8월 10일 19시,월요일,인천광역시 연수구 송도동,경상사고,0,0,2,0,차대차 - 기타,중앙선침범,건조,맑음,교차로 - 교차로횡단보도내,승합,남,46세,경상,승합,남,63세,경상
2020081000100528,2020년 8월 10일 21시,월요일,인천광역시 서구 청라동,경상사고,0,0,3,0,차대차 - 기타,안전운전불이행,젖음/습기,비,단일로 - 기타,승용,남,49세,상해없음,원동기,남,43세,기타불명
2020081000100558,2020년 8월 10일 22시,월요일,인천광역시 부평구 삼산동,경상사고,0,0,2,0,차대차 - 측면충돌,안전운전불이행,젖음/습기,비,주차장 - 주차장,승용,여,21세,상해없음,승용,여,29세,경상
2020081000100588,2020년 8월 10일 23시,월요일,인천광역시 미추홀구 숭의동,경상사고,0,0,1,0,차대차 - 추돌,안전운전불이행,젖음/습기,비,교차로 - 교차로부근,승용,남,50세,상해없음,승용,남,62세,경상
2020081000100589,2020년 8월 10일 23시,월요일,인천광역시 미추홀구 관교동,경상사고,0,0,2,0,차대차 - 측면충돌,교차로운행방법위반,젖음/습기,비,교차로 - 교차로안,승용,남,68세,상해없음,기타불명,기타불명,미분류,기타불명
2020081100100042,2020년 8월 11일 02시,화요일,인천광역시 남동구 간석동,경상사고,0,0,2,0,차대차 - 추돌,안전운전불이행,젖음/습기,비,단일로 - 기타,승용,남,43세,상해없음,승용,남,63세,경상
2020081100100043,2020년 8월 11일 02시,화요일,인천광역시 계양구 계산동,중상사고,0,1,0,0,차대차 - 정면충돌,중앙선침범,젖음/습기,비,단일로 - 기타,승용,남,55세,기타불명,승용,남,33세,중상
2020081100100047,2020년 8월 11일 03시,화요일,인천광역시 남동구 만수동,경상사고,0,0,2,0,차대차 - 후진중충돌,안전운전불이행,젖음/습기,비,교차로 - 교차로안,승합,남,45세,상해없음,승용,남,33세,경상
2020081100100048,2020년 8월 11일 03시,화요일,인천광역시 미추홀구 학익동,경상사고,0,0,1,0,차대차 - 추돌,안전거리미확보,젖음/습기,비,단일로 - 교량,화물,남,29세,상해없음,화물,남,49세,경상
2020081100100065,2020년 8월 11일 05시,화요일,인천광역시 미추홀구 학익동,경상사고,0,0,1,0,차대차 - 추돌,안전운전불이행,젖음/습기,비,단일로 - 기타,승용,남,29세,상해없음,승용,남,59세,경상
2020081100100066,2020년 8월 11일 05시,화요일,인천광역시 서구 석남동,경상사고,0,0,1,0,차대사람 - 차도통행중,안전운전불이행,젖음/습기,비,교차로 - 교차로부근,승용,남,44세,상해없음,보행자,여,47세,경상
2020081100100098,2020년 8월 11일 07시,화요일,인천광역시 연수구 선학동,경상사고,0,0,1,0,차대차 - 측면충돌,교차로운행방법위반,젖음/습기,비,교차로 - 교차로안,승용,여,57세,상해없음,승용,남,28세,경상
2020081100100138,2020년 8월 11일 08시,화요일,인천광역시 강화군 불은면,중상사고,0,1,0,0,차대차 - 측면충돌,안전운전불이행,젖음/습기,비,단일로 - 기타,승용,남,79세,기타불명,승용,남,48세,중상
2020081100100170,2020년 8월 11일 09시,화요일,인천광역시 서구 왕길동,경상사고,0,0,1,0,차대차 - 측면충돌,안전운전불이행,건조,맑음,교차로 - 교차로안,승용,남,47세,상해없음,승용,남,59세,경상
2020081100100210,2020년 8월 11일 10시,화요일,인천광역시 서구 가정동,경상사고,0,0,1,0,차대차 - 기타,안전거리미확보,건조,맑음,단일로 - 기타,승용,남,60세,상해없음,승용,남,51세,경상
2020081100100211,2020년 8월 11일 10시,화요일,인천광역시 부평구 갈산동,경상사고,0,0,1,0,차대차 - 추돌,안전운전불이행,건조,맑음,단일로 - 교량,승용,남,36세,상해없음,승용,여,46세,경상
2020081100100243,2020년 8월 11일 11시,화요일,인천광역시 남동구 구월동,중상사고,0,1,0,0,차대사람 - 기타,안전운전불이행,건조,맑음,단일로 - 기타,화물,남,58세,상해없음,보행자,남,72세,중상
2020081100100244,2020년 8월 11일 11시,화요일,인천광역시 서구 가정동,경상사고,0,0,2,0,차대차 - 기타,안전운전불이행,건조,맑음,단일로 - 기타,화물,여,51세,경상,승용,여,62세,경상
2020081100100297,2020년 8월 11일 13시,화요일,인천광역시 동구 송현동,중상사고,0,1,0,0,차대사람 - 횡단중,보행자보호의무위반,건조,맑음,교차로 - 교차로횡단보도내,화물,남,51세,상해없음,보행자,여,62세,중상
2020081100100299,2020년 8월 11일 13시,화요일,인천광역시 계양구 계산동,경상사고,0,0,1,0,차대사람 - 길가장자리구역통행중,안전운전불이행,젖음/습기,흐림,단일로 - 기타,화물,남,39세,상해없음,보행자,여,57세,경상
2020081100100339,2020년 8월 11일 14시,화요일,인천광역시 미추홀구 숭의동,중상사고,0,2,0,0,차대차 - 측면충돌,기타,젖음/습기,흐림,단일로 - 기타,승용,남,65세,상해없음,이륜,남,55세,중상
2020081100100340,2020년 8월 11일 14시,화요일,인천광역시 부평구 청천동,경상사고,0,0,1,0,차대사람 - 횡단중,신호위반,건조,맑음,교차로 - 교차로횡단보도내,승용,남,58세,상해없음,보행자,남,70세,경상
2020081100100341,2020년 8월 11일 14시,화요일,인천광역시 남동구 간석동,경상사고,0,0,1,0,차대차 - 기타,교차로운행방법위반,건조,맑음,교차로 - 교차로안,승용,남,61세,상해없음,자전거,남,10세,경상
2020081100100342,2020년 8월 11일 14시,화요일,인천광역시 계양구 작전동,경상사고,0,0,1,0,차량단독 - 기타,기타,건조,맑음,단일로 - 기타,승합,남,57세,상해없음,,,,
2020081100100373,2020년 8월 11일 15시,화요일,인천광역시 중구 송월동1가,경상사고,0,0,1,0,차대사람 - 보도통행중,안전운전불이행,건조,맑음,단일로 - 기타,화물,남,67세,상해없음,보행자,여,76세,경상
2020081100100374,2020년 8월 11일 15시,화요일,인천광역시 미추홀구 용현동,중상사고,0,1,1,0,차대차 - 기타,안전운전불이행,건조,맑음,단일로 - 기타,승합,여,43세,상해없음,특수,남,40세,경상
2020081100100375,2020년 8월 11일 15시,화요일,인천광역시 부평구 부평동,중상사고,0,1,0,0,차대사람 - 기타,안전운전불이행,젖음/습기,비,단일로 - 기타,사륜오토바이(ATV),남,71세,상해없음,보행자,여,71세,중상
2020081100100482,2020년 8월 11일 18시,화요일,인천광역시 미추홀구 용현동,중상사고,0,1,0,0,차대사람 - 기타,안전운전불이행,건조,맑음,단일로 - 기타,승용,남,37세,상해없음,보행자,여,59세,중상
2020081100100483,2020년 8월 11일 18시,화요일,인천광역시 서구 심곡동,경상사고,0,0,1,0,차대차 - 측면충돌,안전운전불이행,건조,맑음,교차로 - 교차로부근,승용,남,57세,상해없음,자전거,남,17세,경상
2020081100100518,2020년 8월 11일 19시,화요일,인천광역시 남동구 구월동,경상사고,0,0,2,0,차대차 - 측면충돌,안전거리미확보,건조,맑음,단일로 - 기타,승용,남,41세,상해없음,승용,남,23세,경상
2020081100100519,2020년 8월 11일 19시,화요일,인천광역시 서구 청라동,중상사고,0,1,0,0,차대사람 - 보도통행중,안전운전불이행,건조,흐림,교차로 - 교차로횡단보도내,승용,남,40세,상해없음,보행자,남,11세,중상
2020081100100547,2020년 8월 11일 20시,화요일,인천광역시 서구 청라동,경상사고,0,0,1,0,차대차 - 측면충돌,안전운전불이행,건조,흐림,교차로 - 교차로횡단보도내,승용,남,40세,상해없음,개인형이동수단(PM),여,18세,경상
2020081100100600,2020년 8월 11일 22시,화요일,인천광역시 계양구 임학동,중상사고,0,1,0,0,차대사람 - 기타,안전운전불이행,건조,맑음,단일로 - 기타,승용,남,24세,상해없음,보행자,남,57세,중상
2020081200100018,2020년 8월 12일 01시,수요일,인천광역시 남동구 구월동,중상사고,0,1,0,0,차대차 - 추돌,안전운전불이행,건조,맑음,교차로 - 교차로안,승용,여,21세,상해없음,이륜,남,29세,중상
2020081200100071,2020년 8월 12일 07시,수요일,인천광역시 서구 가정동,경상사고,0,0,1,0,차대차 - 기타,안전운전불이행,건조,맑음,단일로 - 기타,승용,여,32세,상해없음,자전거,남,46세,경상
2020081200100072,2020년 8월 12일 07시,수요일,인천광역시 서구 청라동,경상사고,0,0,1,0,차대차 - 측면충돌,안전운전불이행,건조,맑음,단일로 - 기타,승용,여,34세,상해없음,승용,남,32세,경상
2020081200100119,2020년 8월 12일 08시,수요일,인천광역시 서구 오류동,경상사고,0,0,3,1,차대차 - 추돌,안전운전불이행,건조,맑음,교차로 - 교차로부근,승용,남,33세,상해없음,승용,여,37세,경상
2020081200100120,2020년 8월 12일 08시,수요일,인천광역시 서구 원당동,경상사고,0,0,1,0,차대차 - 정면충돌,안전운전불이행,건조,맑음,교차로 - 교차로안,화물,남,30세,상해없음,이륜,남,18세,경상
2020081200100220,2020년 8월 12일 11시,수요일,인천광역시 부평구 부평동,중상사고,0,1,0,0,차대차 - 측면충돌,안전운전불이행,건조,맑음,단일로 - 기타,승용,남,65세,상해없음,이륜,남,45세,중상
2020081200100252,2020년 8월 12일 12시,수요일,인천광역시 중구 신흥동3가,경상사고,0,0,1,0,차대차 - 측면충돌,교차로운행방법위반,건조,맑음,교차로 - 교차로안,특수,남,67세,상해없음,승용,여,42세,경상
2020081200100289,2020년 8월 12일 13시,수요일,인천광역시 미추홀구 주안동,경상사고,0,0,1,0,차대차 - 추돌,안전운전불이행,건조,맑음,단일로 - 기타,승용,여,46세,상해없음,이륜,남,41세,경상
2020081200100323,2020년 8월 12일 14시,수요일,인천광역시 중구 관동1가,경상사고,0,0,3,0,차대차 - 추돌,안전거리미확보,건조,맑음,단일로 - 기타,승합,남,57세,상해없음,승용,남,36세,경상
2020081200100324,2020년 8월 12일 14시,수요일,인천광역시 남동구 구월동,경상사고,0,0,1,0,차대차 - 측면충돌,안전거리미확보,건조,맑음,교차로 - 교차로부근,승용,남,25세,상해없음,이륜,남,34세,경상
2020081200100357,2020년 8월 12일 15시,수요일,인천광역시 부평구 산곡동,경상사고,0,0,1,0,차대차 - 기타,신호위반,건조,맑음,단일로 - 기타,이륜,남,47세,상해없음,승용,남,56세,경상
2020081200100358,2020년 8월 12일 15시,수요일,인천광역시 부평구 부평동,부상신고사고,0,0,0,1,차대사람 - 기타,안전운전불이행,건조,맑음,교차로 - 교차로부근,승용,남,41세,상해없음,보행자,남,65세,부상신고
2020081200100405,2020년 8월 12일 16시,수요일,인천광역시 남동구 만수동,경상사고,0,0,2,0,차대차 - 측면충돌,안전운전불이행,건조,맑음,교차로 - 교차로부근,원동기,남,36세,상해없음,승용,남,40세,경상
2020081200100406,2020년 8월 12일 16시,수요일,인천광역시 서구 당하동,부상신고사고,0,0,0,1,차대차 - 추돌,안전운전불이행,건조,맑음,교차로 - 교차로안,승용,남,49세,상해없음,승용,남,23세,부상신고
2020081200100442,2020년 8월 12일 17시,수요일,인천광역시 중구 중산동,경상사고,0,0,1,0,차대차 - 측면충돌,신호위반,건조,맑음,교차로 - 교차로안,승용,남,60세,상해없음,승용,남,60세,경상
2020081200100443,2020년 8월 12일 17시,수요일,인천광역시 동구 송림동,경상사고,0,0,1,0,차대차 - 측면충돌,안전운전불이행,건조,맑음,단일로 - 기타,승용,남,22세,상해없음,승용,남,62세,경상
2020081200100487,2020년 8월 12일 18시,수요일,인천광역시 부평구 산곡동,경상사고,0,0,1,0,차대사람 - 기타,안전운전불이행,건조,맑음,단일로 - 기타,이륜,남,27세,상해없음,보행자,여,29세,경상
2020081200100514,2020년 8월 12일 19시,수요일,인천광역시 미추홀구 주안동,경상사고,0,0,1,0,차대차 - 측면충돌,안전운전불이행,건조,맑음,단일로 - 기타,승용,남,53세,상해없음,승용,여,52세,경상
2020081200100515,2020년 8월 12일 19시,수요일,인천광역시 계양구 동양동,중상사고,0,1,0,0,차대차 - 측면충돌,직진우회전진행방해,건조,맑음,교차로 - 교차로안,승용,여,49세,상해없음,자전거,남,10세,중상
2020081200100571,2020년 8월 12일 21시,수요일,인천광역시 남동구 구월동,경상사고,0,0,1,0,차대차 - 기타,안전운전불이행,건조,맑음,교차로 - 교차로안,승용,여,63세,상해없음,원동기,남,58세,경상
2020081200100596,2020년 8월 12일 22시,수요일,인천광역시 미추홀구 용현동,경상사고,0,0,1,0,차대사람 - 횡단중,보행자보호의무위반,건조,맑음,교차로 - 교차로횡단보도내,승용,남,70세,상해없음,보행자,여,28세,경상
2020081200100597,2020년 8월 12일 22시,수요일,인천광역시 부평구 갈산동,중상사고,0,1,0,0,차대사람 - 기타,안전운전불이행,건조,맑음,단일로 - 기타,승용,남,42세,기타불명,보행자,남,62세,중상
2020081300100121,2020년 8월 13일 09시,목요일,인천광역시 연수구 송도동,경상사고,0,0,3,0,차대차 - 측면충돌,신호위반,건조,맑음,교차로 - 교차로안,승용,남,65세,경상,승용,남,80세,경상
2020081300100122,2020년 8월 13일 09시,목요일,인천광역시 부평구 부평동,경상사고,0,0,1,0,차대차 - 측면충돌,안전운전불이행,건조,기타,단일로 - 기타,승용,남,65세,기타불명,승용,남,35세,경상
2020081300100152,2020년 8월 13일 10시,목요일,인천광역시 미추홀구 주안동,경상사고,0,0,1,0,차대차 - 측면충돌,안전운전불이행,건조,맑음,단일로 - 기타,화물,남,43세,상해없음,승용,남,27세,경상