사고번호,사고일시,요일,시군구,사고내용,사망자수,중상자수,경상자수,부상신고자수,사고유형,법규위반,노면상태,기상상태,도로형태,가해운전자 차종,가해운전자 성별,가해운전자 연령,가해운전자 상해정도,피해운전자 차종,피해운전자 성별,피해운전자 연령,피해운전자 상해정도
2020082300100443,2020년 8월 23일 22시,일요일,인천광역시 부평구 일신동,경상사고,0,0,1,0,차대차 - 기타,안전거리미확보,건조,맑음,교차로 - 교차로안,승용,남,54세,상해없음,승합,남,53세,상해없음
2020082400100011,2020년 8월 24일 00시,월요일,인천광역시 계양구 작전동,경상사고,0,0,1,0,차대차 - 후진중충돌,안전운전불이행,건조,맑음,단일로 - 기타,승용,남,58세,상해없음,승용,여,42세,상해없음
2020082400100020,2020년 8월 24일 01시,월요일,인천광역시 부평구 청천동,경상사고,0,0,1,0,차대사람 - 길가장자리구역통행중,안전운전불이행,젖음/습기,맑음,교차로 - 교차로부근,화물,남,41세,상해없음,보행자,남,18세,경상
2020082400100025,2020년 8월 24일 02시,월요일,인천광역시 서구 연희동,경상사고,0,0,1,0,차대차 - 후진중충돌,안전운전불이행,건조,맑음,단일로 - 기타,화물,남,49세,상해없음,승용,여,51세,경상
2020082400100045,2020년 8월 24일 05시,월요일,인천광역시 계양구 작전동,경상사고,0,0,1,0,차대차 - 측면충돌,안전운전불이행,건조,맑음,단일로 - 기타,화물,남,51세,상해없음,승용,남,46세,경상
2020082400100055,2020년 8월 24일 06시,월요일,인천광역시 서구 마전동,중상사고,0,2,0,0,차량단독 - 전도전복 - 전복,안전운전불이행,건조,맑음,교차로 - 교차로안,이륜,남,14세,중상,,,,
2020082400100083,2020년 8월 24일 07시,월요일,인천광역시 남동구 논현동,중상사고,0,1,0,0,차대차 - 측면충돌,신호위반,건조,맑음,교차로 - 교차로횡단보도내,화물,남,59세,상해없음,자전거,여,49세,중상
2020082400100084,2020년 8월 24일 07시,월요일,인천광역시 계양구 서운동,경상사고,0,0,1,0,차대차 - 추돌,안전운전불이행,건조,맑음,단일로 - 기타,승용,남,33세,상해없음,승용,남,41세,경상
2020082400100119,2020년 8월 24일 08시,월요일,인천광역시 부평구 십정동,경상사고,0,0,1,0,차대차 - 측면충돌,교차로운행방법위반,건조,맑음,교차로 - 교차로부근,건설기계,남,58세,상해없음,이륜,남,73세,경상
2020082400100120,2020년 8월 24일 08시,월요일,인천광역시 서구 당하동,경상사고,0,0,1,0,차대차 - 기타,안전운전불이행,건조,맑음,교차로 - 교차로안,승합,남,57세,상해없음,승용,여,45세,경상
2020082400100121,2020년 8월 24일 08시,월요일,인천광역시 계양구 작전동,경상사고,0,0,1,0,차대차 - 측면충돌,안전거리미확보,건조,맑음,단일로 - 기타,승용,남,38세,상해없음,승용,남,26세,경상
2020082400100195,2020년 8월 24일 10시,월요일,인천광역시 중구 관동2가,경상사고,0,0,1,0,차대차 - 측면충돌,안전운전불이행,건조,맑음,단일로 - 기타,승용,남,75세,상해없음,승용,남,46세,경상
2020082400100196,2020년 8월 24일 10시,월요일,인천광역시 서구 청라동,중상사고,0,1,0,0,차대차 - 측면충돌,안전운전불이행,건조,맑음,교차로 - 교차로안,승용,여,42세,상해없음,승용,남,60세,중상
2020082400100228,2020년 8월 24일 11시,월요일,인천광역시 계양구 작전동,경상사고,0,0,1,0,차대차 - 후진중충돌,안전운전불이행,건조,맑음,교차로 - 교차로안,승용,여,31세,상해없음,승용,여,49세,경상
2020082400100229,2020년 8월 24일 11시,월요일,인천광역시 연수구 송도동,경상사고,0,0,1,0,차대사람 - 보도통행중,신호위반,건조,맑음,교차로 - 교차로횡단보도내,승용,여,55세,상해없음,보행자,남,6세,경상
2020082400100230,2020년 8월 24일 11시,월요일,인천광역시 부평구 구산동,경상사고,0,0,1,0,차대차 - 측면충돌,안전거리미확보,건조,맑음,단일로 - 기타,승용,여,32세,상해없음,승용,남,41세,경상
2020082400100285,2020년 8월 24일 13시,월요일,인천광역시 남동구 간석동,경상사고,0,0,3,0,차대차 - 측면충돌,교차로운행방법위반,건조,맑음,교차로 - 교차로안,승용,남,34세,상해없음,승용,남,21세,경상
2020082400100326,2020년 8월 24일 14시,월요일,인천광역시 서구 왕길동,경상사고,0,0,1,0,차대차 - 측면충돌,안전운전불이행,건조,맑음,단일로 - 기타,건설기계,남,59세,상해없음,승용,여,23세,경상
2020082400100375,2020년 8월 24일 15시,월요일,인천광역시 부평구 부평동,중상사고,0,1,0,0,차대차 - 측면충돌,차로위반,건조,맑음,단일로 - 기타,승용,남,58세,상해없음,이륜,남,43세,중상
2020082400100422,2020년 8월 24일 16시,월요일,인천광역시 미추홀구 용현동,경상사고,0,0,1,0,차대차 - 기타,안전운전불이행,건조,맑음,단일로 - 기타,승용,남,39세,상해없음,승용,남,28세,경상
2020082400100463,2020년 8월 24일 17시,월요일,인천광역시 남동구 남촌동,중상사고,0,1,0,0,차대차 - 기타,교차로운행방법위반,건조,맑음,교차로 - 교차로부근,승용,남,44세,상해없음,승용,여,29세,상해없음
2020082400100512,2020년 8월 24일 18시,월요일,인천광역시 미추홀구 학익동,경상사고,0,0,2,0,차대차 - 기타,안전운전불이행,건조,맑음,단일로 - 기타,승용,남,33세,경상,승용,남,40세,경상
2020082400100561,2020년 8월 24일 19시,월요일,인천광역시 부평구 산곡동,경상사고,0,0,1,1,차대차 - 측면충돌,안전운전불이행,건조,맑음,단일로 - 기타,승용,남,40세,상해없음,승용,남,64세,경상
2020082400100599,2020년 8월 24일 20시,월요일,인천광역시 부평구 산곡동,경상사고,0,0,4,0,차대차 - 측면충돌,안전거리미확보,건조,맑음,단일로 - 기타,승용,남,52세,상해없음,승용,남,34세,경상
2020082400100600,2020년 8월 24일 20시,월요일,인천광역시 부평구 산곡동,경상사고,0,0,1,0,차대차 - 측면충돌,안전운전불이행,건조,맑음,단일로 - 기타,승용,여,37세,상해없음,승용,여,37세,경상
2020082400100621,2020년 8월 24일 21시,월요일,인천광역시 중구 중산동,경상사고,0,0,1,0,차대차 - 측면충돌,안전운전불이행,건조,맑음,교차로 - 교차로안,승용,남,54세,상해없음,승용,여,31세,경상
2020082400100639,2020년 8월 24일 22시,월요일,인천광역시 부평구 청천동,경상사고,0,0,1,0,차대차 - 측면충돌,신호위반,건조,맑음,교차로 - 교차로안,이륜,남,32세,상해없음,자전거,남,58세,경상
2020082400100640,2020년 8월 24일 22시,월요일,인천광역시 서구 청라동,중상사고,0,1,0,0,차대차 - 측면충돌,안전운전불이행,건조,맑음,교차로 - 교차로안,승용,남,52세,상해없음,이륜,남,42세,중상
2020082500100059,2020년 8월 25일 06시,화요일,인천광역시 부평구 부평동,경상사고,0,0,1,0,차대사람 - 기타,안전운전불이행,건조,맑음,교차로 - 교차로안,화물,남,68세,상해없음,보행자,남,60세,경상
2020082500100088,2020년 8월 25일 07시,화요일,인천광역시 계양구 작전동,경상사고,0,0,1,0,차대차 - 추돌,안전운전불이행,건조,맑음,단일로 - 기타,승용,남,23세,상해없음,승용,여,42세,경상
2020082500100123,2020년 8월 25일 08시,화요일,인천광역시 부평구 청천동,경상사고,0,0,1,0,차대차 - 측면충돌,안전운전불이행,건조,맑음,단일로 - 기타,건설기계,남,56세,상해없음,승용,여,59세,경상
2020082500100196,2020년 8월 25일 10시,화요일,인천광역시 부평구 구산동,경상사고,0,0,1,0,차대차 - 추돌,안전운전불이행,건조,맑음,단일로 - 기타,승용,여,47세,상해없음,승용,남,45세,경상
2020082500100309,2020년 8월 25일 13시,화요일,인천광역시 부평구 십정동,경상사고,0,0,1,0,차대사람 - 보도통행중,안전운전불이행,건조,맑음,교차로 - 교차로횡단보도내,승용,남,73세,상해없음,보행자,남,45세,경상
2020082500100380,2020년 8월 25일 15시,화요일,인천광역시 중구 항동7가,경상사고,0,0,2,0,차대차 - 측면충돌,안전운전불이행,건조,맑음,교차로 - 교차로부근,승용,남,62세,상해없음,승용,여,58세,경상
2020082500100381,2020년 8월 25일 15시,화요일,인천광역시 남동구 구월동,경상사고,0,0,1,0,차대차 - 측면충돌,교차로운행방법위반,건조,맑음,단일로 - 기타,자전거,여,16세,경상,승용,여,46세,상해없음
2020082500100416,2020년 8월 25일 16시,화요일,인천광역시 서구 가정동,경상사고,0,0,1,0,차대차 - 측면충돌,안전운전불이행,건조,맑음,교차로 - 교차로안,이륜,남,51세,상해없음,이륜,남,26세,경상
2020082500100417,2020년 8월 25일 16시,화요일,인천광역시 서구 가좌동,경상사고,0,0,1,0,차대차 - 측면충돌,안전운전불이행,건조,맑음,교차로 - 교차로안,화물,남,34세,상해없음,승용,여,60세,경상
2020082500100418,2020년 8월 25일 16시,화요일,인천광역시 계양구 계산동,중상사고,0,1,0,0,차대사람 - 기타,안전운전불이행,건조,맑음,단일로 - 기타,화물,남,60세,상해없음,보행자,여,29세,중상
2020082500100419,2020년 8월 25일 16시,화요일,인천광역시 계양구 임학동,경상사고,0,0,1,0,차대차 - 측면충돌,안전운전불이행,건조,맑음,단일로 - 기타,승용,남,58세,상해없음,승용,남,25세,경상
2020082500100469,2020년 8월 25일 17시,화요일,인천광역시 강화군 강화읍,부상신고사고,0,0,0,1,차대사람 - 기타,안전운전불이행,건조,맑음,단일로 - 지하차도(도로)내,화물,남,65세,상해없음,보행자,남,80세,부상신고
2020082500100510,2020년 8월 25일 18시,화요일,인천광역시 부평구 갈산동,경상사고,0,0,2,0,차대차 - 기타,안전운전불이행,건조,흐림,교차로 - 교차로부근,승용,남,25세,상해없음,승용,여,47세,경상
2020082500100511,2020년 8월 25일 18시,화요일,인천광역시 남동구 논현동,경상사고,0,0,1,0,차대사람 - 기타,기타,건조,맑음,교차로 - 교차로부근,사륜오토바이(ATV),남,60세,기타불명,보행자,여,62세,경상
2020082500100549,2020년 8월 25일 19시,화요일,인천광역시 남동구 간석동,경상사고,0,0,1,0,차대차 - 추돌,안전거리미확보,건조,맑음,교차로 - 교차로부근,승용,남,69세,상해없음,승용,남,65세,상해없음
2020082500100579,2020년 8월 25일 20시,화요일,인천광역시 미추홀구 용현동,경상사고,0,0,2,0,차대차 - 측면충돌,안전거리미확보,건조,맑음,단일로 - 기타,승용,남,60세,상해없음,이륜,남,33세,경상
2020082500100580,2020년 8월 25일 20시,화요일,인천광역시 남동구 구월동,경상사고,0,0,1,0,차대차 - 추돌,안전운전불이행,건조,맑음,교차로 - 교차로부근,승용,남,26세,상해없음,승용,남,23세,경상
2020082500100581,2020년 8월 25일 20시,화요일,인천광역시 부평구 갈산동,경상사고,0,0,1,0,차대차 - 정면충돌,교차로운행방법위반,건조,맑음,교차로 - 교차로안,이륜,남,18세,상해없음,이륜,남,40세,경상
2020082500100582,2020년 8월 25일 20시,화요일,인천광역시 부평구 삼산동,경상사고,0,0,1,0,차대차 - 측면충돌,안전거리미확보,건조,맑음,교차로 - 교차로부근,화물,남,65세,상해없음,승용,여,51세,경상
2020082500100614,2020년 8월 25일 21시,화요일,인천광역시 부평구 삼산동,경상사고,0,0,1,0,차대차 - 측면충돌,안전운전불이행,건조,맑음,교차로 - 교차로부근,승용,여,46세,상해없음,승용,남,25세,경상
2020082600100106,2020년 8월 26일 08시,수요일,인천광역시 부평구 십정동,경상사고,0,0,2,0,차대차 - 추돌,안전운전불이행,건조,맑음,교차로 - 교차로부근,화물,남,42세,기타불명,승용,남,23세,경상
2020082600100108,2020년 8월 26일 08시,수요일,인천광역시 남동구 장수동,경상사고,0,0,1,0,차대차 - 측면충돌,안전운전불이행,건조,맑음,단일로 - 기타,화물,남,68세,상해없음,승용,남,36세,경상
2020082600100132,2020년 8월 26일 09시,수요일,인천광역시 서구 신현동,중상사고,0,1,0,0,차대사람 - 횡단중,보행자보호의무위반,건조,맑음,교차로 - 교차로횡단보도내,승용,남,40세,상해없음,보행자,여,60세,중상
2020082600100155,2020년 8월 26일 10시,수요일,인천광역시 미추홀구 용현동,경상사고,0,0,1,0,차대사람 - 보도통행중,안전운전불이행,건조,맑음,기타 - 기타,승용,여,59세,상해없음,보행자,남,65세,경상
2020082600100185,2020년 8월 26일 11시,수요일,인천광역시 서구 청라동,중상사고,0,2,0,0,차대차 - 추돌,신호위반,건조,맑음,교차로 - 교차로안,이륜,남,29세,중상,이륜,남,33세,중상
2020082600100186,2020년 8월 26일 11시,수요일,인천광역시 계양구 계산동,중상사고,0,1,0,0,차대사람 - 횡단중,안전운전불이행,건조,맑음,교차로 - 교차로안,승용,남,52세,상해없음,보행자,남,73세,중상
2020082600100187,2020년 8월 26일 11시,수요일,인천광역시 남동구 만수동,중상사고,0,1,0,0,차대사람 - 기타,안전운전불이행,건조,맑음,교차로 - 교차로안,승용,여,53세,상해없음,보행자,남,8세,중상
2020082600100220,2020년 8월 26일 12시,수요일,인천광역시 계양구 작전동,경상사고,0,0,1,0,차대차 - 측면충돌,직진우회전진행방해,건조,맑음,단일로 - 기타,화물,남,56세,상해없음,승용,남,20세,경상
2020082600100283,2020년 8월 26일 14시,수요일,인천광역시 서구 오류동,경상사고,0,0,1,0,차대차 - 측면충돌,안전운전불이행,건조,맑음,교차로 - 교차로부근,화물,남,58세,상해없음,승용,남,30세,경상
2020082600100284,2020년 8월 26일 14시,수요일,인천광역시 계양구 작전동,경상사고,0,0,1,0,차대차 - 측면충돌,신호위반,건조,맑음,교차로 - 교차로안,승용,남,31세,상해없음,승용,남,74세,경상
2020082600100285,2020년 8월 26일 14시,수요일,인천광역시 계양구 병방동,경상사고,0,0,2,0,차대차 - 측면충돌,안전운전불이행,건조,맑음,단일로 - 기타,기타불명,기타불명,미분류,기타불명,승용,여,35세,경상
2020082600100315,2020년 8월 26일 15시,수요일,인천광역시 미추홀구 문학동,경상사고,0,0,1,0,차대차 - 후진중충돌,기타,건조,맑음,교차로 - 교차로안,승용,남,56세,상해없음,승용,여,32세,경상
2020082600100316,2020년 8월 26일 15시,수요일,인천광역시 강화군 화도면,중상사고,0,1,0,0,차대차 - 측면충돌,중앙선침범,건조,맑음,단일로 - 기타,승용,남,36세,상해없음,승용,여,61세,중상
2020082600100388,2020년 8월 26일 17시,수요일,인천광역시 미추홀구 도화동,경상사고,0,0,2,0,차대차 - 추돌,안전운전불이행,건조,맑음,교차로 - 교차로횡단보도내,승용,남,32세,상해없음,승용,여,49세,경상
2020082600100389,2020년 8월 26일 17시,수요일,인천광역시 부평구 부평동,중상사고,0,1,0,0,차대사람 - 횡단중,안전운전불이행,건조,맑음,교차로 - 교차로부근,승용,여,51세,상해없음,보행자,남,4세,중상
2020082600100420,2020년 8월 26일 18시,수요일,인천광역시 부평구 청천동,중상사고,0,1,0,0,차대차 - 측면충돌,안전운전불이행,건조,맑음,교차로 - 교차로안,승합,남,76세,상해없음,승용,여,43세,중상
2020082600100421,2020년 8월 26일 18시,수요일,인천광역시 부평구 부개동,경상사고,0,0,2,0,차대차 - 측면충돌,교차로운행방법위반,건조,맑음,교차로 - 교차로부근,승용,남,48세,상해없음,화물,남,26세,경상
2020082600100451,2020년 8월 26일 19시,수요일,인천광역시 미추홀구 관교동,경상사고,0,0,1,0,차대차 - 기타,안전운전불이행,건조,맑음,단일로 - 기타,승용,여,19세,상해없음,원동기,남,29세,경상
2020082600100452,2020년 8월 26일 19시,수요일,인천광역시 서구 석남동,중상사고,0,1,0,0,차량단독 - 전도전복 - 전도,안전운전불이행,젖음/습기,비,단일로 - 기타,이륜,남,32세,중상,,,,
2020082600100453,2020년 8월 26일 19시,수요일,인천광역시 계양구 계산동,중상사고,0,1,0,0,차대사람 - 횡단중,안전운전불이행,젖음/습기,비,교차로 - 교차로안,승용,남,30세,상해없음,보행자,남,50세,중상
2020082600100481,2020년 8월 26일 20시,수요일,인천광역시 중구 유동,경상사고,0,0,2,0,차대차 - 측면충돌,안전운전불이행,젖음/습기,흐림,교차로 - 교차로안,승용,여,69세,상해없음,승용,남,50세,경상
2020082600100482,2020년 8월 26일 20시,수요일,인천광역시 남동구 구월동,경상사고,0,0,1,0,차대차 - 측면충돌,안전거리미확보,젖음/습기,비,단일로 - 기타,승용,여,42세,상해없음,이륜,남,40세,경상
2020082600100483,2020년 8월 26일 20시,수요일,인천광역시 남동구 구월동,경상사고,0,0,4,0,차대차 - 측면충돌,차로위반,젖음/습기,비,교차로 - 교차로안,승용,여,46세,상해없음,승용,남,24세,경상
2020082600100484,2020년 8월 26일 20시,수요일,인천광역시 남동구 구월동,경상사고,0,0,1,0,차대차 - 측면충돌,교차로운행방법위반,건조,맑음,교차로 - 교차로안,승용,여,49세,상해없음,승용,남,33세,경상
2020082600100529,2020년 8월 26일 22시,수요일,인천광역시 남동구 만수동,경상사고,0,0,2,0,차대차 - 측면충돌,중앙선침범,젖음/습기,비,단일로 - 기타,승용,여,44세,상해없음,승합,남,68세,경상
2020082600100530,2020년 8월 26일 22시,수요일,인천광역시 서구 왕길동,경상사고,0,0,1,0,차대차 - 기타,신호위반,건조,맑음,교차로 - 교차로안,승용,여,61세,상해없음,이륜,남,34세,경상
2020082600100552,2020년 8월 26일 23시,수요일,인천광역시 남동구 구월동,경상사고,0,0,1,0,차대차 - 정면충돌,교차로운행방법위반,젖음/습기,비,교차로 - 교차로안,승합,남,54세,상해없음,이륜,남,18세,경상
2020082600100553,2020년 8월 26일 23시,수요일,인천광역시 서구 심곡동,경상사고,0,0,2,0,차대차 - 기타,안전운전불이행,건조,맑음,단일로 - 기타,승용,남,40세,상해없음,승용,남,54세,경상
2020082600100554,2020년 8월 26일 23시,수요일,인천광역시 부평구 일신동,경상사고,0,0,1,0,차대차 - 추돌,안전운전불이행,젖음/습기,비,단일로 - 기타,승용,남,58세,상해없음,승용,남,54세,경상
2020082600100555,2020년 8월 26일 23시,수요일,인천광역시 남동구 논현동,중상사고,0,1,1,0,차대차 - 측면충돌,안전운전불이행,젖음/습기,비,교차로 - 교차로안,이륜,남,63세,경상,이륜,남,40세,중상
2020082700100007,2020년 8월 27일 00시,목요일,인천광역시 연수구 송도동,경상사고,0,0,1,0,차대차 - 추돌,안전운전불이행,젖음/습기,비,교차로 - 교차로부근,승용,남,29세,상해없음,승용,여,39세,경상
2020082700100028,2020년 8월 27일 03시,목요일,인천광역시 남동구 만수동,중상사고,0,1,0,0,차대사람 - 기타,안전운전불이행,젖음/습기,흐림,교차로 - 교차로부근,승용,여,27세,상해없음,보행자,여,38세,중상
2020082700100033,2020년 8월 27일 04시,목요일,인천광역시 미추홀구 도화동,중상사고,0,1,1,0,차대차 - 추돌,과속,젖음/습기,비,단일로 - 기타,승용,남,52세,기타불명,화물,남,35세,경상
2020082700100039,2020년 8월 27일 05시,목요일,인천광역시 남동구 만수동,중상사고,0,1,0,0,차대사람 - 횡단중,신호위반,젖음/습기,비,교차로 - 교차로안,승용,남,55세,상해없음,보행자,남,54세,중상
2020082700100050,2020년 8월 27일 06시,목요일,인천광역시 부평구 부평동,경상사고,0,0,1,0,차대차 - 측면충돌,교차로운행방법위반,건조,맑음,교차로 - 교차로안,화물,남,32세,상해없음,승용,남,46세,경상
2020082700100071,2020년 8월 27일 07시,목요일,인천광역시 서구 심곡동,경상사고,0,0,1,0,차대차 - 추돌,안전거리미확보,건조,맑음,단일로 - 기타,화물,남,58세,상해없음,승용,여,41세,경상
2020082700100072,2020년 8월 27일 07시,목요일,인천광역시 연수구 송도동,중상사고,0,1,0,0,차대사람 - 차도통행중,안전운전불이행,젖음/습기,흐림,교차로 - 교차로안,승용,남,51세,상해없음,보행자,여,70세,중상
2020082700100108,2020년 8월 27일 08시,목요일,인천광역시 중구 신흥동3가,경상사고,0,0,1,0,차대차 - 측면충돌,안전거리미확보,젖음/습기,흐림,단일로 - 기타,화물,남,59세,상해없음,승용,남,42세,경상
2020082700100109,2020년 8월 27일 08시,목요일,인천광역시 동구 송림동,경상사고,0,0,1,0,차대차 - 측면충돌,안전운전불이행,젖음/습기,비,교차로 - 교차로안,승용,남,19세,상해없음,승용,여,37세,경상
2020082700100110,2020년 8월 27일 08시,목요일,인천광역시 미추홀구 문학동,중상사고,0,1,0,0,차대사람 - 기타,안전운전불이행,젖음/습기,비,기타 - 기타,승용,남,43세,상해없음,보행자,남,70세,중상
2020082700100111,2020년 8월 27일 08시,목요일,인천광역시 서구 석남동,경상사고,0,0,1,0,차대차 - 측면충돌,안전운전불이행,젖음/습기,비,교차로 - 교차로안,승용,남,52세,상해없음,승용,남,60세,경상
2020082700100146,2020년 8월 27일 09시,목요일,인천광역시 남동구 간석동,경상사고,0,0,1,0,차대차 - 측면충돌,안전운전불이행,젖음/습기,비,단일로 - 기타,승용,남,42세,상해없음,승용,남,57세,경상
2020082700100169,2020년 8월 27일 10시,목요일,인천광역시 중구 신흥동3가,경상사고,0,0,1,0,차대차 - 측면충돌,안전거리미확보,건조,맑음,단일로 - 기타,승용,여,39세,상해없음,승용,남,37세,경상
2020082700100225,2020년 8월 27일 12시,목요일,인천광역시 서구 청라동,중상사고,0,1,0,0,차대차 - 추돌,안전운전불이행,건조,맑음,교차로 - 교차로부근,이륜,남,45세,중상,승용,남,71세,상해없음
2020082700100226,2020년 8월 27일 12시,목요일,인천광역시 부평구 부평동,경상사고,0,0,1,0,차대차 - 측면충돌,안전거리미확보,젖음/습기,비,단일로 - 기타,승용,남,42세,상해없음,이륜,여,33세,경상
2020082700100248,2020년 8월 27일 13시,목요일,인천광역시 부평구 갈산동,경상사고,0,0,1,0,차대차 - 정면충돌,교차로운행방법위반,젖음/습기,비,교차로 - 교차로안,승용,남,58세,상해없음,이륜,남,44세,경상
2020082700100285,2020년 8월 27일 14시,목요일,인천광역시 계양구 작전동,중상사고,0,1,0,0,차대사람 - 횡단중,안전운전불이행,건조,맑음,교차로 - 교차로안,승용,남,34세,상해없음,보행자,여,34세,중상
2020082700100327,2020년 8월 27일 15시,목요일,인천광역시 미추홀구 주안동,중상사고,0,3,2,0,차대차 - 측면충돌,신호위반,건조,맑음,교차로 - 교차로안,승용,여,64세,상해없음,승용,여,48세,경상
2020082700100328,2020년 8월 27일 15시,목요일,인천광역시 남동구 간석동,경상사고,0,0,1,0,차대차 - 측면충돌,교차로운행방법위반,건조,맑음,교차로 - 교차로안,승용,여,53세,상해없음,이륜,남,56세,경상
2020082700100364,2020년 8월 27일 16시,목요일,인천광역시 미추홀구 학익동,경상사고,0,0,2,0,차대차 - 측면충돌,교차로운행방법위반,건조,맑음,교차로 - 교차로안,승용,남,22세,상해없음,승용,남,47세,경상
2020082700100400,2020년 8월 27일 17시,목요일,인천광역시 연수구 동춘동,경상사고,0,0,1,0,차대차 - 측면충돌,안전운전불이행,건조,맑음,교차로 - 교차로부근,승용,여,29세,상해없음,화물,남,32세,경상
2020082700100469,2020년 8월 27일 19시,목요일,인천광역시 남동구 간석동,경상사고,0,0,1,0,차대사람 - 보도통행중,신호위반,건조,맑음,교차로 - 교차로횡단보도내,승용,남,23세,상해없음,보행자,여,66세,경상
2020082700100500,2020년 8월 27일 20시,목요일,인천광역시 남동구 간석동,경상사고,0,0,2,0,차대차 - 측면충돌,안전운전불이행,건조,맑음,단일로 - 기타,승용,여,54세,상해없음,승용,남,26세,경상
2020082700100501,2020년 8월 27일 20시,목요일,인천광역시 연수구 청학동,경상사고,0,0,1,0,차대차 - 측면충돌,신호위반,건조,맑음,교차로 - 교차로안,원동기,남,40세,상해없음,승합,남,55세,경상
2020082700100502,2020년 8월 27일 20시,목요일,인천광역시 연수구 송도동,경상사고,0,0,1,0,차대차 - 측면충돌,안전거리미확보,건조,맑음,단일로 - 기타,승용,여,30세,상해없음,승용,여,37세,경상
2020082700100527,2020년 8월 27일 21시,목요일,인천광역시 서구 마전동,중상사고,0,1,0,0,차대사람 - 횡단중,보행자보호의무위반,젖음/습기,비,교차로 - 교차로횡단보도내,승용,남,35세,상해없음,보행자,남,62세,중상
2020082700100546,2020년 8월 27일 22시,목요일,인천광역시 남동구 남촌동,경상사고,0,0,1,0,차대차 - 추돌,안전운전불이행,젖음/습기,비,교차로 - 교차로부근,화물,남,58세,상해없음,승용,여,36세,경상
2020082800100012,2020년 8월 28일 00시,금요일,인천광역시 연수구 옥련동,중상사고,0,1,0,0,차대차 - 기타,신호위반,건조,맑음,교차로 - 교차로안,승용,남,51세,상해없음,승용,남,25세,중상
2020082800100068,2020년 8월 28일 06시,금요일,인천광역시 미추홀구 용현동,경상사고,0,0,1,0,차대차 - 측면충돌,안전운전불이행,건조,맑음,교차로 - 교차로안,승용,남,62세,기타불명,승용,남,66세,경상
2020082800100089,2020년 8월 28일 07시,금요일,인천광역시 남동구 장수동,경상사고,0,0,1,0,차대차 - 추돌,안전운전불이행,건조,맑음,단일로 - 기타,승용,남,29세,상해없음,승용,여,38세,경상
2020082800100145,2020년 8월 28일 09시,금요일,인천광역시 부평구 부평동,중상사고,0,1,0,0,차대사람 - 기타,보행자보호의무위반,건조,맑음,단일로 - 기타,건설기계,남,60세,상해없음,보행자,여,76세,중상
2020082800100173,2020년 8월 28일 10시,금요일,인천광역시 계양구 귤현동,중상사고,0,1,0,0,차대차 - 기타,기타,건조,맑음,단일로 - 기타,승용,남,71세,상해없음,자전거,남,55세,중상
2020082800100199,2020년 8월 28일 11시,금요일,인천광역시 중구 운서동,중상사고,0,2,2,0,차대차 - 측면충돌,안전운전불이행,젖음/습기,흐림,단일로 - 기타,화물,남,54세,중상,화물,남,54세,중상
2020082800100200,2020년 8월 28일 11시,금요일,인천광역시 중구 운서동,경상사고,0,0,1,0,차대사람 - 차도통행중,안전운전불이행,젖음/습기,흐림,교차로 - 교차로안,특수,남,28세,상해없음,보행자,남,36세,경상
2020082800100201,2020년 8월 28일 11시,금요일,인천광역시 계양구 효성동,경상사고,0,0,1,0,차대차 - 측면충돌,교차로운행방법위반,건조,맑음,교차로 - 교차로안,승용,여,70세,상해없음,승용,남,29세,경상
2020082800100268,2020년 8월 28일 13시,금요일,인천광역시 중구 중산동,중상사고,0,1,0,0,차대차 - 측면충돌,안전운전불이행,건조,맑음,단일로 - 기타,화물,남,53세,상해없음,자전거,남,19세,중상
2020082800100269,2020년 8월 28일 13시,금요일,인천광역시 부평구 십정동,경상사고,0,0,2,0,차대차 - 추돌,기타,건조,맑음,교차로 - 교차로부근,승용,남,24세,기타불명,특수,남,51세,경상
2020082800100270,2020년 8월 28일 13시,금요일,인천광역시 부평구 부개동,중상사고,0,1,0,0,차대사람 - 기타,안전운전불이행,젖음/습기,비,교차로 - 교차로부근,승용,여,62세,상해없음,보행자,여,72세,중상
2020082800100303,2020년 8월 28일 14시,금요일,인천광역시 중구 항동7가,경상사고,0,0,2,0,차대차 - 기타,안전운전불이행,건조,맑음,교차로 - 교차로부근,특수,남,59세,상해없음,화물,남,28세,경상
2020082800100304,2020년 8월 28일 14시,금요일,인천광역시 계양구 효성동,경상사고,0,0,1,0,차대차 - 측면충돌,신호위반,건조,맑음,교차로 - 교차로부근,자전거,남,76세,경상,승용,남,63세,상해없음
2020082800100355,2020년 8월 28일 15시,금요일,인천광역시 남동구 간석동,경상사고,0,0,2,0,차대차 - 측면충돌,안전거리미확보,건조,맑음,단일로 - 기타,승용,남,49세,상해없음,승용,남,25세,경상
2020082800100356,2020년 8월 28일 15시,금요일,인천광역시 연수구 청학동,경상사고,0,0,1,0,차대차 - 측면충돌,안전운전불이행,건조,맑음,교차로 - 교차로안,승용,남,27세,상해없음,자전거,여,53세,경상
2020082800100397,2020년 8월 28일 16시,금요일,인천광역시 중구 운서동,중상사고,0,1,0,0,차대차 - 기타,안전운전불이행,건조,맑음,단일로 - 기타,승용,여,64세,상해없음,이륜,남,45세,중상
2020082800100398,2020년 8월 28일 16시,금요일,인천광역시 남동구 구월동,경상사고,0,0,2,0,차대차 - 측면충돌,안전거리미확보,건조,맑음,단일로 - 기타,승용,여,28세,상해없음,승용,남,73세,경상