사고번호,사고일시,요일,시군구,사고내용,사망자수,중상자수,경상자수,부상신고자수,사고유형,법규위반,노면상태,기상상태,도로형태,가해운전자 차종,가해운전자 성별,가해운전자 연령,가해운전자 상해정도,피해운전자 차종,피해운전자 성별,피해운전자 연령,피해운전자 상해정도
2020090300100294,2020년 9월 3일 15시,목요일,인천광역시 서구 검암동,경상사고,0,0,2,0,차대차 - 기타,안전운전불이행,건조,맑음,단일로 - 교량,승용,남,53세,상해없음,승용,남,34세,경상
2020090300100359,2020년 9월 3일 17시,목요일,인천광역시 미추홀구 학익동,부상신고사고,0,0,0,2,차대차 - 기타,안전운전불이행,건조,맑음,교차로 - 교차로안,승용,남,69세,상해없음,이륜,남,61세,부상신고
2020090300100391,2020년 9월 3일 18시,목요일,인천광역시 미추홀구 주안동,경상사고,0,0,1,0,차대차 - 측면충돌,안전거리미확보,건조,맑음,단일로 - 기타,승용,남,32세,상해없음,승용,여,47세,경상
2020090300100430,2020년 9월 3일 19시,목요일,인천광역시 연수구 송도동,중상사고,0,2,0,0,차대차 - 측면충돌,신호위반,건조,맑음,교차로 - 교차로안,승용,남,45세,상해없음,승용,남,47세,중상
2020090300100500,2020년 9월 3일 21시,목요일,인천광역시 서구 신현동,경상사고,0,0,1,0,차대차 - 추돌,안전운전불이행,젖음/습기,비,교차로 - 교차로부근,승용,남,45세,상해없음,승용,남,52세,경상
2020090300100537,2020년 9월 3일 23시,목요일,인천광역시 남동구 간석동,중상사고,0,1,0,0,차대사람 - 차도통행중,안전운전불이행,젖음/습기,흐림,단일로 - 기타,승용,남,53세,상해없음,보행자,남,73세,중상
2020090300100538,2020년 9월 3일 23시,목요일,인천광역시 부평구 구산동,경상사고,0,0,2,0,차대차 - 추돌,안전운전불이행,젖음/습기,비,교차로 - 교차로안,화물,남,42세,상해없음,승용,남,36세,경상
2020090400100004,2020년 9월 4일 00시,금요일,인천광역시 서구 원당동,경상사고,0,0,1,0,차대사람 - 횡단중,안전운전불이행,건조,맑음,교차로 - 교차로횡단보도내,화물,남,40세,상해없음,보행자,남,44세,경상
2020090400100005,2020년 9월 4일 00시,금요일,인천광역시 서구 경서동,경상사고,0,0,1,0,차대차 - 정면충돌,중앙선침범,젖음/습기,흐림,미분류 - 미분류,승용,여,21세,경상,승용,남,56세,기타불명
2020090400100006,2020년 9월 4일 00시,금요일,인천광역시 연수구 동춘동,중상사고,0,1,0,0,차대차 - 추돌,안전운전불이행,젖음/습기,맑음,교차로 - 교차로부근,승용,남,40세,상해없음,승용,남,59세,중상
2020090400100025,2020년 9월 4일 03시,금요일,인천광역시 연수구 연수동,경상사고,0,0,1,0,차대차 - 측면충돌,안전운전불이행,건조,맑음,교차로 - 교차로안,승용,여,46세,상해없음,이륜,남,23세,경상
2020090400100071,2020년 9월 4일 07시,금요일,인천광역시 부평구 구산동,경상사고,0,0,1,0,차대차 - 측면충돌,안전거리미확보,건조,맑음,단일로 - 기타,승용,남,32세,상해없음,승용,남,60세,경상
2020090400100104,2020년 9월 4일 08시,금요일,인천광역시 부평구 부평동,경상사고,0,0,1,0,차대차 - 측면충돌,안전운전불이행,건조,맑음,단일로 - 기타,특수,남,53세,상해없음,승용,여,50세,경상
2020090400100136,2020년 9월 4일 09시,금요일,인천광역시 남동구 논현동,경상사고,0,0,1,0,차대차 - 측면충돌,교차로운행방법위반,건조,맑음,교차로 - 교차로부근,승용,여,59세,상해없음,승용,남,57세,경상
2020090400100168,2020년 9월 4일 10시,금요일,인천광역시 서구 신현동,경상사고,0,0,1,0,차대사람 - 보도통행중,기타,건조,맑음,단일로 - 기타,승용,남,73세,상해없음,보행자,여,66세,경상
2020090400100241,2020년 9월 4일 12시,금요일,인천광역시 부평구 부개동,경상사고,0,0,1,0,차대차 - 측면충돌,안전운전불이행,건조,맑음,단일로 - 기타,승용,여,66세,상해없음,승용,남,70세,경상
2020090400100297,2020년 9월 4일 14시,금요일,인천광역시 중구 중산동,경상사고,0,0,1,0,차대차 - 측면충돌,안전운전불이행,건조,맑음,교차로 - 교차로부근,승용,남,61세,상해없음,승용,남,62세,경상
2020090400100298,2020년 9월 4일 14시,금요일,인천광역시 계양구 계산동,경상사고,0,0,1,0,차대사람 - 횡단중,안전운전불이행,건조,맑음,단일로 - 기타,승용,여,29세,상해없음,보행자,남,49세,경상
2020090400100299,2020년 9월 4일 14시,금요일,인천광역시 연수구 송도동,사망사고,1,0,0,0,차량단독 - 공작물충돌,안전운전불이행,건조,맑음,단일로 - 교량,이륜,남,21세,사망,,,,
2020090400100300,2020년 9월 4일 14시,금요일,인천광역시 남동구 남촌동,경상사고,0,0,1,0,차대차 - 측면충돌,안전운전불이행,건조,맑음,단일로 - 기타,승용,남,57세,상해없음,승합,남,67세,경상
2020090400100337,2020년 9월 4일 15시,금요일,인천광역시 부평구 부평동,중상사고,0,1,0,0,차대사람 - 기타,안전운전불이행,건조,맑음,단일로 - 기타,건설기계,남,73세,상해없음,보행자,남,64세,중상
2020090400100379,2020년 9월 4일 16시,금요일,인천광역시 부평구 청천동,경상사고,0,0,5,0,차대차 - 측면충돌,안전거리미확보,건조,맑음,교차로 - 교차로부근,화물,남,42세,상해없음,승합,남,63세,경상
2020090400100432,2020년 9월 4일 17시,금요일,인천광역시 미추홀구 도화동,경상사고,0,0,2,0,차대차 - 추돌,안전운전불이행,건조,기타,교차로 - 교차로부근,승용,남,60세,기타불명,승용,남,62세,경상
2020090400100481,2020년 9월 4일 18시,금요일,인천광역시 남동구 장수동,경상사고,0,0,2,0,차대차 - 측면충돌,안전운전불이행,젖음/습기,비,교차로 - 교차로부근,승합,남,62세,상해없음,승용,남,32세,경상
2020090400100548,2020년 9월 4일 20시,금요일,인천광역시 미추홀구 숭의동,경상사고,0,0,1,0,차대사람 - 횡단중,안전운전불이행,건조,맑음,단일로 - 기타,이륜,남,40세,상해없음,보행자,남,48세,경상
2020090400100549,2020년 9월 4일 20시,금요일,인천광역시 부평구 삼산동,경상사고,0,0,1,0,차대차 - 기타,교차로운행방법위반,건조,맑음,교차로 - 교차로횡단보도내,승용,여,33세,상해없음,자전거,남,43세,경상
2020090400100596,2020년 9월 4일 22시,금요일,인천광역시 계양구 오류동,경상사고,0,0,1,0,차대차 - 기타,안전운전불이행,건조,맑음,단일로 - 기타,승용,남,55세,상해없음,승용,남,30세,상해없음
2020090400100626,2020년 9월 4일 23시,금요일,인천광역시 미추홀구 학익동,경상사고,0,0,1,0,차대차 - 기타,신호위반,건조,맑음,교차로 - 교차로안,승용,남,33세,상해없음,이륜,남,38세,경상
2020090500100030,2020년 9월 5일 02시,토요일,인천광역시 서구 가정동,경상사고,0,0,2,1,차량단독 - 전도전복 - 전복,과속,건조,맑음,단일로 - 지하차도(도로)내,승용,남,16세,경상,,,,
2020090500100044,2020년 9월 5일 05시,토요일,인천광역시 남동구 만수동,중상사고,0,1,0,0,차대사람 - 차도통행중,안전운전불이행,건조,맑음,단일로 - 기타,화물,남,63세,상해없음,보행자,여,79세,중상
2020090500100067,2020년 9월 5일 07시,토요일,인천광역시 옹진군 영흥면,경상사고,0,0,2,0,차대차 - 측면충돌,안전운전불이행,건조,맑음,단일로 - 기타,화물,남,67세,경상,승용,남,46세,경상
2020090500100103,2020년 9월 5일 09시,토요일,인천광역시 서구 가좌동,경상사고,0,0,1,0,차대차 - 추돌,안전운전불이행,건조,맑음,교차로 - 교차로부근,화물,남,49세,상해없음,승용,여,66세,경상
2020090500100157,2020년 9월 5일 11시,토요일,인천광역시 미추홀구 학익동,경상사고,0,0,1,0,차대사람 - 기타,안전운전불이행,건조,맑음,단일로 - 기타,화물,남,48세,상해없음,보행자,남,43세,경상
2020090500100158,2020년 9월 5일 11시,토요일,인천광역시 부평구 일신동,경상사고,0,0,1,0,차대차 - 측면충돌,안전운전불이행,건조,맑음,단일로 - 기타,승용,남,61세,상해없음,승용,남,25세,경상
2020090500100190,2020년 9월 5일 12시,토요일,인천광역시 부평구 부개동,부상신고사고,0,0,0,1,차대사람 - 보도통행중,안전운전불이행,건조,맑음,단일로 - 기타,승용,남,59세,상해없음,보행자,남,52세,부상신고
2020090500100237,2020년 9월 5일 13시,토요일,인천광역시 연수구 청학동,경상사고,0,0,1,0,차대사람 - 기타,안전운전불이행,건조,맑음,단일로 - 기타,승용,여,58세,상해없음,보행자,남,5세,경상
2020090500100238,2020년 9월 5일 13시,토요일,인천광역시 남동구 논현동,중상사고,0,1,0,0,차대차 - 측면충돌,신호위반,건조,맑음,교차로 - 교차로안,승용,남,77세,상해없음,이륜,남,36세,중상
2020090500100275,2020년 9월 5일 14시,토요일,인천광역시 남동구 논현동,중상사고,0,1,0,0,차대사람 - 횡단중,신호위반,건조,맑음,단일로 - 기타,이륜,남,21세,상해없음,보행자,여,15세,중상
2020090500100387,2020년 9월 5일 17시,토요일,인천광역시 미추홀구 용현동,중상사고,0,1,0,0,차대차 - 측면충돌,안전운전불이행,건조,맑음,교차로 - 교차로안,승용,남,25세,상해없음,이륜,남,17세,중상
2020090500100454,2020년 9월 5일 19시,토요일,인천광역시 남동구 간석동,경상사고,0,0,1,0,차대차 - 후진중충돌,안전운전불이행,건조,맑음,단일로 - 기타,승용,남,27세,상해없음,승용,여,66세,경상
2020090500100455,2020년 9월 5일 19시,토요일,인천광역시 부평구 구산동,경상사고,0,0,1,0,차대차 - 측면충돌,안전거리미확보,건조,맑음,단일로 - 기타,승용,남,52세,상해없음,승용,남,58세,경상
2020090500100491,2020년 9월 5일 20시,토요일,인천광역시 중구 을왕동,경상사고,0,0,2,0,차대차 - 측면충돌,안전운전불이행,건조,맑음,교차로 - 교차로부근,승용,여,21세,기타불명,승용,남,25세,경상
2020090500100492,2020년 9월 5일 20시,토요일,인천광역시 연수구 선학동,경상사고,0,0,1,0,차대차 - 추돌,안전운전불이행,건조,맑음,교차로 - 교차로부근,승용,남,46세,상해없음,승용,여,35세,경상
2020090500100526,2020년 9월 5일 21시,토요일,인천광역시 동구 송현동,경상사고,0,0,2,0,차대차 - 추돌,안전운전불이행,건조,맑음,단일로 - 기타,승용,남,37세,상해없음,승용,여,46세,경상
2020090500100527,2020년 9월 5일 21시,토요일,인천광역시 남동구 논현동,경상사고,0,0,3,0,차대차 - 정면충돌,신호위반,건조,맑음,교차로 - 교차로안,승용,남,41세,상해없음,승용,여,47세,경상
2020090500100568,2020년 9월 5일 23시,토요일,인천광역시 부평구 부평동,경상사고,0,0,1,0,차대차 - 측면충돌,신호위반,건조,맑음,교차로 - 교차로안,승용,남,49세,상해없음,승용,남,69세,경상
2020090600100037,2020년 9월 6일 02시,일요일,인천광역시 남동구 구월동,경상사고,0,0,1,0,차대차 - 추돌,과속,건조,맑음,교차로 - 교차로부근,승용,남,33세,상해없음,승용,여,43세,경상
2020090600100071,2020년 9월 6일 08시,일요일,인천광역시 남동구 구월동,중상사고,0,1,1,0,차대차 - 측면충돌,신호위반,건조,흐림,교차로 - 교차로안,승용,남,78세,경상,이륜,남,46세,중상
2020090600100081,2020년 9월 6일 09시,일요일,인천광역시 계양구 귤현동,중상사고,0,1,0,0,차대차 - 측면충돌,안전운전불이행,건조,맑음,단일로 - 기타,자전거,남,56세,상해없음,자전거,남,45세,중상
2020090600100179,2020년 9월 6일 14시,일요일,인천광역시 남동구 만수동,경상사고,0,0,1,0,차대차 - 측면충돌,안전운전불이행,건조,맑음,단일로 - 기타,이륜,남,35세,상해없음,승용,남,78세,경상
2020090600100180,2020년 9월 6일 14시,일요일,인천광역시 남동구 만수동,경상사고,0,0,2,0,차대차 - 측면충돌,안전거리미확보,건조,맑음,단일로 - 기타,승용,여,43세,상해없음,승용,남,39세,경상
2020090600100313,2020년 9월 6일 19시,일요일,인천광역시 미추홀구 도화동,부상신고사고,0,0,0,2,차대차 - 기타,안전운전불이행,건조,기타,단일로 - 기타,승용,여,46세,기타불명,승용,남,29세,부상신고
2020090600100314,2020년 9월 6일 19시,일요일,인천광역시 계양구 작전동,경상사고,0,0,2,0,차대차 - 측면충돌,안전운전불이행,젖음/습기,비,단일로 - 기타,승용,남,57세,상해없음,화물,남,51세,기타불명
2020090600100349,2020년 9월 6일 20시,일요일,인천광역시 부평구 십정동,경상사고,0,0,1,0,차대차 - 기타,교차로운행방법위반,젖음/습기,비,단일로 - 기타,승용,남,50세,상해없음,이륜,남,41세,경상
2020090600100350,2020년 9월 6일 20시,일요일,인천광역시 남동구 간석동,경상사고,0,0,1,0,차대차 - 측면충돌,안전운전불이행,젖음/습기,비,단일로 - 기타,승용,남,28세,상해없음,이륜,남,55세,경상
2020090600100351,2020년 9월 6일 20시,일요일,인천광역시 연수구 옥련동,경상사고,0,0,1,0,차대사람 - 기타,안전운전불이행,젖음/습기,비,단일로 - 기타,승용,여,37세,상해없음,보행자,남,33세,경상
2020090600100380,2020년 9월 6일 21시,일요일,인천광역시 서구 경서동,경상사고,0,0,1,0,차대차 - 측면충돌,안전운전불이행,건조,맑음,교차로 - 교차로횡단보도내,승용,여,64세,상해없음,자전거,남,16세,경상
2020090600100400,2020년 9월 6일 22시,일요일,인천광역시 부평구 부개동,경상사고,0,0,4,0,차대차 - 추돌,안전운전불이행,건조,맑음,교차로 - 교차로부근,승용,남,28세,상해없음,승용,남,33세,경상
2020090600100411,2020년 9월 6일 23시,일요일,인천광역시 계양구 병방동,경상사고,0,0,1,0,차대차 - 측면충돌,차로위반,젖음/습기,비,교차로 - 교차로안,승용,남,48세,상해없음,승용,남,24세,경상
2020090700100111,2020년 9월 7일 08시,월요일,인천광역시 남동구 구월동,경상사고,0,0,1,0,차대사람 - 횡단중,안전운전불이행,젖음/습기,비,교차로 - 교차로안,승용,여,56세,상해없음,보행자,여,72세,경상
2020090700100112,2020년 9월 7일 08시,월요일,인천광역시 서구 석남동,경상사고,0,0,1,0,차대차 - 후진중충돌,안전운전불이행,젖음/습기,비,기타 - 기타,화물,남,61세,상해없음,승용,여,45세,경상
2020090700100113,2020년 9월 7일 08시,월요일,인천광역시 서구 불로동,경상사고,0,0,2,0,차대차 - 추돌,안전운전불이행,젖음/습기,비,단일로 - 기타,특수,남,51세,경상,승합,남,52세,경상
2020090700100114,2020년 9월 7일 08시,월요일,인천광역시 남동구 도림동,중상사고,0,1,0,0,차대차 - 추돌,안전운전불이행,젖음/습기,비,단일로 - 기타,화물,남,58세,상해없음,화물,남,42세,중상
2020090700100159,2020년 9월 7일 10시,월요일,인천광역시 남동구 만수동,중상사고,0,1,0,0,차대차 - 측면충돌,신호위반,젖음/습기,비,교차로 - 교차로안,승용,여,29세,상해없음,승용,남,25세,상해없음
2020090700100184,2020년 9월 7일 11시,월요일,인천광역시 남동구 간석동,경상사고,0,0,2,0,차대차 - 측면충돌,안전운전불이행,건조,맑음,단일로 - 기타,화물,남,49세,상해없음,승용,남,42세,경상
2020090700100185,2020년 9월 7일 11시,월요일,인천광역시 서구 왕길동,경상사고,0,0,1,0,차대차 - 측면충돌,안전운전불이행,젖음/습기,비,교차로 - 교차로부근,화물,남,76세,상해없음,승용,남,52세,경상
2020090700100287,2020년 9월 7일 14시,월요일,인천광역시 서구 청라동,경상사고,0,0,1,0,차대사람 - 기타,안전운전불이행,건조,맑음,교차로 - 교차로안,승용,여,52세,상해없음,보행자,여,63세,경상
2020090700100321,2020년 9월 7일 15시,월요일,인천광역시 미추홀구 도화동,경상사고,0,0,1,0,차대차 - 추돌,안전운전불이행,젖음/습기,비,단일로 - 기타,승용,남,72세,상해없음,승용,남,26세,경상
2020090700100355,2020년 9월 7일 16시,월요일,인천광역시 미추홀구 학익동,경상사고,0,0,1,0,차대차 - 측면충돌,안전운전불이행,젖음/습기,비,단일로 - 기타,화물,남,38세,경상,화물,남,64세,기타불명
2020090700100387,2020년 9월 7일 17시,월요일,인천광역시 서구 석남동,경상사고,0,0,1,0,차대차 - 기타,안전운전불이행,젖음/습기,비,교차로 - 교차로부근,기타불명,기타불명,미분류,기타불명,이륜,남,53세,경상
2020090700100388,2020년 9월 7일 17시,월요일,인천광역시 부평구 부개동,경상사고,0,0,1,0,차대차 - 추돌,안전운전불이행,젖음/습기,비,단일로 - 기타,승용,남,45세,상해없음,승용,남,59세,경상
2020090700100427,2020년 9월 7일 18시,월요일,인천광역시 부평구 청천동,중상사고,0,1,0,0,차량단독 - 기타,기타,건조,맑음,단일로 - 기타,승합,남,59세,상해없음,,,,
2020090700100428,2020년 9월 7일 18시,월요일,인천광역시 연수구 송도동,중상사고,0,1,0,0,차대차 - 기타,교차로운행방법위반,젖음/습기,비,교차로 - 교차로안,승용,남,52세,상해없음,이륜,남,56세,중상
2020090700100470,2020년 9월 7일 19시,월요일,인천광역시 동구 송현동,경상사고,0,0,1,0,차대사람 - 보도통행중,안전운전불이행,건조,맑음,단일로 - 기타,이륜,남,29세,기타불명,보행자,여,53세,경상
2020090700100471,2020년 9월 7일 19시,월요일,인천광역시 부평구 십정동,경상사고,0,0,1,0,차대차 - 측면충돌,안전운전불이행,젖음/습기,비,교차로 - 교차로부근,승용,남,45세,상해없음,승용,여,60세,경상
2020090700100472,2020년 9월 7일 19시,월요일,인천광역시 서구 석남동,경상사고,0,0,1,0,차대사람 - 횡단중,신호위반,젖음/습기,비,교차로 - 교차로안,이륜,남,39세,상해없음,보행자,남,22세,경상
2020090700100473,2020년 9월 7일 19시,월요일,인천광역시 서구 백석동,경상사고,0,0,1,0,차대차 - 추돌,안전운전불이행,젖음/습기,비,단일로 - 고가도로위,승용,여,59세,상해없음,승용,남,50세,경상
2020090700100474,2020년 9월 7일 19시,월요일,인천광역시 남동구 고잔동,경상사고,0,0,1,0,차대차 - 추돌,안전운전불이행,젖음/습기,비,교차로 - 교차로부근,기타불명,기타불명,미분류,기타불명,승용,여,56세,경상
2020090700100501,2020년 9월 7일 20시,월요일,인천광역시 부평구 부개동,경상사고,0,0,1,0,차대차 - 기타,안전운전불이행,건조,맑음,교차로 - 교차로안,승용,여,64세,상해없음,승용,여,51세,경상
2020090700100516,2020년 9월 7일 20시,월요일,인천광역시 부평구 산곡동,경상사고,0,0,1,0,차대사람 - 횡단중,보행자보호의무위반,젖음/습기,비,교차로 - 교차로안,승용,남,68세,상해없음,보행자,남,15세,경상
2020090700100517,2020년 9월 7일 20시,월요일,인천광역시 부평구 십정동,경상사고,0,0,4,0,차대차 - 측면충돌,안전거리미확보,젖음/습기,비,교차로 - 교차로부근,화물,남,59세,상해없음,승용,남,19세,경상
2020090700100547,2020년 9월 7일 21시,월요일,인천광역시 미추홀구 학익동,중상사고,0,1,0,0,차대사람 - 보도통행중,신호위반,젖음/습기,비,교차로 - 교차로횡단보도내,특수,남,75세,상해없음,보행자,남,50세,중상
2020090700100548,2020년 9월 7일 21시,월요일,인천광역시 부평구 청천동,경상사고,0,0,2,0,차대차 - 측면충돌,안전운전불이행,젖음/습기,비,교차로 - 교차로부근,승용,남,44세,상해없음,승용,남,46세,경상
2020090700100549,2020년 9월 7일 21시,월요일,인천광역시 남동구 구월동,중상사고,0,1,0,0,차대차 - 추돌,안전운전불이행,젖음/습기,비,교차로 - 교차로부근,승용,남,22세,상해없음,승용,남,78세,중상
2020090700100550,2020년 9월 7일 21시,월요일,인천광역시 연수구 송도동,경상사고,0,0,1,0,차대차 - 기타,안전운전불이행,젖음/습기,비,교차로 - 교차로안,승용,남,36세,상해없음,승용,남,24세,경상
2020090800100079,2020년 9월 8일 07시,화요일,인천광역시 서구 가좌동,중상사고,0,1,0,0,차대차 - 기타,안전운전불이행,건조,맑음,교차로 - 교차로안,자전거,여,51세,중상,승용,남,26세,상해없음
2020090800100080,2020년 9월 8일 07시,화요일,인천광역시 남동구 남촌동,경상사고,0,0,1,0,차대차 - 추돌,안전거리미확보,건조,맑음,단일로 - 기타,승용,남,27세,상해없음,승용,남,58세,경상
2020090800100081,2020년 9월 8일 07시,화요일,인천광역시 남동구 고잔동,중상사고,0,1,2,0,차대차 - 기타,안전운전불이행,건조,맑음,기타 - 기타,승합,여,51세,상해없음,승용,남,72세,중상
2020090800100158,2020년 9월 8일 09시,화요일,인천광역시 서구 원창동,중상사고,0,1,1,0,차대차 - 기타,중앙선침범,건조,맑음,교차로 - 교차로부근,승용,남,34세,경상,승용,남,41세,중상
2020090800100159,2020년 9월 8일 09시,화요일,인천광역시 강화군 강화읍,중상사고,0,1,0,0,차대사람 - 횡단중,교차로운행방법위반,건조,맑음,교차로 - 교차로안,화물,남,30세,상해없음,보행자,여,77세,중상
2020090800100187,2020년 9월 8일 10시,화요일,인천광역시 동구 송현동,경상사고,0,0,2,0,차대차 - 추돌,안전운전불이행,건조,맑음,단일로 - 기타,건설기계,남,59세,상해없음,승용,여,30세,경상
2020090800100223,2020년 9월 8일 11시,화요일,인천광역시 서구 청라동,경상사고,0,0,2,0,차대차 - 추돌,안전거리미확보,건조,맑음,단일로 - 기타,승용,여,29세,경상,승용,여,35세,경상
2020090800100255,2020년 9월 8일 12시,화요일,인천광역시 서구 청라동,경상사고,0,0,1,0,차대차 - 측면충돌,안전운전불이행,건조,맑음,교차로 - 교차로안,승용,여,43세,상해없음,승용,남,28세,경상
2020090800100280,2020년 9월 8일 13시,화요일,인천광역시 서구 석남동,경상사고,0,0,1,0,차대사람 - 기타,안전운전불이행,건조,맑음,단일로 - 지하차도(도로)내,승용,남,73세,기타불명,보행자,여,54세,경상
2020090800100281,2020년 9월 8일 13시,화요일,인천광역시 남동구 고잔동,경상사고,0,0,1,0,차대차 - 정면충돌,안전운전불이행,건조,맑음,교차로 - 교차로안,화물,남,55세,상해없음,이륜,남,25세,경상
2020090800100354,2020년 9월 8일 15시,화요일,인천광역시 미추홀구 학익동,경상사고,0,0,1,0,차대차 - 후진중충돌,안전운전불이행,건조,맑음,단일로 - 기타,승합,남,63세,상해없음,승용,남,66세,상해없음
2020090800100355,2020년 9월 8일 15시,화요일,인천광역시 연수구 선학동,중상사고,0,1,0,0,차대사람 - 횡단중,보행자보호의무위반,건조,맑음,교차로 - 교차로횡단보도내,화물,남,49세,상해없음,보행자,여,49세,중상
2020090800100356,2020년 9월 8일 15시,화요일,인천광역시 부평구 부평동,경상사고,0,0,1,0,차대사람 - 보도통행중,중앙선침범,건조,맑음,교차로 - 교차로횡단보도내,승용,남,58세,상해없음,보행자,여,71세,경상
2020090800100357,2020년 9월 8일 15시,화요일,인천광역시 남동구 남촌동,경상사고,0,0,1,0,차대차 - 후진중충돌,안전운전불이행,건조,맑음,단일로 - 기타,화물,남,56세,상해없음,화물,남,46세,경상
2020090800100408,2020년 9월 8일 16시,화요일,인천광역시 계양구 작전동,경상사고,0,0,2,0,차대차 - 측면충돌,안전운전불이행,건조,맑음,교차로 - 교차로안,화물,남,48세,상해없음,이륜,남,39세,경상
2020090800100446,2020년 9월 8일 17시,화요일,인천광역시 미추홀구 용현동,경상사고,0,0,1,0,차대차 - 측면충돌,기타,건조,맑음,단일로 - 기타,승용,남,70세,상해없음,승용,여,52세,경상
2020090800100447,2020년 9월 8일 17시,화요일,인천광역시 서구 원당동,경상사고,0,0,1,0,차대차 - 측면충돌,안전운전불이행,건조,맑음,교차로 - 교차로부근,승용,여,49세,상해없음,승용,남,31세,경상
2020090800100448,2020년 9월 8일 17시,화요일,인천광역시 서구 왕길동,경상사고,0,0,1,0,차대차 - 측면충돌,안전운전불이행,건조,맑음,교차로 - 교차로부근,승용,남,49세,상해없음,승용,남,31세,경상
2020090800100449,2020년 9월 8일 17시,화요일,인천광역시 남동구 논현동,경상사고,0,0,1,0,차대차 - 추돌,안전운전불이행,건조,맑음,단일로 - 기타,이륜,남,18세,상해없음,승용,여,54세,경상
2020090800100489,2020년 9월 8일 18시,화요일,인천광역시 서구 검암동,경상사고,0,0,1,0,차량단독 - 기타,안전운전불이행,건조,맑음,단일로 - 기타,승합,남,61세,상해없음,,,,
2020090800100490,2020년 9월 8일 18시,화요일,인천광역시 계양구 방축동,경상사고,0,0,1,0,차대차 - 측면충돌,안전운전불이행,건조,맑음,단일로 - 기타,승용,남,46세,상해없음,승용,남,30세,경상
2020090800100491,2020년 9월 8일 18시,화요일,인천광역시 계양구 계산동,경상사고,0,0,1,0,차대차 - 후진중충돌,안전운전불이행,건조,맑음,단일로 - 기타,화물,남,57세,상해없음,이륜,남,54세,경상
2020090800100492,2020년 9월 8일 18시,화요일,인천광역시 계양구 목상동,중상사고,0,1,1,0,차대차 - 정면충돌,안전운전불이행,건조,맑음,단일로 - 기타,자전거,남,55세,경상,자전거,남,26세,중상
2020090800100528,2020년 9월 8일 19시,화요일,인천광역시 서구 경서동,경상사고,0,0,1,0,차대차 - 측면충돌,차로위반,건조,맑음,단일로 - 기타,승용,남,38세,상해없음,승용,남,68세,경상
2020090800100529,2020년 9월 8일 19시,화요일,인천광역시 계양구 작전동,경상사고,0,0,1,0,차대사람 - 횡단중,기타,건조,맑음,교차로 - 교차로횡단보도내,화물,남,67세,상해없음,보행자,남,32세,경상
2020090800100564,2020년 9월 8일 20시,화요일,인천광역시 서구 가좌동,중상사고,0,1,0,0,차대차 - 정면충돌,안전운전불이행,건조,맑음,단일로 - 기타,승용,여,38세,상해없음,이륜,남,54세,중상
2020090800100565,2020년 9월 8일 20시,화요일,인천광역시 남동구 만수동,경상사고,0,0,2,0,차대차 - 기타,안전운전불이행,건조,맑음,주차장 - 주차장,승용,여,45세,상해없음,승용,남,40세,경상
2020090800100595,2020년 9월 8일 21시,화요일,인천광역시 서구 석남동,경상사고,0,0,2,0,차대차 - 기타,안전운전불이행,건조,맑음,단일로 - 기타,이륜,남,27세,경상,이륜,남,40세,경상
2020090800100596,2020년 9월 8일 21시,화요일,인천광역시 남동구 논현동,경상사고,0,0,2,0,차대사람 - 기타,기타,건조,맑음,단일로 - 기타,승용,여,51세,경상,보행자,남,39세,경상
2020090900100011,2020년 9월 9일 00시,수요일,인천광역시 중구 을왕동,사망사고,1,0,0,0,차대차 - 정면충돌,중앙선침범,젖음/습기,비,단일로 - 기타,승용,여,34세,상해없음,원동기,남,54세,사망
2020090900100021,2020년 9월 9일 01시,수요일,인천광역시 남동구 간석동,중상사고,0,4,2,0,차대차 - 측면충돌,신호위반,젖음/습기,비,교차로 - 교차로안,승용,남,28세,상해없음,승용,남,62세,중상
2020090900100070,2020년 9월 9일 07시,수요일,인천광역시 중구 항동3가,중상사고,0,1,0,0,차대차 - 측면충돌,신호위반,건조,맑음,교차로 - 교차로안,승용,여,58세,상해없음,승용,여,45세,중상
2020090900100125,2020년 9월 9일 09시,수요일,인천광역시 서구 왕길동,경상사고,0,0,1,0,차대차 - 측면충돌,안전운전불이행,건조,맑음,교차로 - 교차로안,승용,여,64세,상해없음,승합,남,61세,경상
2020090900100148,2020년 9월 9일 10시,수요일,인천광역시 서구 원창동,경상사고,0,0,1,0,차대사람 - 차도통행중,안전운전불이행,건조,맑음,단일로 - 기타,화물,남,31세,상해없음,보행자,남,51세,경상
2020090900100149,2020년 9월 9일 10시,수요일,인천광역시 연수구 송도동,경상사고,0,0,2,0,차대차 - 기타,안전운전불이행,건조,맑음,교차로 - 교차로부근,특수,남,47세,상해없음,화물,남,41세,경상
2020090900100150,2020년 9월 9일 10시,수요일,인천광역시 부평구 부평동,경상사고,0,0,1,0,차대사람 - 기타,안전운전불이행,건조,맑음,교차로 - 교차로안,승용,여,59세,상해없음,보행자,여,85세,경상
2020090900100184,2020년 9월 9일 11시,수요일,인천광역시 연수구 연수동,중상사고,0,1,0,0,차대차 - 측면충돌,안전거리미확보,건조,맑음,단일로 - 기타,승용,남,65세,상해없음,승합,남,57세,상해없음
2020090900100207,2020년 9월 9일 12시,수요일,인천광역시 부평구 부평동,사망사고,1,0,0,0,차대차 - 기타,신호위반,건조,맑음,교차로 - 교차로안,자전거,남,78세,사망,승용,여,57세,상해없음
2020090900100232,2020년 9월 9일 13시,수요일,인천광역시 미추홀구 학익동,경상사고,0,0,2,0,차대차 - 기타,안전운전불이행,건조,맑음,단일로 - 기타,화물,남,45세,상해없음,승용,남,61세,경상