사고번호,사고일시,요일,시군구,사고내용,사망자수,중상자수,경상자수,부상신고자수,사고유형,법규위반,노면상태,기상상태,도로형태,가해운전자 차종,가해운전자 성별,가해운전자 연령,가해운전자 상해정도,피해운전자 차종,피해운전자 성별,피해운전자 연령,피해운전자 상해정도
2020090900100233,2020년 9월 9일 13시,수요일,인천광역시 미추홀구 도화동,경상사고,0,0,1,0,차대차 - 후진중충돌,안전운전불이행,건조,맑음,교차로 - 교차로안,승용,남,55세,상해없음,승용,남,42세,경상
2020090900100271,2020년 9월 9일 14시,수요일,인천광역시 동구 송림동,경상사고,0,0,1,0,차대차 - 측면충돌,안전운전불이행,건조,맑음,교차로 - 교차로안,승용,여,51세,상해없음,승용,남,33세,경상
2020090900100272,2020년 9월 9일 14시,수요일,인천광역시 서구 청라동,경상사고,0,0,1,0,차대차 - 측면충돌,신호위반,젖음/습기,비,교차로 - 교차로부근,이륜,남,55세,상해없음,자전거,여,26세,경상
2020090900100273,2020년 9월 9일 14시,수요일,인천광역시 부평구 삼산동,경상사고,0,0,1,0,차대차 - 기타,안전운전불이행,건조,맑음,단일로 - 터널,승용,남,28세,상해없음,승용,여,45세,경상
2020090900100309,2020년 9월 9일 15시,수요일,인천광역시 남동구 구월동,경상사고,0,0,1,0,차대사람 - 횡단중,보행자보호의무위반,건조,맑음,단일로 - 기타,승용,여,37세,상해없음,보행자,남,24세,경상
2020090900100333,2020년 9월 9일 16시,수요일,인천광역시 남동구 구월동,경상사고,0,0,1,0,차대사람 - 기타,안전운전불이행,건조,맑음,단일로 - 기타,승용,남,46세,상해없음,보행자,여,38세,경상
2020090900100373,2020년 9월 9일 17시,수요일,인천광역시 부평구 부평동,중상사고,0,1,0,0,차대사람 - 횡단중,안전운전불이행,건조,맑음,단일로 - 기타,이륜,남,17세,상해없음,보행자,여,84세,중상
2020090900100374,2020년 9월 9일 17시,수요일,인천광역시 부평구 산곡동,부상신고사고,0,0,0,1,차대사람 - 기타,안전운전불이행,건조,흐림,단일로 - 기타,기타불명,기타불명,미분류,기타불명,보행자,남,53세,부상신고
2020090900100375,2020년 9월 9일 17시,수요일,인천광역시 남동구 구월동,경상사고,0,0,1,0,차대차 - 기타,안전운전불이행,젖음/습기,흐림,단일로 - 기타,승용,남,62세,상해없음,화물,남,33세,경상
2020090900100376,2020년 9월 9일 17시,수요일,인천광역시 서구 석남동,경상사고,0,0,2,0,차대차 - 기타,안전운전불이행,젖음/습기,비,단일로 - 기타,이륜,남,43세,경상,승합,남,55세,경상
2020090900100377,2020년 9월 9일 17시,수요일,인천광역시 계양구 작전동,경상사고,0,0,1,0,차대차 - 측면충돌,안전운전불이행,건조,맑음,단일로 - 기타,승용,남,63세,상해없음,승용,남,33세,경상
2020090900100378,2020년 9월 9일 17시,수요일,인천광역시 계양구 작전동,중상사고,0,1,0,0,차대사람 - 횡단중,안전운전불이행,건조,맑음,교차로 - 교차로안,승용,여,39세,상해없음,보행자,남,5세,중상
2020090900100417,2020년 9월 9일 18시,수요일,인천광역시 중구 항동7가,중상사고,0,1,0,0,차대차 - 측면충돌,안전거리미확보,건조,맑음,단일로 - 기타,승용,남,38세,상해없음,이륜,남,32세,중상
2020090900100453,2020년 9월 9일 19시,수요일,인천광역시 서구 가정동,경상사고,0,0,1,0,차대차 - 기타,안전운전불이행,건조,흐림,교차로 - 교차로부근,승용,여,60세,상해없음,승용,여,41세,경상
2020090900100477,2020년 9월 9일 20시,수요일,인천광역시 서구 가좌동,중상사고,0,1,0,0,차대사람 - 횡단중,안전운전불이행,건조,맑음,단일로 - 기타,승용,여,41세,상해없음,보행자,남,31세,중상
2020090900100478,2020년 9월 9일 20시,수요일,인천광역시 계양구 효성동,경상사고,0,0,2,0,차대차 - 측면충돌,안전운전불이행,젖음/습기,비,단일로 - 기타,승용,남,18세,상해없음,승용,여,53세,상해없음
2020090900100514,2020년 9월 9일 21시,수요일,인천광역시 미추홀구 주안동,중상사고,0,1,0,0,차대사람 - 횡단중,안전운전불이행,건조,맑음,단일로 - 기타,승용,남,45세,상해없음,보행자,남,50세,중상
2020090900100515,2020년 9월 9일 21시,수요일,인천광역시 남동구 간석동,경상사고,0,0,1,0,차대사람 - 차도통행중,안전운전불이행,건조,맑음,단일로 - 기타,기타불명,기타불명,미분류,기타불명,보행자,여,56세,경상
2020090900100516,2020년 9월 9일 21시,수요일,인천광역시 연수구 동춘동,경상사고,0,0,1,0,차대차 - 측면충돌,안전운전불이행,건조,맑음,단일로 - 기타,승용,남,40세,상해없음,승용,여,48세,경상
2020090900100538,2020년 9월 9일 22시,수요일,인천광역시 남동구 간석동,중상사고,0,1,0,1,차대차 - 기타,신호위반,기타,맑음,교차로 - 교차로횡단보도내,원동기,남,18세,부상신고,개인형이동수단(PM),남,21세,중상
2020091000100106,2020년 9월 10일 09시,목요일,인천광역시 부평구 부평동,경상사고,0,0,1,0,차대차 - 추돌,안전운전불이행,건조,맑음,단일로 - 기타,승용,남,25세,상해없음,승용,여,53세,경상
2020091000100107,2020년 9월 10일 09시,목요일,인천광역시 남동구 구월동,경상사고,0,0,1,0,차대차 - 측면충돌,안전운전불이행,건조,맑음,교차로 - 교차로부근,승용,여,64세,상해없음,승용,남,31세,경상
2020091000100108,2020년 9월 10일 09시,목요일,인천광역시 남동구 구월동,경상사고,0,0,2,0,차량단독 - 기타,안전운전불이행,건조,맑음,단일로 - 기타,승용,남,72세,상해없음,,,,
2020091000100176,2020년 9월 10일 11시,목요일,인천광역시 중구 운남동,경상사고,0,0,1,0,차대차 - 측면충돌,교차로운행방법위반,건조,맑음,단일로 - 기타,승용,남,63세,상해없음,승용,남,33세,경상
2020091000100178,2020년 9월 10일 11시,목요일,인천광역시 계양구 작전동,경상사고,0,0,1,0,차대차 - 측면충돌,신호위반,건조,맑음,교차로 - 교차로안,화물,남,29세,상해없음,승용,남,57세,경상
2020091000100247,2020년 9월 10일 13시,목요일,인천광역시 남동구 만수동,중상사고,0,1,0,0,차대사람 - 횡단중,신호위반,건조,맑음,교차로 - 교차로안,승용,남,34세,상해없음,보행자,여,66세,중상
2020091000100248,2020년 9월 10일 13시,목요일,인천광역시 남동구 간석동,경상사고,0,0,1,0,차대차 - 측면충돌,차로위반,건조,맑음,단일로 - 기타,승용,남,73세,상해없음,승용,남,33세,경상
2020091000100249,2020년 9월 10일 13시,목요일,인천광역시 부평구 삼산동,경상사고,0,0,2,0,차대차 - 측면충돌,직진우회전진행방해,건조,맑음,교차로 - 교차로안,승용,여,51세,경상,승용,남,60세,경상
2020091000100273,2020년 9월 10일 14시,목요일,인천광역시 미추홀구 주안동,경상사고,0,0,1,0,차대차 - 추돌,안전운전불이행,건조,맑음,교차로 - 교차로부근,승용,남,65세,기타불명,승용,남,31세,경상
2020091000100305,2020년 9월 10일 15시,목요일,인천광역시 남동구 구월동,경상사고,0,0,2,0,차대차 - 추돌,안전운전불이행,건조,맑음,단일로 - 기타,승용,남,37세,상해없음,승용,여,61세,경상
2020091000100341,2020년 9월 10일 16시,목요일,인천광역시 서구 백석동,경상사고,0,0,1,0,차대사람 - 기타,안전운전불이행,건조,맑음,기타 - 기타,자전거,남,66세,상해없음,보행자,남,38세,경상
2020091000100342,2020년 9월 10일 16시,목요일,인천광역시 서구 가좌동,중상사고,0,1,0,0,차대차 - 기타,안전운전불이행,건조,맑음,교차로 - 교차로안,화물,남,42세,상해없음,기타불명,남,45세,중상
2020091000100343,2020년 9월 10일 16시,목요일,인천광역시 서구 원당동,경상사고,0,0,1,0,차대차 - 추돌,안전운전불이행,건조,맑음,교차로 - 교차로부근,승용,남,45세,상해없음,승용,여,35세,경상
2020091000100344,2020년 9월 10일 16시,목요일,인천광역시 서구 청라동,경상사고,0,0,2,0,차대차 - 기타,안전운전불이행,건조,맑음,교차로 - 교차로안,승용,여,24세,경상,승용,남,34세,상해없음
2020091000100396,2020년 9월 10일 17시,목요일,인천광역시 남동구 만수동,경상사고,0,0,1,0,차대차 - 측면충돌,안전운전불이행,건조,맑음,교차로 - 교차로안,승용,남,40세,상해없음,이륜,남,32세,경상
2020091000100397,2020년 9월 10일 17시,목요일,인천광역시 서구 원당동,경상사고,0,0,1,0,차대차 - 측면충돌,안전운전불이행,건조,맑음,교차로 - 교차로안,승용,여,43세,상해없음,자전거,남,84세,경상
2020091000100451,2020년 9월 10일 18시,목요일,인천광역시 남동구 간석동,중상사고,0,1,2,0,차대차 - 측면충돌,신호위반,건조,맑음,교차로 - 교차로안,이륜,남,29세,중상,승용,여,49세,경상
2020091000100520,2020년 9월 10일 20시,목요일,인천광역시 부평구 일신동,경상사고,0,0,1,0,차대차 - 추돌,기타,건조,맑음,단일로 - 기타,기타불명,기타불명,미분류,기타불명,승용,남,57세,경상
2020091000100547,2020년 9월 10일 21시,목요일,인천광역시 남동구 구월동,경상사고,0,0,2,0,차대차 - 추돌,안전운전불이행,건조,맑음,단일로 - 기타,승용,남,29세,상해없음,승용,남,45세,경상
2020091000100548,2020년 9월 10일 21시,목요일,인천광역시 서구 왕길동,경상사고,0,0,1,0,차대차 - 기타,안전운전불이행,건조,맑음,기타 - 기타,화물,남,63세,상해없음,승용,여,41세,경상
2020091000100549,2020년 9월 10일 21시,목요일,인천광역시 연수구 송도동,경상사고,0,0,1,0,차대차 - 추돌,안전운전불이행,건조,맑음,교차로 - 교차로부근,승용,여,40세,상해없음,승용,여,23세,경상
2020091100100017,2020년 9월 11일 01시,금요일,인천광역시 서구 석남동,경상사고,0,0,2,0,차대차 - 추돌,안전운전불이행,건조,맑음,단일로 - 기타,승용,남,37세,상해없음,승용,남,23세,경상
2020091100100080,2020년 9월 11일 07시,금요일,인천광역시 남동구 고잔동,부상신고사고,0,0,0,1,차대차 - 측면충돌,안전운전불이행,건조,맑음,교차로 - 교차로부근,승용,남,40세,상해없음,승용,남,48세,부상신고
2020091100100163,2020년 9월 11일 10시,금요일,인천광역시 미추홀구 학익동,경상사고,0,0,1,0,차대차 - 측면충돌,안전운전불이행,건조,맑음,교차로 - 교차로안,승용,남,61세,상해없음,승용,여,28세,경상
2020091100100190,2020년 9월 11일 11시,금요일,인천광역시 강화군 화도면,중상사고,0,1,1,0,차대차 - 측면충돌,기타,건조,맑음,교차로 - 교차로안,승용,남,21세,상해없음,승용,남,44세,경상
2020091100100294,2020년 9월 11일 15시,금요일,인천광역시 서구 당하동,경상사고,0,0,1,0,차대차 - 측면충돌,안전운전불이행,건조,맑음,단일로 - 기타,승용,남,68세,상해없음,승용,남,31세,경상
2020091100100295,2020년 9월 11일 15시,금요일,인천광역시 연수구 송도동,경상사고,0,0,1,0,차대차 - 기타,차로위반,젖음/습기,비,단일로 - 기타,건설기계,남,57세,상해없음,승용,여,26세,경상
2020091100100338,2020년 9월 11일 16시,금요일,인천광역시 중구 북성동1가,중상사고,0,1,0,0,차대차 - 측면충돌,중앙선침범,건조,흐림,단일로 - 고가도로위,승용,남,47세,상해없음,화물,남,47세,중상
2020091100100339,2020년 9월 11일 16시,금요일,인천광역시 서구 원당동,경상사고,0,0,1,0,차대차 - 측면충돌,안전운전불이행,젖음/습기,비,교차로 - 교차로안,승용,남,46세,상해없음,승용,여,30세,경상
2020091100100340,2020년 9월 11일 16시,금요일,인천광역시 서구 석남동,경상사고,0,0,1,0,차대사람 - 기타,안전운전불이행,젖음/습기,비,교차로 - 교차로부근,승용,남,20세,상해없음,보행자,남,8세,경상
2020091100100341,2020년 9월 11일 16시,금요일,인천광역시 남동구 장수동,경상사고,0,0,1,3,차대차 - 추돌,안전운전불이행,건조,맑음,단일로 - 지하차도(도로)내,승용,남,18세,상해없음,승용,여,46세,경상
2020091100100392,2020년 9월 11일 17시,금요일,인천광역시 서구 신현동,경상사고,0,0,1,0,차대차 - 측면충돌,안전운전불이행,건조,맑음,교차로 - 교차로부근,승용,남,65세,상해없음,승용,여,27세,경상
2020091100100447,2020년 9월 11일 18시,금요일,인천광역시 미추홀구 숭의동,중상사고,0,1,0,0,차대사람 - 차도통행중,안전운전불이행,건조,맑음,단일로 - 기타,이륜,남,22세,상해없음,보행자,여,79세,중상
2020091100100448,2020년 9월 11일 18시,금요일,인천광역시 부평구 부평동,중상사고,0,1,0,0,차대사람 - 차도통행중,안전운전불이행,건조,흐림,단일로 - 기타,기타불명,기타불명,미분류,기타불명,보행자,남,50세,중상
2020091100100449,2020년 9월 11일 18시,금요일,인천광역시 서구 왕길동,경상사고,0,0,1,0,차대차 - 측면충돌,안전운전불이행,건조,맑음,교차로 - 교차로안,화물,남,55세,상해없음,승용,남,25세,경상
2020091100100450,2020년 9월 11일 18시,금요일,인천광역시 계양구 서운동,경상사고,0,0,2,0,차대차 - 추돌,안전운전불이행,건조,맑음,단일로 - 교량,승용,남,50세,상해없음,승용,남,40세,경상
2020091100100511,2020년 9월 11일 19시,금요일,인천광역시 부평구 부평동,경상사고,0,0,2,0,차대차 - 측면충돌,안전운전불이행,건조,맑음,단일로 - 기타,승용,여,51세,상해없음,승용,남,68세,경상
2020091100100512,2020년 9월 11일 19시,금요일,인천광역시 서구 가정동,중상사고,0,1,2,0,차대차 - 기타,안전운전불이행,건조,맑음,교차로 - 교차로안,승용,남,52세,상해없음,승용,남,29세,상해없음
2020091100100513,2020년 9월 11일 19시,금요일,인천광역시 서구 가좌동,경상사고,0,0,2,0,차대차 - 기타,안전운전불이행,건조,맑음,교차로 - 교차로안,승용,여,24세,상해없음,승용,남,60세,경상
2020091100100514,2020년 9월 11일 19시,금요일,인천광역시 부평구 부평동,중상사고,0,1,0,0,차대차 - 기타,신호위반,건조,맑음,교차로 - 교차로부근,승용,여,65세,상해없음,이륜,남,32세,중상
2020091100100515,2020년 9월 11일 19시,금요일,인천광역시 부평구 삼산동,경상사고,0,0,1,0,차대차 - 측면충돌,직진우회전진행방해,건조,맑음,교차로 - 교차로안,승용,남,69세,상해없음,이륜,남,33세,경상
2020091100100618,2020년 9월 11일 21시,금요일,인천광역시 계양구 계산동,중상사고,0,1,0,0,차대차 - 측면충돌,교차로운행방법위반,건조,맑음,교차로 - 교차로부근,승용,남,46세,상해없음,이륜,남,40세,중상
2020091100100656,2020년 9월 11일 22시,금요일,인천광역시 미추홀구 도화동,경상사고,0,0,1,0,차대차 - 추돌,안전운전불이행,건조,맑음,단일로 - 기타,승용,남,42세,상해없음,화물,남,35세,경상
2020091100100684,2020년 9월 11일 23시,금요일,인천광역시 중구 을왕동,경상사고,0,0,2,0,차대차 - 측면충돌,안전운전불이행,건조,맑음,기타 - 기타,승용,남,42세,기타불명,승용,남,26세,경상
2020091100100685,2020년 9월 11일 23시,금요일,인천광역시 미추홀구 숭의동,경상사고,0,0,2,0,차대사람 - 횡단중,안전운전불이행,젖음/습기,비,교차로 - 교차로안,승용,남,58세,상해없음,보행자,여,38세,경상
2020091100100686,2020년 9월 11일 23시,금요일,인천광역시 미추홀구 문학동,경상사고,0,0,1,0,차량단독 - 기타,안전운전불이행,젖음/습기,비,교차로 - 교차로부근,승용,남,53세,상해없음,,,,
2020091100100687,2020년 9월 11일 23시,금요일,인천광역시 남동구 구월동,경상사고,0,0,3,0,차대차 - 추돌,안전운전불이행,젖음/습기,비,교차로 - 교차로부근,이륜,남,30세,상해없음,승용,남,64세,경상
2020091100100688,2020년 9월 11일 23시,금요일,인천광역시 서구 가정동,경상사고,0,0,1,0,차대사람 - 기타,안전운전불이행,건조,맑음,단일로 - 기타,승용,남,60세,상해없음,보행자,남,27세,경상
2020091100100689,2020년 9월 11일 23시,금요일,인천광역시 강화군 길상면,중상사고,0,1,0,0,차대차 - 측면충돌,신호위반,건조,맑음,교차로 - 교차로안,화물,남,46세,상해없음,승용,여,56세,중상
2020091200100052,2020년 9월 12일 02시,토요일,인천광역시 부평구 삼산동,중상사고,0,1,0,0,차대차 - 추돌,안전운전불이행,젖음/습기,비,교차로 - 교차로부근,이륜,남,26세,중상,화물,남,55세,상해없음
2020091200100071,2020년 9월 12일 04시,토요일,인천광역시 남동구 구월동,경상사고,0,0,1,0,차대사람 - 횡단중,안전운전불이행,젖음/습기,비,단일로 - 기타,승용,여,62세,상해없음,보행자,남,24세,경상
2020091200100082,2020년 9월 12일 05시,토요일,인천광역시 계양구 계산동,중상사고,0,1,0,0,차대차 - 측면충돌,안전운전불이행,건조,맑음,단일로 - 기타,승용,남,48세,상해없음,자전거,남,78세,중상
2020091200100093,2020년 9월 12일 06시,토요일,인천광역시 남동구 간석동,경상사고,0,0,1,0,차대차 - 측면충돌,안전거리미확보,건조,맑음,단일로 - 기타,승용,남,54세,상해없음,승용,여,65세,경상
2020091200100103,2020년 9월 12일 07시,토요일,인천광역시 중구 운서동,경상사고,0,0,1,0,차대차 - 추돌,신호위반,젖음/습기,비,교차로 - 교차로안,승용,여,26세,상해없음,승용,여,40세,경상
2020091200100122,2020년 9월 12일 08시,토요일,인천광역시 부평구 갈산동,경상사고,0,0,1,0,차대차 - 기타,신호위반,건조,맑음,단일로 - 기타,승합,남,64세,상해없음,승용,남,44세,경상
2020091200100145,2020년 9월 12일 09시,토요일,인천광역시 미추홀구 도화동,중상사고,0,1,0,0,차대사람 - 기타,안전운전불이행,건조,맑음,단일로 - 기타,승용,여,62세,상해없음,보행자,남,31세,중상
2020091200100207,2020년 9월 12일 11시,토요일,인천광역시 강화군 강화읍,중상사고,0,1,0,0,차대차 - 측면충돌,안전운전불이행,젖음/습기,비,교차로 - 교차로안,원동기,남,83세,중상,승용,남,33세,상해없음
2020091200100251,2020년 9월 12일 12시,토요일,인천광역시 미추홀구 학익동,경상사고,0,0,1,0,차대차 - 추돌,안전운전불이행,건조,맑음,단일로 - 기타,승용,남,60세,상해없음,승용,남,31세,경상
2020091200100291,2020년 9월 12일 13시,토요일,인천광역시 계양구 병방동,중상사고,0,1,0,0,차대사람 - 횡단중,신호위반,건조,맑음,교차로 - 교차로횡단보도내,이륜,남,34세,상해없음,보행자,여,50세,중상
2020091200100292,2020년 9월 12일 13시,토요일,인천광역시 남동구 논현동,부상신고사고,0,0,0,2,차대차 - 측면충돌,안전거리미확보,건조,맑음,단일로 - 기타,화물,남,51세,상해없음,승용,여,74세,부상신고
2020091200100328,2020년 9월 12일 14시,토요일,인천광역시 부평구 청천동,경상사고,0,0,1,0,차대차 - 측면충돌,신호위반,건조,맑음,교차로 - 교차로안,승용,남,61세,상해없음,원동기,남,36세,경상
2020091200100329,2020년 9월 12일 14시,토요일,인천광역시 부평구 갈산동,중상사고,0,1,0,0,차대차 - 측면충돌,안전거리미확보,건조,맑음,단일로 - 기타,승용,여,51세,상해없음,이륜,남,30세,중상
2020091200100376,2020년 9월 12일 15시,토요일,인천광역시 미추홀구 도화동,경상사고,0,0,1,0,차대차 - 측면충돌,안전운전불이행,건조,맑음,단일로 - 기타,승용,여,34세,상해없음,승용,남,62세,경상
2020091200100413,2020년 9월 12일 16시,토요일,인천광역시 남동구 논현동,중상사고,0,1,0,0,차대차 - 추돌,안전거리미확보,건조,맑음,단일로 - 기타,승용,남,57세,상해없음,승용,남,34세,중상
2020091200100440,2020년 9월 12일 17시,토요일,인천광역시 부평구 산곡동,경상사고,0,0,1,0,차대차 - 기타,안전운전불이행,건조,맑음,단일로 - 기타,승용,남,19세,상해없음,승용,여,48세,경상
2020091200100441,2020년 9월 12일 17시,토요일,인천광역시 남동구 구월동,경상사고,0,0,1,0,차대차 - 기타,중앙선침범,젖음/습기,비,단일로 - 기타,승용,남,26세,상해없음,이륜,남,34세,경상
2020091200100481,2020년 9월 12일 18시,토요일,인천광역시 연수구 청학동,중상사고,0,1,0,0,차대차 - 측면충돌,안전운전불이행,젖음/습기,맑음,단일로 - 기타,승용,남,65세,상해없음,원동기,남,39세,중상
2020091200100515,2020년 9월 12일 19시,토요일,인천광역시 미추홀구 용현동,경상사고,0,0,1,0,차대차 - 추돌,안전운전불이행,건조,맑음,단일로 - 기타,기타불명,기타불명,미분류,기타불명,승용,여,45세,경상
2020091200100516,2020년 9월 12일 19시,토요일,인천광역시 서구 오류동,경상사고,0,0,2,0,차대차 - 정면충돌,안전운전불이행,건조,맑음,단일로 - 기타,화물,남,48세,상해없음,승용,남,62세,경상
2020091200100517,2020년 9월 12일 19시,토요일,인천광역시 남동구 남촌동,경상사고,0,0,1,0,차대차 - 추돌,안전운전불이행,건조,맑음,단일로 - 기타,승용,남,52세,상해없음,화물,기타불명,미분류,기타불명
2020091200100518,2020년 9월 12일 19시,토요일,인천광역시 남동구 만수동,중상사고,0,1,0,0,차대차 - 추돌,안전거리미확보,건조,맑음,단일로 - 기타,승용,남,48세,상해없음,화물,남,42세,중상
2020091200100543,2020년 9월 12일 20시,토요일,인천광역시 계양구 계산동,중상사고,0,1,0,0,차대차 - 측면충돌,안전거리미확보,젖음/습기,비,단일로 - 기타,승용,남,19세,상해없음,이륜,남,42세,중상
2020091200100544,2020년 9월 12일 20시,토요일,인천광역시 연수구 연수동,중상사고,0,1,0,0,차대차 - 후진중충돌,안전운전불이행,건조,맑음,단일로 - 기타,승용,남,23세,상해없음,승용,남,27세,중상
2020091200100572,2020년 9월 12일 21시,토요일,인천광역시 남동구 수산동,경상사고,0,0,1,0,차대차 - 추돌,안전운전불이행,건조,맑음,단일로 - 기타,승용,남,51세,상해없음,승용,남,52세,경상
2020091200100588,2020년 9월 12일 22시,토요일,인천광역시 미추홀구 주안동,경상사고,0,0,1,0,차대차 - 추돌,안전운전불이행,건조,맑음,교차로 - 교차로부근,승용,남,28세,상해없음,승용,남,52세,경상
2020091200100589,2020년 9월 12일 22시,토요일,인천광역시 부평구 산곡동,중상사고,0,1,1,0,차대차 - 정면충돌,신호위반,건조,맑음,교차로 - 교차로안,이륜,남,25세,경상,이륜,남,22세,중상
2020091200100590,2020년 9월 12일 22시,토요일,인천광역시 서구 왕길동,경상사고,0,0,1,0,차대차 - 측면충돌,안전운전불이행,건조,맑음,단일로 - 기타,승용,남,58세,상해없음,이륜,남,21세,경상
2020091200100606,2020년 9월 12일 23시,토요일,인천광역시 부평구 청천동,경상사고,0,0,4,0,차대차 - 측면충돌,안전운전불이행,건조,맑음,교차로 - 교차로부근,원동기,남,31세,상해없음,승용,남,30세,경상
2020091300100008,2020년 9월 13일 00시,일요일,인천광역시 남동구 만수동,경상사고,0,0,2,0,차대차 - 추돌,과속,젖음/습기,흐림,교차로 - 교차로부근,승용,남,25세,상해없음,화물,남,57세,경상
2020091300100072,2020년 9월 13일 08시,일요일,인천광역시 남동구 구월동,경상사고,0,0,2,0,차대차 - 측면충돌,교차로운행방법위반,건조,맑음,교차로 - 교차로안,승용,남,71세,상해없음,승용,남,52세,경상
2020091300100144,2020년 9월 13일 11시,일요일,인천광역시 미추홀구 숭의동,경상사고,0,0,1,0,차대차 - 측면충돌,안전거리미확보,건조,맑음,교차로 - 교차로횡단보도내,승용,남,51세,상해없음,승용,남,28세,경상
2020091300100145,2020년 9월 13일 11시,일요일,인천광역시 부평구 부평동,중상사고,0,1,0,0,차대차 - 측면충돌,안전운전불이행,건조,맑음,단일로 - 기타,승용,남,49세,기타불명,원동기,남,26세,중상
2020091300100181,2020년 9월 13일 12시,일요일,인천광역시 연수구 송도동,중상사고,0,1,1,0,차대차 - 측면충돌,신호위반,건조,맑음,교차로 - 교차로안,승용,여,39세,상해없음,승용,남,48세,경상
2020091300100213,2020년 9월 13일 13시,일요일,인천광역시 미추홀구 숭의동,경상사고,0,0,1,0,차대차 - 측면충돌,안전운전불이행,건조,맑음,단일로 - 기타,승용,여,54세,상해없음,승용,남,65세,경상
2020091300100214,2020년 9월 13일 13시,일요일,인천광역시 남동구 장수동,경상사고,0,0,1,0,차대차 - 측면충돌,교차로운행방법위반,건조,맑음,교차로 - 교차로횡단보도내,승용,남,54세,상해없음,자전거,남,39세,경상
2020091300100252,2020년 9월 13일 14시,일요일,인천광역시 중구 운남동,중상사고,0,1,1,0,차대차 - 측면충돌,중앙선침범,건조,맑음,단일로 - 기타,자전거,남,65세,중상,자전거,여,69세,경상
2020091300100253,2020년 9월 13일 14시,일요일,인천광역시 동구 만석동,경상사고,0,0,1,0,차대차 - 후진중충돌,안전운전불이행,건조,맑음,단일로 - 기타,승용,여,34세,상해없음,승용,여,49세,경상
2020091300100285,2020년 9월 13일 15시,일요일,인천광역시 강화군 교동면,경상사고,0,0,1,0,차대차 - 측면충돌,교차로운행방법위반,건조,맑음,교차로 - 교차로안,승용,남,82세,상해없음,이륜,남,82세,경상
2020091300100322,2020년 9월 13일 16시,일요일,인천광역시 부평구 갈산동,경상사고,0,0,1,0,차대차 - 추돌,안전운전불이행,건조,맑음,교차로 - 교차로안,승용,남,59세,기타불명,승용,여,41세,경상
2020091300100353,2020년 9월 13일 17시,일요일,인천광역시 남동구 간석동,경상사고,0,0,1,0,차대차 - 측면충돌,안전거리미확보,건조,맑음,단일로 - 기타,승용,여,50세,상해없음,원동기,남,34세,경상
2020091300100354,2020년 9월 13일 17시,일요일,인천광역시 남동구 구월동,중상사고,0,1,0,0,차대차 - 기타,안전거리미확보,건조,맑음,단일로 - 기타,승용,남,52세,상해없음,이륜,남,67세,중상
2020091300100355,2020년 9월 13일 17시,일요일,인천광역시 서구 석남동,경상사고,0,0,2,0,차대차 - 기타,안전운전불이행,건조,맑음,교차로 - 교차로부근,승용,남,64세,상해없음,승용,남,65세,상해없음
2020091300100356,2020년 9월 13일 17시,일요일,인천광역시 부평구 삼산동,부상신고사고,0,0,0,1,차대사람 - 기타,안전운전불이행,건조,맑음,단일로 - 기타,자전거,여,66세,기타불명,보행자,남,59세,부상신고
2020091300100442,2020년 9월 13일 20시,일요일,인천광역시 남동구 간석동,경상사고,0,0,1,0,차대차 - 기타,신호위반,건조,맑음,교차로 - 교차로안,승용,여,22세,상해없음,승용,남,61세,상해없음
2020091300100462,2020년 9월 13일 21시,일요일,인천광역시 서구 연희동,경상사고,0,0,2,0,차대차 - 측면충돌,신호위반,건조,맑음,교차로 - 교차로안,승용,여,46세,경상,승용,남,44세,경상
2020091400100057,2020년 9월 14일 06시,월요일,인천광역시 남동구 고잔동,경상사고,0,0,2,0,차대차 - 측면충돌,안전운전불이행,건조,맑음,교차로 - 교차로안,승용,남,63세,상해없음,승용,여,49세,경상
2020091400100087,2020년 9월 14일 07시,월요일,인천광역시 남동구 구월동,경상사고,0,0,1,0,차대사람 - 기타,안전운전불이행,건조,맑음,단일로 - 기타,화물,남,61세,상해없음,보행자,남,60세,경상
2020091400100166,2020년 9월 14일 09시,월요일,인천광역시 남동구 간석동,경상사고,0,0,1,0,차대차 - 추돌,안전거리미확보,건조,맑음,단일로 - 기타,화물,남,55세,상해없음,승용,남,76세,경상
2020091400100167,2020년 9월 14일 09시,월요일,인천광역시 계양구 다남동,중상사고,0,1,0,0,차대차 - 측면충돌,안전운전불이행,건조,맑음,단일로 - 기타,승용,남,29세,상해없음,승용,남,63세,중상
2020091400100337,2020년 9월 14일 14시,월요일,인천광역시 미추홀구 주안동,부상신고사고,0,0,0,1,차대사람 - 횡단중,안전운전불이행,건조,맑음,교차로 - 교차로횡단보도내,건설기계,남,60세,상해없음,보행자,남,68세,부상신고
2020091400100338,2020년 9월 14일 14시,월요일,인천광역시 미추홀구 용현동,경상사고,0,0,1,0,차대차 - 측면충돌,안전운전불이행,건조,맑음,교차로 - 교차로안,승용,여,52세,경상,승용,남,54세,상해없음
2020091400100463,2020년 9월 14일 17시,월요일,인천광역시 미추홀구 주안동,부상신고사고,0,0,0,1,차대사람 - 기타,안전운전불이행,건조,맑음,교차로 - 교차로부근,승용,여,42세,상해없음,보행자,여,74세,부상신고
2020091400100500,2020년 9월 14일 18시,월요일,인천광역시 계양구 임학동,경상사고,0,0,2,0,차대차 - 측면충돌,안전운전불이행,건조,맑음,교차로 - 교차로부근,승용,여,63세,경상,이륜,남,33세,경상