사고번호,사고일시,요일,시군구,사고내용,사망자수,중상자수,경상자수,부상신고자수,사고유형,법규위반,노면상태,기상상태,도로형태,가해운전자 차종,가해운전자 성별,가해운전자 연령,가해운전자 상해정도,피해운전자 차종,피해운전자 성별,피해운전자 연령,피해운전자 상해정도
2020092400100559,2020년 9월 24일 19시,목요일,인천광역시 남동구 구월동,사망사고,1,0,0,0,차대사람 - 횡단중,보행자보호의무위반,건조,맑음,교차로 - 교차로횡단보도내,화물,남,45세,상해없음,보행자,여,34세,사망
2020092400100560,2020년 9월 24일 19시,목요일,인천광역시 서구 가정동,경상사고,0,0,2,0,차대차 - 정면충돌,신호위반,건조,맑음,교차로 - 교차로안,이륜,남,18세,경상,승용,여,61세,경상
2020092400100561,2020년 9월 24일 19시,목요일,인천광역시 부평구 삼산동,경상사고,0,0,1,0,차대차 - 추돌,안전운전불이행,건조,맑음,단일로 - 기타,승용,남,49세,상해없음,승용,남,40세,상해없음
2020092400100606,2020년 9월 24일 20시,목요일,인천광역시 서구 석남동,경상사고,0,0,1,0,차대차 - 정면충돌,신호위반,건조,맑음,교차로 - 교차로부근,승합,남,54세,상해없음,승용,남,56세,경상
2020092400100675,2020년 9월 24일 23시,목요일,인천광역시 서구 오류동,사망사고,1,0,1,0,차대차 - 정면충돌,신호위반,건조,맑음,교차로 - 교차로안,이륜,남,49세,사망,승용,여,34세,경상
2020092500100013,2020년 9월 25일 00시,금요일,인천광역시 중구 중산동,중상사고,0,1,1,0,차대차 - 기타,신호위반,건조,맑음,교차로 - 교차로부근,승용,남,44세,상해없음,승용,남,38세,경상
2020092500100024,2020년 9월 25일 01시,금요일,인천광역시 서구 마전동,경상사고,0,0,1,0,차량단독 - 기타,안전운전불이행,건조,맑음,단일로 - 기타,이륜,남,50세,경상,,,,
2020092500100031,2020년 9월 25일 02시,금요일,인천광역시 서구 가정동,경상사고,0,0,2,0,차대차 - 추돌,안전운전불이행,건조,맑음,교차로 - 교차로부근,승용,남,36세,상해없음,승용,여,61세,경상
2020092500100074,2020년 9월 25일 06시,금요일,인천광역시 계양구 계산동,경상사고,0,0,1,0,차대사람 - 보도통행중,안전운전불이행,건조,맑음,단일로 - 기타,승용,남,51세,상해없음,보행자,여,78세,경상
2020092500100129,2020년 9월 25일 08시,금요일,인천광역시 연수구 송도동,중상사고,0,1,0,0,차대차 - 측면충돌,신호위반,건조,맑음,교차로 - 교차로안,승용,남,62세,상해없음,승용,남,33세,중상
2020092500100130,2020년 9월 25일 08시,금요일,인천광역시 연수구 연수동,경상사고,0,0,1,0,차대사람 - 횡단중,보행자보호의무위반,건조,맑음,교차로 - 교차로횡단보도내,자전거,남,64세,상해없음,보행자,여,9세,경상
2020092500100191,2020년 9월 25일 10시,금요일,인천광역시 중구 항동7가,부상신고사고,0,0,0,2,차대차 - 측면충돌,안전운전불이행,건조,맑음,단일로 - 기타,특수,남,39세,상해없음,승용,여,49세,부상신고
2020092500100192,2020년 9월 25일 10시,금요일,인천광역시 미추홀구 도화동,경상사고,0,0,1,0,차대차 - 기타,안전운전불이행,건조,맑음,기타 - 기타,승용,남,27세,상해없음,화물,남,48세,경상
2020092500100254,2020년 9월 25일 12시,금요일,인천광역시 강화군 강화읍,사망사고,1,0,0,0,차대차 - 측면충돌,안전운전불이행,건조,맑음,단일로 - 기타,자전거,남,76세,사망,승용,여,50세,상해없음
2020092500100301,2020년 9월 25일 13시,금요일,인천광역시 서구 신현동,경상사고,0,0,1,0,차대사람 - 차도통행중,안전운전불이행,건조,맑음,단일로 - 기타,승용,남,66세,상해없음,보행자,여,61세,경상
2020092500100302,2020년 9월 25일 13시,금요일,인천광역시 연수구 송도동,중상사고,0,1,0,0,차대사람 - 횡단중,보행자보호의무위반,건조,맑음,교차로 - 교차로횡단보도내,승용,여,38세,상해없음,보행자,여,26세,중상
2020092500100351,2020년 9월 25일 14시,금요일,인천광역시 중구 덕교동,경상사고,0,0,2,0,차대차 - 측면충돌,교차로운행방법위반,건조,맑음,교차로 - 교차로안,승용,여,24세,경상,승용,여,60세,경상
2020092500100352,2020년 9월 25일 14시,금요일,인천광역시 부평구 십정동,경상사고,0,0,1,0,차대차 - 기타,안전운전불이행,건조,맑음,단일로 - 기타,승용,여,48세,상해없음,이륜,기타불명,미분류,기타불명
2020092500100353,2020년 9월 25일 14시,금요일,인천광역시 남동구 구월동,중상사고,0,1,0,0,차대차 - 기타,안전운전불이행,건조,맑음,교차로 - 교차로횡단보도내,기타불명,기타불명,미분류,기타불명,자전거,남,76세,중상
2020092500100388,2020년 9월 25일 15시,금요일,인천광역시 옹진군 영흥면,중상사고,0,1,0,0,차대차 - 측면충돌,기타,건조,맑음,단일로 - 기타,화물,여,43세,상해없음,자전거,여,48세,중상
2020092500100389,2020년 9월 25일 15시,금요일,인천광역시 계양구 작전동,경상사고,0,0,1,0,차대차 - 측면충돌,안전운전불이행,건조,맑음,단일로 - 교량,화물,남,63세,상해없음,승용,여,51세,경상
2020092500100444,2020년 9월 25일 16시,금요일,인천광역시 미추홀구 학익동,경상사고,0,0,1,0,차대차 - 측면충돌,기타,건조,기타,교차로 - 교차로부근,화물,남,60세,기타불명,승용,여,35세,경상
2020092500100445,2020년 9월 25일 16시,금요일,인천광역시 강화군 선원면,중상사고,0,1,0,0,차대차 - 측면충돌,신호위반,건조,맑음,교차로 - 교차로안,화물,여,64세,기타불명,승용,여,75세,중상
2020092500100446,2020년 9월 25일 16시,금요일,인천광역시 연수구 동춘동,경상사고,0,0,1,0,차대차 - 후진중충돌,안전운전불이행,건조,맑음,단일로 - 기타,승용,여,42세,상해없음,승용,남,41세,경상
2020092500100505,2020년 9월 25일 17시,금요일,인천광역시 서구 심곡동,경상사고,0,0,1,0,차대사람 - 기타,안전운전불이행,건조,맑음,단일로 - 지하차도(도로)내,승용,여,61세,상해없음,보행자,여,68세,경상
2020092500100506,2020년 9월 25일 17시,금요일,인천광역시 남동구 만수동,중상사고,0,1,0,0,차대사람 - 기타,안전운전불이행,건조,맑음,단일로 - 기타,자전거,남,67세,상해없음,보행자,여,82세,중상
2020092500100581,2020년 9월 25일 18시,금요일,인천광역시 중구 신흥동3가,경상사고,0,0,1,0,차대차 - 기타,안전운전불이행,건조,맑음,교차로 - 교차로안,승용,남,59세,상해없음,승용,여,43세,경상
2020092500100582,2020년 9월 25일 18시,금요일,인천광역시 남동구 간석동,경상사고,0,0,1,0,차대사람 - 횡단중,안전운전불이행,건조,맑음,교차로 - 교차로안,승용,남,30세,상해없음,보행자,여,26세,경상
2020092500100642,2020년 9월 25일 19시,금요일,인천광역시 부평구 십정동,경상사고,0,0,1,0,차대차 - 측면충돌,안전운전불이행,건조,맑음,단일로 - 기타,자전거,남,72세,경상,승합,남,53세,상해없음
2020092500100703,2020년 9월 25일 21시,금요일,인천광역시 부평구 부평동,부상신고사고,0,0,0,1,차대차 - 기타,안전운전불이행,건조,맑음,단일로 - 기타,기타불명,기타불명,미분류,기타불명,이륜,남,35세,부상신고
2020092500100704,2020년 9월 25일 21시,금요일,인천광역시 부평구 청천동,중상사고,0,1,2,0,차대차 - 추돌,안전운전불이행,건조,맑음,교차로 - 교차로부근,승용,여,48세,상해없음,승용,여,34세,중상
2020092500100705,2020년 9월 25일 21시,금요일,인천광역시 서구 원창동,경상사고,0,0,1,0,차대차 - 추돌,차로위반,건조,맑음,단일로 - 기타,승용,남,32세,상해없음,화물,남,41세,경상
2020092500100769,2020년 9월 25일 23시,금요일,인천광역시 미추홀구 숭의동,중상사고,0,1,0,0,차대사람 - 횡단중,중앙선침범,건조,맑음,단일로 - 기타,승용,남,33세,상해없음,보행자,남,54세,중상
2020092500100770,2020년 9월 25일 23시,금요일,인천광역시 연수구 선학동,경상사고,0,0,1,0,차대사람 - 길가장자리구역통행중,기타,건조,맑음,교차로 - 교차로부근,승용,남,46세,상해없음,보행자,남,66세,경상
2020092600100015,2020년 9월 26일 00시,토요일,인천광역시 부평구 청천동,경상사고,0,0,2,0,차대차 - 측면충돌,안전운전불이행,건조,맑음,교차로 - 교차로안,승용,남,19세,상해없음,승용,남,29세,경상
2020092600100155,2020년 9월 26일 09시,토요일,인천광역시 서구 경서동,경상사고,0,0,1,0,차대차 - 추돌,안전운전불이행,건조,맑음,단일로 - 기타,승용,남,42세,상해없음,승용,남,24세,경상
2020092600100247,2020년 9월 26일 11시,토요일,인천광역시 서구 불로동,경상사고,0,0,2,0,차대차 - 추돌,안전운전불이행,건조,맑음,교차로 - 교차로부근,승용,여,48세,상해없음,승용,여,38세,경상
2020092600100288,2020년 9월 26일 12시,토요일,인천광역시 강화군 양도면,중상사고,0,1,0,0,차대차 - 측면충돌,중앙선침범,건조,맑음,단일로 - 기타,승용,남,25세,상해없음,이륜,남,61세,중상
2020092600100380,2020년 9월 26일 14시,토요일,인천광역시 남동구 간석동,경상사고,0,0,1,0,차대차 - 측면충돌,교차로운행방법위반,건조,맑음,교차로 - 교차로안,승용,여,53세,상해없음,승용,남,55세,경상
2020092600100381,2020년 9월 26일 14시,토요일,인천광역시 계양구 효성동,중상사고,0,2,0,0,차대차 - 측면충돌,안전운전불이행,건조,맑음,단일로 - 교량,승용,여,55세,상해없음,승용,남,43세,상해없음
2020092600100426,2020년 9월 26일 15시,토요일,인천광역시 남동구 구월동,경상사고,0,0,1,0,차대사람 - 보도통행중,보행자보호의무위반,건조,맑음,단일로 - 기타,승용,남,65세,상해없음,보행자,남,3세,경상
2020092600100427,2020년 9월 26일 15시,토요일,인천광역시 남동구 구월동,경상사고,0,0,1,0,차대차 - 기타,안전운전불이행,건조,맑음,교차로 - 교차로부근,이륜,남,20세,상해없음,승용,남,64세,경상
2020092600100428,2020년 9월 26일 15시,토요일,인천광역시 남동구 구월동,경상사고,0,0,1,0,차대사람 - 길가장자리구역통행중,안전운전불이행,건조,맑음,단일로 - 기타,승합,여,62세,상해없음,보행자,남,61세,경상
2020092600100473,2020년 9월 26일 16시,토요일,인천광역시 계양구 병방동,중상사고,0,1,0,0,차대사람 - 차도통행중,안전운전불이행,건조,맑음,단일로 - 기타,자전거,남,72세,상해없음,보행자,여,63세,중상
2020092600100516,2020년 9월 26일 17시,토요일,인천광역시 서구 마전동,경상사고,0,0,1,0,차대사람 - 보도통행중,기타,건조,맑음,기타 - 기타,자전거,남,34세,상해없음,보행자,여,68세,경상
2020092600100561,2020년 9월 26일 18시,토요일,인천광역시 남동구 구월동,경상사고,0,0,2,0,차대차 - 추돌,안전운전불이행,건조,맑음,단일로 - 기타,승용,남,59세,상해없음,승용,남,49세,경상
2020092600100562,2020년 9월 26일 18시,토요일,인천광역시 서구 청라동,경상사고,0,0,1,0,차대사람 - 횡단중,신호위반,건조,맑음,교차로 - 교차로횡단보도내,화물,남,56세,상해없음,보행자,여,36세,경상
2020092600100563,2020년 9월 26일 18시,토요일,인천광역시 부평구 삼산동,중상사고,0,1,0,0,차대차 - 기타,안전거리미확보,건조,맑음,단일로 - 기타,승합,남,36세,상해없음,승용,여,43세,중상
2020092600100600,2020년 9월 26일 19시,토요일,인천광역시 중구 율목동,경상사고,0,0,1,0,차대차 - 측면충돌,안전운전불이행,건조,맑음,단일로 - 기타,승용,남,24세,상해없음,승용,남,29세,경상
2020092600100601,2020년 9월 26일 19시,토요일,인천광역시 부평구 산곡동,경상사고,0,0,2,0,차대사람 - 횡단중,신호위반,건조,맑음,교차로 - 교차로부근,이륜,남,49세,상해없음,보행자,여,22세,경상
2020092600100602,2020년 9월 26일 19시,토요일,인천광역시 남동구 구월동,중상사고,0,1,0,0,차대차 - 기타,교차로운행방법위반,건조,맑음,교차로 - 교차로안,승용,남,40세,상해없음,이륜,남,39세,중상
2020092600100663,2020년 9월 26일 21시,토요일,인천광역시 부평구 일신동,부상신고사고,0,0,0,1,차대사람 - 기타,안전운전불이행,건조,맑음,단일로 - 기타,이륜,남,41세,상해없음,보행자,남,6세,부상신고
2020092600100684,2020년 9월 26일 22시,토요일,인천광역시 남동구 구월동,경상사고,0,0,4,0,차대차 - 측면충돌,안전거리미확보,건조,맑음,교차로 - 교차로부근,승용,남,61세,상해없음,승용,남,22세,경상
2020092600100685,2020년 9월 26일 22시,토요일,인천광역시 연수구 송도동,중상사고,0,1,0,0,차대사람 - 보도통행중,기타,건조,맑음,기타 - 기타,이륜,남,22세,상해없음,보행자,여,39세,중상
2020092600100701,2020년 9월 26일 23시,토요일,인천광역시 미추홀구 주안동,경상사고,0,0,1,0,차대차 - 측면충돌,안전운전불이행,건조,맑음,단일로 - 기타,승용,남,62세,기타불명,승용,남,36세,경상
2020092600100702,2020년 9월 26일 23시,토요일,인천광역시 서구 청라동,경상사고,0,0,2,0,차대차 - 추돌,안전운전불이행,건조,맑음,교차로 - 교차로부근,승용,남,30세,상해없음,승용,남,63세,상해없음
2020092700100039,2020년 9월 27일 01시,일요일,인천광역시 부평구 부평동,경상사고,0,0,1,0,차대차 - 기타,차로위반,건조,맑음,단일로 - 기타,승용,남,56세,상해없음,이륜,남,29세,경상
2020092700100063,2020년 9월 27일 04시,일요일,인천광역시 부평구 부평동,경상사고,0,0,1,0,차대차 - 정면충돌,중앙선침범,건조,맑음,단일로 - 기타,승용,남,25세,상해없음,승용,남,26세,경상
2020092700100096,2020년 9월 27일 07시,일요일,인천광역시 중구 북성동1가,경상사고,0,0,1,0,차대차 - 측면충돌,신호위반,건조,맑음,교차로 - 교차로횡단보도내,승용,남,44세,상해없음,자전거,남,72세,경상
2020092700100097,2020년 9월 27일 07시,일요일,인천광역시 서구 청라동,경상사고,0,0,2,0,차대차 - 측면충돌,신호위반,건조,맑음,교차로 - 교차로안,승용,남,25세,상해없음,승합,남,36세,경상
2020092700100151,2020년 9월 27일 10시,일요일,인천광역시 연수구 옥련동,경상사고,0,0,3,0,차대차 - 측면충돌,신호위반,건조,맑음,교차로 - 교차로부근,승합,남,45세,상해없음,승용,남,49세,경상
2020092700100213,2020년 9월 27일 12시,일요일,인천광역시 서구 청라동,경상사고,0,0,1,0,차대차 - 기타,안전운전불이행,건조,맑음,단일로 - 기타,이륜,남,18세,경상,승용,남,54세,상해없음
2020092700100214,2020년 9월 27일 12시,일요일,인천광역시 강화군 길상면,경상사고,0,0,1,0,차대차 - 측면충돌,중앙선침범,건조,맑음,단일로 - 지하차도(도로)내,승용,남,38세,상해없음,승용,남,27세,경상
2020092700100290,2020년 9월 27일 14시,일요일,인천광역시 미추홀구 학익동,경상사고,0,0,1,0,차대차 - 측면충돌,안전운전불이행,건조,맑음,단일로 - 기타,승용,여,61세,상해없음,승용,남,68세,경상
2020092700100291,2020년 9월 27일 14시,일요일,인천광역시 서구 마전동,경상사고,0,0,3,0,차대차 - 추돌,안전운전불이행,건조,맑음,기타 - 기타,승용,남,26세,상해없음,승용,남,44세,경상
2020092700100292,2020년 9월 27일 14시,일요일,인천광역시 강화군 길상면,부상신고사고,0,0,0,1,차대사람 - 기타,안전운전불이행,건조,맑음,단일로 - 기타,화물,남,34세,상해없음,보행자,여,60세,부상신고
2020092700100324,2020년 9월 27일 15시,일요일,인천광역시 중구 중산동,경상사고,0,0,1,0,차대사람 - 차도통행중,안전운전불이행,건조,맑음,교차로 - 교차로부근,승용,남,53세,상해없음,보행자,여,50세,경상
2020092700100325,2020년 9월 27일 15시,일요일,인천광역시 계양구 다남동,경상사고,0,0,1,0,차대차 - 정면충돌,안전운전불이행,건조,맑음,단일로 - 기타,자전거,남,71세,상해없음,자전거,남,48세,경상
2020092700100365,2020년 9월 27일 16시,일요일,인천광역시 미추홀구 도화동,경상사고,0,0,1,0,차대차 - 기타,신호위반,건조,맑음,교차로 - 교차로안,승용,남,61세,상해없음,이륜,남,37세,경상
2020092700100403,2020년 9월 27일 17시,일요일,인천광역시 부평구 청천동,경상사고,0,0,2,0,차대차 - 기타,안전운전불이행,건조,맑음,단일로 - 기타,승용,여,40세,상해없음,승용,여,46세,경상
2020092700100404,2020년 9월 27일 17시,일요일,인천광역시 부평구 부평동,경상사고,0,0,1,0,차대차 - 측면충돌,안전운전불이행,건조,맑음,교차로 - 교차로안,이륜,남,33세,경상,승용,남,36세,상해없음
2020092700100405,2020년 9월 27일 17시,일요일,인천광역시 남동구 장수동,경상사고,0,0,2,0,차대차 - 측면충돌,차로위반,건조,맑음,단일로 - 기타,승용,남,77세,상해없음,승용,여,30세,경상
2020092700100438,2020년 9월 27일 18시,일요일,인천광역시 강화군 강화읍,중상사고,0,1,1,0,차대차 - 측면충돌,교차로운행방법위반,건조,맑음,단일로 - 기타,승용,여,60세,상해없음,승용,남,63세,경상
2020092700100467,2020년 9월 27일 19시,일요일,인천광역시 서구 경서동,경상사고,0,0,2,0,차대차 - 측면충돌,안전운전불이행,건조,맑음,교차로 - 교차로안,승용,남,45세,상해없음,승용,남,27세,경상
2020092700100468,2020년 9월 27일 19시,일요일,인천광역시 부평구 삼산동,경상사고,0,0,1,0,차대사람 - 기타,안전운전불이행,건조,맑음,단일로 - 기타,승용,남,42세,상해없음,보행자,여,17세,경상
2020092700100499,2020년 9월 27일 20시,일요일,인천광역시 계양구 작전동,경상사고,0,0,2,0,차대차 - 추돌,안전운전불이행,건조,맑음,교차로 - 교차로부근,승용,여,36세,상해없음,화물,남,63세,경상
2020092700100537,2020년 9월 27일 22시,일요일,인천광역시 서구 석남동,중상사고,0,2,1,0,차대차 - 정면충돌,신호위반,건조,맑음,교차로 - 교차로부근,승용,남,57세,상해없음,승용,남,62세,경상
2020092700100538,2020년 9월 27일 22시,일요일,인천광역시 서구 가좌동,중상사고,0,1,0,0,차대차 - 측면충돌,신호위반,건조,맑음,교차로 - 교차로안,이륜,남,41세,중상,승합,남,46세,상해없음
2020092700100556,2020년 9월 27일 23시,일요일,인천광역시 서구 석남동,경상사고,0,0,1,0,차대차 - 추돌,안전운전불이행,건조,맑음,기타 - 기타,승용,여,25세,상해없음,이륜,남,30세,경상
2020092800100037,2020년 9월 28일 05시,월요일,인천광역시 중구 운서동,경상사고,0,0,2,0,차대차 - 측면충돌,안전운전불이행,건조,맑음,교차로 - 교차로안,승용,남,45세,상해없음,이륜,남,44세,경상
2020092800100074,2020년 9월 28일 07시,월요일,인천광역시 미추홀구 학익동,중상사고,0,1,0,0,차대사람 - 횡단중,신호위반,건조,맑음,교차로 - 교차로안,화물,남,58세,상해없음,보행자,여,53세,중상
2020092800100122,2020년 9월 28일 08시,월요일,인천광역시 부평구 십정동,경상사고,0,0,1,0,차대차 - 추돌,기타,건조,맑음,교차로 - 교차로부근,화물,남,60세,상해없음,승용,여,39세,경상
2020092800100123,2020년 9월 28일 08시,월요일,인천광역시 서구 청라동,경상사고,0,0,2,0,차대차 - 기타,안전운전불이행,건조,맑음,교차로 - 교차로부근,승용,여,45세,상해없음,승합,남,51세,상해없음
2020092800100124,2020년 9월 28일 08시,월요일,인천광역시 부평구 부평동,부상신고사고,0,0,0,1,차대사람 - 기타,안전운전불이행,건조,맑음,기타 - 기타,원동기,남,17세,상해없음,보행자,여,57세,부상신고
2020092800100251,2020년 9월 28일 11시,월요일,인천광역시 미추홀구 도화동,부상신고사고,0,0,0,1,차대차 - 측면충돌,안전운전불이행,건조,맑음,교차로 - 교차로안,이륜,남,32세,부상신고,승용,남,61세,상해없음
2020092800100252,2020년 9월 28일 11시,월요일,인천광역시 남동구 도림동,중상사고,0,1,0,0,차대차 - 측면충돌,신호위반,건조,맑음,기타 - 기타,화물,남,68세,상해없음,이륜,남,47세,중상
2020092800100298,2020년 9월 28일 12시,월요일,인천광역시 남동구 구월동,경상사고,0,0,1,0,차대차 - 정면충돌,안전운전불이행,건조,맑음,단일로 - 기타,이륜,남,52세,상해없음,승용,여,29세,경상
2020092800100346,2020년 9월 28일 13시,월요일,인천광역시 미추홀구 관교동,부상신고사고,0,0,0,1,차량단독 - 기타,기타,건조,맑음,단일로 - 기타,승합,남,66세,상해없음,,,,
2020092800100347,2020년 9월 28일 13시,월요일,인천광역시 미추홀구 숭의동,부상신고사고,0,0,0,2,차대차 - 측면충돌,안전운전불이행,건조,맑음,단일로 - 기타,화물,남,72세,상해없음,승용,여,70세,부상신고
2020092800100405,2020년 9월 28일 14시,월요일,인천광역시 남동구 만수동,사망사고,1,0,0,0,차대사람 - 횡단중,신호위반,건조,맑음,교차로 - 교차로횡단보도내,자전거,남,13세,상해없음,보행자,여,76세,사망
2020092800100406,2020년 9월 28일 14시,월요일,인천광역시 서구 가좌동,경상사고,0,0,1,0,차대차 - 추돌,안전운전불이행,건조,맑음,단일로 - 지하차도(도로)내,승용,여,64세,상해없음,승용,남,37세,경상
2020092800100458,2020년 9월 28일 15시,월요일,인천광역시 중구 항동7가,경상사고,0,0,1,0,차대차 - 측면충돌,안전운전불이행,건조,맑음,교차로 - 교차로부근,건설기계,남,48세,상해없음,승용,여,32세,경상
2020092800100459,2020년 9월 28일 15시,월요일,인천광역시 서구 석남동,경상사고,0,0,1,0,차대사람 - 기타,안전운전불이행,건조,맑음,단일로 - 기타,이륜,남,17세,상해없음,보행자,남,15세,경상
2020092800100523,2020년 9월 28일 16시,월요일,인천광역시 미추홀구 용현동,중상사고,0,1,0,0,차대차 - 측면충돌,안전운전불이행,건조,맑음,단일로 - 기타,특수,남,51세,상해없음,승용,남,26세,중상
2020092800100524,2020년 9월 28일 16시,월요일,인천광역시 계양구 작전동,경상사고,0,0,1,0,차대차 - 후진중충돌,안전운전불이행,건조,맑음,단일로 - 기타,승용,여,39세,상해없음,승용,남,37세,경상
2020092800100582,2020년 9월 28일 17시,월요일,인천광역시 부평구 부평동,경상사고,0,0,1,0,차대차 - 측면충돌,안전운전불이행,건조,맑음,교차로 - 교차로부근,이륜,남,19세,상해없음,승용,남,52세,경상
2020092800100583,2020년 9월 28일 17시,월요일,인천광역시 서구 청라동,경상사고,0,0,1,0,차대사람 - 기타,보행자보호의무위반,건조,맑음,교차로 - 교차로부근,화물,남,62세,상해없음,보행자,남,74세,경상
2020092800100584,2020년 9월 28일 17시,월요일,인천광역시 서구 오류동,중상사고,0,1,0,0,차대차 - 기타,안전운전불이행,건조,맑음,교차로 - 교차로횡단보도내,승용,여,51세,상해없음,자전거,남,72세,중상
2020092800100585,2020년 9월 28일 17시,월요일,인천광역시 연수구 옥련동,경상사고,0,0,1,0,차대차 - 측면충돌,안전운전불이행,건조,맑음,교차로 - 교차로부근,승용,여,58세,경상,특수,남,61세,상해없음
2020092800100650,2020년 9월 28일 18시,월요일,인천광역시 서구 심곡동,경상사고,0,0,1,0,차대차 - 추돌,안전운전불이행,건조,맑음,교차로 - 교차로부근,승용,남,46세,상해없음,승용,남,53세,경상
2020092800100651,2020년 9월 28일 18시,월요일,인천광역시 서구 불로동,경상사고,0,0,1,0,차대차 - 측면충돌,안전운전불이행,건조,맑음,교차로 - 교차로횡단보도내,승용,여,45세,상해없음,자전거,여,24세,경상
2020092800100652,2020년 9월 28일 18시,월요일,인천광역시 연수구 연수동,경상사고,0,0,2,0,차대차 - 측면충돌,안전운전불이행,건조,맑음,교차로 - 교차로부근,화물,남,57세,상해없음,화물,남,33세,경상
2020092800100653,2020년 9월 28일 18시,월요일,인천광역시 부평구 삼산동,부상신고사고,0,0,0,1,차대차 - 기타,중앙선침범,건조,맑음,교차로 - 교차로부근,자전거,여,62세,부상신고,화물,남,53세,상해없음
2020092800100710,2020년 9월 28일 19시,월요일,인천광역시 서구 마전동,부상신고사고,0,0,0,1,차대차 - 기타,교차로운행방법위반,건조,맑음,교차로 - 교차로안,승용,여,42세,상해없음,승합,남,52세,상해없음
2020092800100711,2020년 9월 28일 19시,월요일,인천광역시 서구 경서동,경상사고,0,0,2,0,차대차 - 추돌,안전운전불이행,건조,맑음,교차로 - 교차로안,승용,여,31세,경상,화물,남,40세,경상
2020092800100712,2020년 9월 28일 19시,월요일,인천광역시 계양구 병방동,경상사고,0,0,1,0,차대차 - 추돌,안전운전불이행,건조,맑음,단일로 - 기타,승용,남,45세,상해없음,승용,남,41세,경상
2020092800100713,2020년 9월 28일 19시,월요일,인천광역시 남동구 고잔동,중상사고,0,2,1,0,차대차 - 측면충돌,안전운전불이행,건조,맑음,교차로 - 교차로안,승용,남,48세,상해없음,승용,남,53세,경상
2020092800100736,2020년 9월 28일 20시,월요일,인천광역시 연수구 옥련동,부상신고사고,0,0,0,1,차대사람 - 차도통행중,안전운전불이행,건조,맑음,단일로 - 기타,승합,남,57세,상해없음,보행자,여,76세,부상신고
2020092800100737,2020년 9월 28일 20시,월요일,인천광역시 남동구 수산동,부상신고사고,0,0,0,1,차대차 - 측면충돌,안전거리미확보,건조,맑음,단일로 - 교량,특수,남,64세,상해없음,승용,여,47세,부상신고
2020092800100775,2020년 9월 28일 21시,월요일,인천광역시 미추홀구 주안동,경상사고,0,0,2,0,차대차 - 기타,안전거리미확보,건조,맑음,단일로 - 기타,승용,남,72세,상해없음,승용,여,48세,경상
2020092800100776,2020년 9월 28일 21시,월요일,인천광역시 남동구 논현동,경상사고,0,0,2,0,차대차 - 측면충돌,안전운전불이행,건조,맑음,교차로 - 교차로부근,승용,여,60세,상해없음,승용,남,45세,경상
2020092800100809,2020년 9월 28일 22시,월요일,인천광역시 서구 왕길동,경상사고,0,0,3,0,차대차 - 측면충돌,안전운전불이행,건조,맑음,단일로 - 기타,승용,여,55세,상해없음,승용,여,62세,경상
2020092800100810,2020년 9월 28일 22시,월요일,인천광역시 남동구 남촌동,경상사고,0,0,1,0,차대차 - 추돌,안전운전불이행,건조,맑음,단일로 - 기타,승용,남,29세,상해없음,승용,남,35세,경상
2020092900100068,2020년 9월 29일 06시,화요일,인천광역시 부평구 부평동,중상사고,0,1,0,0,차대차 - 기타,안전운전불이행,건조,맑음,단일로 - 기타,승용,남,59세,상해없음,자전거,여,58세,중상
2020092900100084,2020년 9월 29일 07시,화요일,인천광역시 서구 경서동,중상사고,0,2,0,0,차대차 - 기타,안전운전불이행,건조,맑음,단일로 - 기타,건설기계,남,48세,상해없음,승용,남,53세,중상
2020092900100163,2020년 9월 29일 09시,화요일,인천광역시 연수구 연수동,경상사고,0,0,1,0,차대차 - 측면충돌,안전운전불이행,건조,맑음,교차로 - 교차로안,승용,남,32세,상해없음,승용,남,36세,경상
2020092900100249,2020년 9월 29일 11시,화요일,인천광역시 미추홀구 숭의동,부상신고사고,0,0,0,1,차대사람 - 길가장자리구역통행중,안전운전불이행,건조,맑음,단일로 - 기타,승용,남,61세,기타불명,보행자,여,58세,부상신고
2020092900100250,2020년 9월 29일 11시,화요일,인천광역시 서구 원창동,중상사고,0,1,0,0,차대차 - 정면충돌,안전운전불이행,건조,맑음,교차로 - 교차로안,화물,남,63세,상해없음,승용,남,74세,상해없음
2020092900100251,2020년 9월 29일 11시,화요일,인천광역시 연수구 옥련동,경상사고,0,0,1,0,차대사람 - 차도통행중,안전운전불이행,건조,맑음,단일로 - 기타,화물,남,44세,상해없음,보행자,남,49세,경상
2020092900100285,2020년 9월 29일 12시,화요일,인천광역시 미추홀구 용현동,부상신고사고,0,0,0,1,차대차 - 후진중충돌,안전운전불이행,건조,맑음,교차로 - 교차로부근,승용,남,33세,상해없음,승용,남,30세,부상신고
2020092900100286,2020년 9월 29일 12시,화요일,인천광역시 서구 오류동,경상사고,0,0,1,0,차대차 - 측면충돌,안전운전불이행,건조,맑음,교차로 - 교차로안,승용,남,63세,상해없음,화물,남,50세,경상
2020092900100340,2020년 9월 29일 13시,화요일,인천광역시 미추홀구 숭의동,사망사고,1,0,1,0,차대차 - 정면충돌,신호위반,건조,맑음,교차로 - 교차로안,승합,남,53세,경상,이륜,남,31세,사망
2020092900100341,2020년 9월 29일 13시,화요일,인천광역시 서구 가좌동,경상사고,0,0,2,0,차대차 - 기타,안전운전불이행,건조,맑음,기타 - 기타,승용,남,49세,상해없음,승용,여,25세,경상