사고번호,사고일시,요일,시군구,사고내용,사망자수,중상자수,경상자수,부상신고자수,사고유형,법규위반,노면상태,기상상태,도로형태,가해운전자 차종,가해운전자 성별,가해운전자 연령,가해운전자 상해정도,피해운전자 차종,피해운전자 성별,피해운전자 연령,피해운전자 상해정도
2020102100100662,2020년 10월 21일 21시,수요일,인천광역시 중구 중산동,경상사고,0,0,1,0,차대차 - 측면충돌,안전운전불이행,건조,맑음,단일로 - 기타,승용,여,51세,상해없음,이륜,남,18세,경상
2020102100100663,2020년 10월 21일 21시,수요일,인천광역시 미추홀구 주안동,중상사고,0,1,0,0,차대사람 - 횡단중,보행자보호의무위반,건조,맑음,교차로 - 교차로횡단보도내,승용,여,62세,상해없음,보행자,여,21세,중상
2020102100100664,2020년 10월 21일 21시,수요일,인천광역시 서구 가정동,경상사고,0,0,1,0,차대차 - 측면충돌,안전운전불이행,건조,맑음,교차로 - 교차로안,승용,남,39세,상해없음,승용,남,49세,상해없음
2020102100100698,2020년 10월 21일 22시,수요일,인천광역시 서구 원당동,중상사고,0,2,0,0,차대차 - 측면충돌,신호위반,건조,맑음,교차로 - 교차로안,이륜,남,16세,상해없음,승용,남,27세,중상
2020102100100714,2020년 10월 21일 23시,수요일,인천광역시 남동구 구월동,경상사고,0,0,1,0,차대차 - 정면충돌,신호위반,건조,맑음,교차로 - 교차로안,이륜,남,18세,상해없음,승용,남,44세,경상
2020102200100011,2020년 10월 22일 00시,목요일,인천광역시 서구 가정동,경상사고,0,0,1,0,차대차 - 측면충돌,안전운전불이행,건조,맑음,단일로 - 기타,승용,남,26세,상해없음,이륜,남,48세,경상
2020102200100012,2020년 10월 22일 00시,목요일,인천광역시 계양구 효성동,경상사고,0,0,1,0,차대차 - 추돌,안전거리미확보,건조,맑음,단일로 - 교량,승용,남,30세,상해없음,화물,남,46세,경상
2020102200100038,2020년 10월 22일 03시,목요일,인천광역시 서구 가정동,경상사고,0,0,1,0,차대차 - 추돌,신호위반,건조,맑음,교차로 - 교차로안,승용,남,56세,상해없음,화물,남,36세,경상
2020102200100052,2020년 10월 22일 05시,목요일,인천광역시 미추홀구 주안동,경상사고,0,0,2,0,차대차 - 측면충돌,기타,건조,맑음,단일로 - 기타,승용,남,23세,상해없음,승용,여,19세,경상
2020102200100073,2020년 10월 22일 06시,목요일,인천광역시 부평구 산곡동,경상사고,0,0,1,0,차대사람 - 기타,안전운전불이행,건조,맑음,기타 - 기타,승합,남,42세,상해없음,보행자,남,57세,경상
2020102200100092,2020년 10월 22일 07시,목요일,인천광역시 서구 가좌동,경상사고,0,0,1,0,차대사람 - 횡단중,보행자보호의무위반,건조,맑음,교차로 - 교차로횡단보도내,승용,남,34세,상해없음,보행자,남,59세,경상
2020102200100093,2020년 10월 22일 07시,목요일,인천광역시 부평구 부평동,중상사고,0,1,0,0,차대차 - 측면충돌,안전운전불이행,건조,맑음,단일로 - 기타,승합,남,57세,상해없음,승용,남,48세,중상
2020102200100134,2020년 10월 22일 08시,목요일,인천광역시 연수구 송도동,경상사고,0,0,1,0,차대차 - 측면충돌,안전운전불이행,건조,맑음,교차로 - 교차로부근,승용,남,30세,상해없음,승용,여,46세,경상
2020102200100193,2020년 10월 22일 10시,목요일,인천광역시 남동구 간석동,경상사고,0,0,1,1,차대차 - 추돌,안전운전불이행,건조,맑음,단일로 - 고가도로위,이륜,남,38세,부상신고,승용,남,58세,경상
2020102200100194,2020년 10월 22일 10시,목요일,인천광역시 서구 가좌동,경상사고,0,0,1,0,차대차 - 측면충돌,안전운전불이행,건조,맑음,단일로 - 기타,승용,남,50세,상해없음,화물,남,38세,경상
2020102200100195,2020년 10월 22일 10시,목요일,인천광역시 서구 마전동,경상사고,0,0,1,0,차대사람 - 보도통행중,안전운전불이행,건조,맑음,교차로 - 교차로부근,화물,남,46세,상해없음,보행자,여,33세,경상
2020102200100196,2020년 10월 22일 10시,목요일,인천광역시 서구 대곡동,경상사고,0,0,1,0,차대차 - 추돌,안전운전불이행,건조,맑음,교차로 - 교차로부근,승용,남,59세,상해없음,승용,남,43세,경상
2020102200100221,2020년 10월 22일 11시,목요일,인천광역시 서구 가정동,경상사고,0,0,1,0,차대차 - 후진중충돌,안전운전불이행,건조,맑음,기타 - 기타,화물,남,47세,상해없음,화물,남,27세,경상
2020102200100222,2020년 10월 22일 11시,목요일,인천광역시 남동구 고잔동,경상사고,0,0,1,0,차대사람 - 횡단중,보행자보호의무위반,건조,맑음,교차로 - 교차로안,기타불명,기타불명,미분류,기타불명,보행자,남,70세,경상
2020102200100258,2020년 10월 22일 12시,목요일,인천광역시 부평구 일신동,경상사고,0,0,1,0,차대차 - 기타,기타,건조,맑음,기타 - 기타,승용,남,62세,상해없음,자전거,남,67세,경상
2020102200100321,2020년 10월 22일 14시,목요일,인천광역시 남동구 간석동,경상사고,0,0,1,0,차대차 - 후진중충돌,안전운전불이행,건조,맑음,단일로 - 기타,승합,남,46세,상해없음,이륜,남,17세,경상
2020102200100322,2020년 10월 22일 14시,목요일,인천광역시 남동구 구월동,중상사고,0,1,2,0,차대차 - 측면충돌,안전거리미확보,건조,맑음,단일로 - 기타,승용,남,47세,상해없음,승용,남,27세,경상
2020102200100323,2020년 10월 22일 14시,목요일,인천광역시 부평구 부평동,경상사고,0,0,1,0,차대차 - 후진중충돌,안전운전불이행,건조,맑음,단일로 - 기타,승용,남,40세,상해없음,이륜,남,29세,경상
2020102200100360,2020년 10월 22일 15시,목요일,인천광역시 남동구 간석동,경상사고,0,0,1,0,차대차 - 기타,교차로운행방법위반,건조,맑음,교차로 - 교차로안,승용,남,37세,상해없음,이륜,남,29세,경상
2020102200100361,2020년 10월 22일 15시,목요일,인천광역시 계양구 작전동,경상사고,0,0,2,0,차대차 - 측면충돌,교차로운행방법위반,건조,맑음,단일로 - 기타,승용,남,44세,상해없음,승용,남,55세,경상
2020102200100362,2020년 10월 22일 15시,목요일,인천광역시 남동구 장수동,경상사고,0,0,2,0,차대차 - 추돌,안전운전불이행,건조,맑음,단일로 - 지하차도(도로)내,승용,여,31세,상해없음,승용,여,50세,경상
2020102200100405,2020년 10월 22일 16시,목요일,인천광역시 미추홀구 관교동,경상사고,0,0,1,0,차대차 - 측면충돌,교차로운행방법위반,건조,맑음,교차로 - 교차로안,승용,여,28세,기타불명,승용,여,24세,경상
2020102200100406,2020년 10월 22일 16시,목요일,인천광역시 부평구 부개동,부상신고사고,0,0,0,1,차대차 - 기타,신호위반,건조,맑음,교차로 - 교차로안,자전거,남,60세,부상신고,승합,남,63세,상해없음
2020102200100510,2020년 10월 22일 18시,목요일,인천광역시 동구 송림동,중상사고,0,1,0,0,차대차 - 측면충돌,차로위반,건조,맑음,교차로 - 교차로부근,승용,남,40세,상해없음,승용,여,50세,중상
2020102200100511,2020년 10월 22일 18시,목요일,인천광역시 부평구 산곡동,중상사고,0,1,0,0,차대사람 - 기타,신호위반,건조,맑음,교차로 - 교차로부근,원동기,남,19세,상해없음,보행자,여,68세,중상
2020102200100512,2020년 10월 22일 18시,목요일,인천광역시 서구 청라동,중상사고,0,1,0,0,차대사람 - 횡단중,안전운전불이행,건조,맑음,교차로 - 교차로안,승용,여,51세,상해없음,보행자,남,16세,중상
2020102200100513,2020년 10월 22일 18시,목요일,인천광역시 부평구 부평동,경상사고,0,0,1,0,차대차 - 측면충돌,안전운전불이행,건조,맑음,교차로 - 교차로부근,승용,남,21세,상해없음,승용,여,43세,경상
2020102200100554,2020년 10월 22일 19시,목요일,인천광역시 서구 신현동,경상사고,0,0,1,0,차대차 - 측면충돌,안전운전불이행,건조,맑음,단일로 - 기타,승용,남,40세,상해없음,승용,남,27세,경상
2020102200100555,2020년 10월 22일 19시,목요일,인천광역시 연수구 송도동,경상사고,0,0,1,0,차대차 - 측면충돌,신호위반,건조,맑음,교차로 - 교차로안,승용,남,23세,상해없음,승용,남,26세,경상
2020102200100604,2020년 10월 22일 21시,목요일,인천광역시 중구 신흥동3가,경상사고,0,0,1,0,차대차 - 측면충돌,안전운전불이행,건조,맑음,교차로 - 교차로안,화물,남,60세,상해없음,승용,여,32세,경상
2020102300100013,2020년 10월 23일 00시,금요일,인천광역시 남동구 간석동,부상신고사고,0,0,0,4,차대차 - 측면충돌,안전거리미확보,건조,맑음,교차로 - 교차로안,승용,여,28세,상해없음,승용,여,20세,부상신고
2020102300100050,2020년 10월 23일 05시,금요일,인천광역시 계양구 임학동,중상사고,0,1,0,0,차대차 - 측면충돌,교차로운행방법위반,건조,맑음,교차로 - 교차로안,승용,남,69세,상해없음,승용,남,71세,중상
2020102300100068,2020년 10월 23일 06시,금요일,인천광역시 미추홀구 주안동,경상사고,0,0,1,0,차대차 - 측면충돌,안전운전불이행,건조,맑음,단일로 - 기타,승용,남,18세,상해없음,승용,남,36세,경상
2020102300100103,2020년 10월 23일 07시,금요일,인천광역시 동구 송현동,경상사고,0,0,1,0,차대차 - 측면충돌,안전운전불이행,건조,맑음,교차로 - 교차로부근,승용,남,23세,상해없음,자전거,남,65세,경상
2020102300100104,2020년 10월 23일 07시,금요일,인천광역시 중구 운남동,경상사고,0,0,1,0,차량단독 - 기타,안전운전불이행,건조,맑음,단일로 - 기타,이륜,남,70세,경상,,,,
2020102300100105,2020년 10월 23일 07시,금요일,인천광역시 미추홀구 용현동,경상사고,0,0,1,0,차대차 - 측면충돌,안전거리미확보,건조,맑음,단일로 - 기타,화물,남,64세,기타불명,승용,남,36세,경상
2020102300100106,2020년 10월 23일 07시,금요일,인천광역시 계양구 임학동,경상사고,0,0,1,0,차대차 - 측면충돌,직진우회전진행방해,건조,맑음,교차로 - 교차로안,승용,여,47세,상해없음,자전거,남,64세,경상
2020102300100107,2020년 10월 23일 07시,금요일,인천광역시 연수구 송도동,중상사고,0,1,0,0,차대차 - 측면충돌,안전운전불이행,건조,맑음,교차로 - 교차로안,화물,남,76세,상해없음,승용,여,53세,중상
2020102300100193,2020년 10월 23일 09시,금요일,인천광역시 서구 가좌동,경상사고,0,0,1,0,차대사람 - 기타,안전운전불이행,건조,맑음,단일로 - 기타,승용,여,49세,상해없음,보행자,여,88세,경상
2020102300100266,2020년 10월 23일 11시,금요일,인천광역시 남동구 구월동,경상사고,0,0,1,0,차대차 - 측면충돌,안전운전불이행,건조,맑음,미분류 - 미분류,승용,남,58세,상해없음,승용,남,52세,경상
2020102300100267,2020년 10월 23일 11시,금요일,인천광역시 남동구 논현동,중상사고,0,1,0,0,차대사람 - 횡단중,보행자보호의무위반,건조,맑음,교차로 - 교차로횡단보도내,승용,여,57세,상해없음,보행자,여,55세,중상
2020102300100339,2020년 10월 23일 13시,금요일,인천광역시 미추홀구 주안동,중상사고,0,1,0,0,차대사람 - 기타,안전운전불이행,건조,맑음,단일로 - 기타,화물,남,53세,상해없음,보행자,남,65세,중상
2020102300100340,2020년 10월 23일 13시,금요일,인천광역시 부평구 부평동,경상사고,0,0,1,0,차대차 - 기타,안전운전불이행,건조,맑음,교차로 - 교차로안,화물,남,74세,상해없음,승합,남,54세,상해없음
2020102300100341,2020년 10월 23일 13시,금요일,인천광역시 남동구 만수동,중상사고,0,1,0,0,차대사람 - 횡단중,보행자보호의무위반,건조,맑음,단일로 - 기타,승용,여,37세,상해없음,보행자,여,68세,중상
2020102300100342,2020년 10월 23일 13시,금요일,인천광역시 서구 석남동,경상사고,0,0,1,0,차대차 - 측면충돌,안전운전불이행,건조,맑음,단일로 - 기타,승용,여,21세,상해없음,이륜,남,42세,경상
2020102300100343,2020년 10월 23일 13시,금요일,인천광역시 서구 가정동,경상사고,0,0,1,0,차대차 - 기타,안전운전불이행,건조,맑음,단일로 - 기타,승용,여,41세,상해없음,건설기계,남,33세,경상
2020102300100385,2020년 10월 23일 14시,금요일,인천광역시 미추홀구 도화동,경상사고,0,0,1,0,차대사람 - 차도통행중,안전운전불이행,건조,맑음,단일로 - 기타,승용,여,50세,상해없음,보행자,여,54세,경상
2020102300100441,2020년 10월 23일 15시,금요일,인천광역시 부평구 청천동,경상사고,0,0,1,0,차대사람 - 기타,안전운전불이행,건조,맑음,기타 - 기타,승용,여,48세,상해없음,보행자,여,16세,경상
2020102300100496,2020년 10월 23일 16시,금요일,인천광역시 옹진군 영흥면,경상사고,0,0,2,0,차대차 - 추돌,안전거리미확보,건조,맑음,단일로 - 기타,승용,남,37세,상해없음,승용,남,22세,경상
2020102300100498,2020년 10월 23일 16시,금요일,인천광역시 서구 가정동,중상사고,0,2,1,0,차대차 - 측면충돌,안전운전불이행,건조,맑음,단일로 - 기타,승용,여,20세,상해없음,화물,남,48세,중상
2020102300100499,2020년 10월 23일 16시,금요일,인천광역시 계양구 효성동,경상사고,0,0,1,0,차대차 - 측면충돌,안전거리미확보,건조,맑음,교차로 - 교차로부근,승용,남,27세,상해없음,승용,남,21세,경상
2020102300100562,2020년 10월 23일 17시,금요일,인천광역시 부평구 부개동,경상사고,0,0,3,0,차대차 - 측면충돌,신호위반,건조,맑음,교차로 - 교차로부근,화물,남,63세,상해없음,승용,여,36세,경상
2020102300100653,2020년 10월 23일 18시,금요일,인천광역시 중구 중산동,경상사고,0,0,1,0,차대차 - 측면충돌,안전운전불이행,건조,맑음,교차로 - 교차로안,승용,남,55세,상해없음,개인형이동수단(PM),여,36세,경상
2020102300100654,2020년 10월 23일 18시,금요일,인천광역시 미추홀구 도화동,중상사고,0,1,0,0,차대차 - 측면충돌,안전거리미확보,건조,맑음,단일로 - 기타,승용,남,71세,상해없음,이륜,남,26세,중상
2020102300100655,2020년 10월 23일 18시,금요일,인천광역시 강화군 양도면,사망사고,2,0,0,0,차대사람 - 차도통행중,안전운전불이행,건조,맑음,단일로 - 지하차도(도로)내,승용,남,83세,상해없음,보행자,남,74세,사망
2020102300100656,2020년 10월 23일 18시,금요일,인천광역시 연수구 옥련동,경상사고,0,0,1,0,차대차 - 측면충돌,안전운전불이행,건조,맑음,교차로 - 교차로부근,승용,남,72세,상해없음,승용,남,48세,경상
2020102300100718,2020년 10월 23일 19시,금요일,인천광역시 남동구 논현동,경상사고,0,0,2,0,차대차 - 정면충돌,신호위반,건조,맑음,교차로 - 교차로안,승용,남,74세,상해없음,화물,남,52세,경상
2020102300100758,2020년 10월 23일 20시,금요일,인천광역시 미추홀구 용현동,경상사고,0,0,1,0,차대차 - 정면충돌,신호위반,건조,맑음,교차로 - 교차로안,승용,남,30세,상해없음,이륜,남,30세,경상
2020102300100759,2020년 10월 23일 20시,금요일,인천광역시 미추홀구 도화동,경상사고,0,0,1,0,차대차 - 측면충돌,신호위반,건조,맑음,교차로 - 교차로안,승용,남,24세,상해없음,승용,남,34세,경상
2020102300100760,2020년 10월 23일 20시,금요일,인천광역시 남동구 고잔동,중상사고,0,1,0,0,차대차 - 기타,중앙선침범,건조,맑음,단일로 - 기타,승용,남,62세,상해없음,이륜,남,40세,중상
2020102300100850,2020년 10월 23일 23시,금요일,인천광역시 부평구 부평동,경상사고,0,0,2,0,차대차 - 추돌,안전운전불이행,건조,맑음,단일로 - 기타,승용,남,61세,상해없음,승용,남,30세,경상
2020102400100049,2020년 10월 24일 02시,토요일,인천광역시 서구 가정동,경상사고,0,0,1,0,차대차 - 기타,안전운전불이행,건조,맑음,교차로 - 교차로부근,승용,남,29세,상해없음,화물,남,44세,경상
2020102400100158,2020년 10월 24일 09시,토요일,인천광역시 미추홀구 관교동,중상사고,0,1,0,0,차대사람 - 기타,안전운전불이행,건조,맑음,단일로 - 기타,승용,남,45세,상해없음,보행자,여,71세,중상
2020102400100220,2020년 10월 24일 11시,토요일,인천광역시 미추홀구 주안동,경상사고,0,0,1,0,차량단독 - 기타,안전운전불이행,건조,맑음,교차로 - 교차로부근,이륜,남,43세,경상,,,,
2020102400100277,2020년 10월 24일 12시,토요일,인천광역시 남동구 구월동,경상사고,0,0,1,0,차대차 - 기타,안전운전불이행,건조,맑음,교차로 - 교차로안,화물,남,67세,상해없음,이륜,남,19세,경상
2020102400100278,2020년 10월 24일 12시,토요일,인천광역시 남동구 장수동,경상사고,0,0,1,0,차대차 - 측면충돌,차로위반,건조,맑음,교차로 - 교차로부근,화물,여,54세,상해없음,승용,남,57세,경상
2020102400100378,2020년 10월 24일 14시,토요일,인천광역시 서구 경서동,경상사고,0,0,1,0,차대차 - 기타,안전운전불이행,건조,맑음,기타 - 기타,승용,남,79세,상해없음,승용,여,27세,경상
2020102400100469,2020년 10월 24일 16시,토요일,인천광역시 서구 가좌동,중상사고,0,1,1,0,차대차 - 추돌,안전운전불이행,건조,맑음,단일로 - 기타,자전거,남,58세,중상,승용,남,57세,경상
2020102400100507,2020년 10월 24일 17시,토요일,인천광역시 남동구 구월동,중상사고,0,1,0,0,차대차 - 측면충돌,안전운전불이행,건조,맑음,단일로 - 기타,승합,남,40세,상해없음,승용,여,46세,중상
2020102400100542,2020년 10월 24일 18시,토요일,인천광역시 미추홀구 학익동,경상사고,0,0,1,0,차대차 - 추돌,안전운전불이행,건조,맑음,기타 - 기타,승용,남,38세,상해없음,승용,여,49세,경상
2020102400100543,2020년 10월 24일 18시,토요일,인천광역시 미추홀구 학익동,경상사고,0,0,1,0,차대차 - 측면충돌,안전운전불이행,건조,맑음,교차로 - 교차로안,승용,남,68세,상해없음,승용,여,27세,경상
2020102400100544,2020년 10월 24일 18시,토요일,인천광역시 계양구 귤현동,경상사고,0,0,1,0,차대차 - 측면충돌,안전운전불이행,건조,맑음,교차로 - 교차로횡단보도내,자전거,남,19세,경상,화물,남,59세,상해없음
2020102400100545,2020년 10월 24일 18시,토요일,인천광역시 연수구 송도동,중상사고,0,1,0,0,차대차 - 측면충돌,안전운전불이행,건조,맑음,교차로 - 교차로횡단보도내,승용,여,61세,상해없음,자전거,남,50세,중상
2020102400100587,2020년 10월 24일 19시,토요일,인천광역시 부평구 부평동,경상사고,0,0,3,0,차대차 - 기타,신호위반,건조,맑음,교차로 - 교차로안,이륜,남,33세,경상,승용,남,31세,경상
2020102400100618,2020년 10월 24일 20시,토요일,인천광역시 미추홀구 주안동,경상사고,0,0,1,0,차대차 - 기타,안전운전불이행,건조,맑음,단일로 - 기타,이륜,남,30세,상해없음,이륜,남,27세,경상
2020102400100646,2020년 10월 24일 21시,토요일,인천광역시 중구 을왕동,중상사고,0,1,1,0,차대차 - 측면충돌,안전운전불이행,건조,맑음,단일로 - 기타,승용,남,37세,상해없음,승용,남,26세,경상
2020102400100647,2020년 10월 24일 21시,토요일,인천광역시 부평구 부평동,경상사고,0,0,3,0,차대차 - 측면충돌,안전운전불이행,건조,맑음,교차로 - 교차로안,승용,남,64세,상해없음,승용,남,35세,경상
2020102400100648,2020년 10월 24일 21시,토요일,인천광역시 계양구 계산동,사망사고,1,1,1,0,차대차 - 정면충돌,신호위반,건조,맑음,교차로 - 교차로안,개인형이동수단(PM),남,16세,사망,승용,남,60세,경상
2020102500100012,2020년 10월 25일 00시,일요일,인천광역시 연수구 송도동,경상사고,0,0,1,0,차량단독 - 전도전복 - 전복,안전운전불이행,건조,맑음,단일로 - 교량,승용,남,35세,상해없음,,,,
2020102500100026,2020년 10월 25일 01시,일요일,인천광역시 부평구 부평동,중상사고,0,1,0,0,차대차 - 기타,안전운전불이행,건조,맑음,단일로 - 기타,승용,남,29세,상해없음,이륜,남,19세,중상
2020102500100039,2020년 10월 25일 02시,일요일,인천광역시 옹진군 영흥면,중상사고,0,1,1,0,차대차 - 측면충돌,안전운전불이행,건조,맑음,단일로 - 기타,승용,남,36세,상해없음,화물,남,39세,경상
2020102500100040,2020년 10월 25일 02시,일요일,인천광역시 부평구 부평동,경상사고,0,0,2,0,차대차 - 추돌,안전운전불이행,건조,맑음,단일로 - 기타,승용,남,35세,상해없음,승용,남,54세,경상
2020102500100051,2020년 10월 25일 03시,일요일,인천광역시 미추홀구 용현동,중상사고,0,1,0,0,차량단독 - 공작물충돌,안전운전불이행,건조,맑음,단일로 - 기타,승용,남,55세,상해없음,,,,
2020102500100052,2020년 10월 25일 03시,일요일,인천광역시 남동구 구월동,중상사고,0,1,0,0,차대사람 - 차도통행중,안전운전불이행,건조,맑음,단일로 - 기타,승용,남,63세,상해없음,보행자,남,45세,중상
2020102500100082,2020년 10월 25일 06시,일요일,인천광역시 계양구 병방동,경상사고,0,0,2,0,차대차 - 추돌,안전운전불이행,건조,맑음,교차로 - 교차로부근,승용,남,29세,상해없음,승용,남,58세,경상
2020102500100106,2020년 10월 25일 08시,일요일,인천광역시 서구 가정동,경상사고,0,0,1,0,차대차 - 추돌,안전운전불이행,건조,맑음,교차로 - 교차로안,승용,남,69세,상해없음,승용,남,39세,경상
2020102500100107,2020년 10월 25일 08시,일요일,인천광역시 연수구 동춘동,중상사고,0,4,0,0,차대차 - 정면충돌,신호위반,건조,맑음,단일로 - 기타,승용,남,72세,중상,승용,남,44세,중상
2020102500100127,2020년 10월 25일 09시,일요일,인천광역시 부평구 부평동,경상사고,0,0,1,0,차대사람 - 기타,안전운전불이행,건조,맑음,단일로 - 기타,승용,남,24세,상해없음,보행자,남,28세,경상
2020102500100152,2020년 10월 25일 10시,일요일,인천광역시 남동구 구월동,중상사고,0,2,0,0,차대차 - 측면충돌,교차로운행방법위반,건조,맑음,교차로 - 교차로안,승용,여,47세,상해없음,승용,남,61세,중상
2020102500100153,2020년 10월 25일 10시,일요일,인천광역시 남동구 만수동,경상사고,0,0,1,0,차대차 - 기타,안전운전불이행,건조,맑음,단일로 - 기타,화물,남,37세,상해없음,개인형이동수단(PM),여,62세,경상
2020102500100174,2020년 10월 25일 11시,일요일,인천광역시 서구 오류동,경상사고,0,0,1,0,차대차 - 기타,신호위반,건조,맑음,교차로 - 교차로안,승용,여,37세,상해없음,승용,남,41세,상해없음
2020102500100209,2020년 10월 25일 12시,일요일,인천광역시 서구 왕길동,경상사고,0,0,2,0,차대차 - 정면충돌,안전운전불이행,건조,맑음,교차로 - 교차로안,승용,남,53세,경상,승용,남,47세,경상
2020102500100210,2020년 10월 25일 12시,일요일,인천광역시 서구 왕길동,경상사고,0,0,1,0,차대사람 - 횡단중,보행자보호의무위반,건조,맑음,단일로 - 기타,승용,남,53세,상해없음,보행자,여,5세,경상
2020102500100275,2020년 10월 25일 14시,일요일,인천광역시 서구 심곡동,경상사고,0,0,1,0,차대차 - 기타,안전운전불이행,건조,맑음,교차로 - 교차로안,승용,여,24세,상해없음,승용,남,37세,경상
2020102500100453,2020년 10월 25일 18시,일요일,인천광역시 연수구 동춘동,중상사고,0,1,0,0,차대차 - 측면충돌,중앙선침범,건조,맑음,단일로 - 터널,승용,남,43세,상해없음,이륜,남,36세,중상
2020102500100454,2020년 10월 25일 18시,일요일,인천광역시 부평구 삼산동,경상사고,0,0,1,0,차대차 - 측면충돌,안전운전불이행,건조,맑음,교차로 - 교차로안,이륜,남,60세,경상,승용,남,56세,상해없음
2020102500100501,2020년 10월 25일 19시,일요일,인천광역시 미추홀구 도화동,중상사고,0,1,0,0,차대차 - 측면충돌,신호위반,건조,맑음,단일로 - 기타,승용,여,26세,상해없음,이륜,남,34세,중상
2020102500100502,2020년 10월 25일 19시,일요일,인천광역시 미추홀구 주안동,부상신고사고,0,0,0,2,차대차 - 기타,신호위반,건조,맑음,교차로 - 교차로안,기타불명,기타불명,미분류,기타불명,승용,남,21세,부상신고
2020102500100503,2020년 10월 25일 19시,일요일,인천광역시 부평구 갈산동,중상사고,0,1,0,0,차대사람 - 횡단중,보행자보호의무위반,건조,맑음,교차로 - 교차로부근,승용,남,66세,상해없음,보행자,여,60세,중상
2020102500100553,2020년 10월 25일 21시,일요일,인천광역시 남동구 장수동,경상사고,0,0,4,0,차대차 - 추돌,안전운전불이행,건조,맑음,교차로 - 교차로부근,승용,남,62세,상해없음,승용,여,44세,경상
2020102500100567,2020년 10월 25일 22시,일요일,인천광역시 남동구 간석동,중상사고,0,1,0,0,차대사람 - 기타,안전운전불이행,건조,맑음,교차로 - 교차로부근,승용,남,44세,상해없음,보행자,남,62세,중상
2020102500100581,2020년 10월 25일 23시,일요일,인천광역시 남동구 구월동,경상사고,0,0,2,0,차대차 - 측면충돌,교차로운행방법위반,건조,맑음,교차로 - 교차로안,승용,남,37세,상해없음,승용,남,19세,경상
2020102500100582,2020년 10월 25일 23시,일요일,인천광역시 부평구 부평동,부상신고사고,0,0,0,1,차대사람 - 횡단중,안전운전불이행,건조,맑음,단일로 - 기타,승용,남,53세,상해없음,보행자,남,23세,부상신고
2020102600100015,2020년 10월 26일 02시,월요일,인천광역시 부평구 삼산동,경상사고,0,0,1,0,차대차 - 추돌,안전운전불이행,건조,맑음,단일로 - 교량,승용,남,41세,상해없음,화물,남,57세,경상
2020102600100037,2020년 10월 26일 05시,월요일,인천광역시 중구 운남동,사망사고,1,0,1,0,차대차 - 추돌,안전운전불이행,건조,맑음,기타 - 기타,승용,남,66세,사망,건설기계,남,51세,경상
2020102600100038,2020년 10월 26일 05시,월요일,인천광역시 서구 가정동,중상사고,0,1,0,0,차대차 - 정면충돌,중앙선침범,건조,맑음,기타 - 기타,화물,남,55세,상해없음,승용,남,62세,중상
2020102600100054,2020년 10월 26일 06시,월요일,인천광역시 부평구 구산동,경상사고,0,0,1,0,차대차 - 기타,안전운전불이행,건조,맑음,교차로 - 교차로안,승용,남,59세,상해없음,승용,남,55세,경상
2020102600100055,2020년 10월 26일 06시,월요일,인천광역시 남동구 논현동,경상사고,0,0,1,0,차대차 - 추돌,안전운전불이행,건조,맑음,단일로 - 교량,승용,남,47세,상해없음,건설기계,남,53세,경상
2020102600100083,2020년 10월 26일 07시,월요일,인천광역시 계양구 작전동,경상사고,0,0,1,0,차대차 - 측면충돌,차로위반,건조,맑음,교차로 - 교차로안,승용,남,42세,상해없음,승용,남,27세,경상
2020102600100137,2020년 10월 26일 08시,월요일,인천광역시 미추홀구 도화동,경상사고,0,0,1,0,차대차 - 측면충돌,안전운전불이행,건조,맑음,교차로 - 교차로횡단보도내,승용,남,29세,상해없음,승용,여,43세,경상
2020102600100138,2020년 10월 26일 08시,월요일,인천광역시 부평구 부평동,경상사고,0,0,1,0,차대차 - 기타,안전운전불이행,건조,맑음,교차로 - 교차로부근,승용,남,63세,상해없음,승용,여,41세,경상
2020102600100139,2020년 10월 26일 08시,월요일,인천광역시 남동구 만수동,경상사고,0,0,1,0,차대차 - 측면충돌,안전거리미확보,건조,맑음,단일로 - 기타,승용,남,74세,상해없음,승용,남,50세,경상
2020102600100185,2020년 10월 26일 09시,월요일,인천광역시 미추홀구 숭의동,경상사고,0,0,1,0,차대차 - 측면충돌,신호위반,건조,맑음,단일로 - 기타,승합,남,65세,상해없음,승합,남,49세,상해없음
2020102600100227,2020년 10월 26일 10시,월요일,인천광역시 계양구 계산동,경상사고,0,0,1,0,차대차 - 측면충돌,안전운전불이행,건조,맑음,교차로 - 교차로안,승용,남,69세,상해없음,승용,남,27세,경상
2020102600100274,2020년 10월 26일 11시,월요일,인천광역시 미추홀구 숭의동,경상사고,0,0,1,0,차대차 - 추돌,안전거리미확보,건조,맑음,교차로 - 교차로부근,승용,남,42세,상해없음,승용,여,58세,경상
2020102600100275,2020년 10월 26일 11시,월요일,인천광역시 남동구 구월동,중상사고,0,1,0,0,차대사람 - 기타,안전운전불이행,건조,맑음,교차로 - 교차로안,승용,여,59세,상해없음,보행자,여,79세,중상
2020102600100308,2020년 10월 26일 12시,월요일,인천광역시 미추홀구 용현동,경상사고,0,0,1,0,차대차 - 기타,차로위반,건조,맑음,교차로 - 교차로부근,승용,남,48세,상해없음,승용,남,60세,경상