사고번호,사고일시,요일,시군구,사고내용,사망자수,중상자수,경상자수,부상신고자수,사고유형,법규위반,노면상태,기상상태,도로형태,가해운전자 차종,가해운전자 성별,가해운전자 연령,가해운전자 상해정도,피해운전자 차종,피해운전자 성별,피해운전자 연령,피해운전자 상해정도
2020110900100569,2020년 11월 9일 18시,월요일,인천광역시 서구 석남동,경상사고,0,0,1,0,차대사람 - 횡단중,보행자보호의무위반,건조,맑음,교차로 - 교차로안,승용,남,41세,상해없음,보행자,남,83세,경상
2020110900100570,2020년 11월 9일 18시,월요일,인천광역시 서구 신현동,경상사고,0,0,1,0,차대차 - 기타,안전운전불이행,건조,맑음,교차로 - 교차로횡단보도내,승용,남,59세,상해없음,자전거,남,30세,경상
2020110900100608,2020년 11월 9일 19시,월요일,인천광역시 부평구 십정동,중상사고,0,1,3,0,차대차 - 정면충돌,중앙선침범,건조,맑음,단일로 - 기타,승용,남,68세,상해없음,승용,남,57세,중상
2020110900100609,2020년 11월 9일 19시,월요일,인천광역시 부평구 부개동,경상사고,0,0,2,0,차대차 - 측면충돌,신호위반,건조,맑음,교차로 - 교차로안,승용,남,56세,상해없음,승용,남,39세,경상
2020110900100640,2020년 11월 9일 20시,월요일,인천광역시 부평구 십정동,중상사고,0,1,0,0,차대사람 - 기타,안전운전불이행,건조,맑음,단일로 - 기타,승용,남,52세,상해없음,보행자,남,35세,중상
2020110900100641,2020년 11월 9일 20시,월요일,인천광역시 서구 경서동,경상사고,0,0,2,0,차대차 - 측면충돌,안전운전불이행,건조,맑음,단일로 - 기타,승용,여,56세,상해없음,승용,남,44세,경상
2020110900100675,2020년 11월 9일 22시,월요일,인천광역시 서구 마전동,경상사고,0,0,1,0,차대차 - 측면충돌,안전운전불이행,건조,맑음,교차로 - 교차로부근,승용,남,51세,상해없음,승용,남,35세,경상
2020111000100028,2020년 11월 10일 02시,화요일,인천광역시 남동구 구월동,경상사고,0,0,3,0,차대차 - 측면충돌,신호위반,건조,맑음,교차로 - 교차로부근,승합,남,53세,상해없음,승용,남,66세,경상
2020111000100034,2020년 11월 10일 03시,화요일,인천광역시 남동구 구월동,경상사고,0,0,1,0,차대차 - 측면충돌,안전운전불이행,건조,맑음,교차로 - 교차로부근,승용,남,18세,상해없음,이륜,남,25세,경상
2020111000100035,2020년 11월 10일 03시,화요일,인천광역시 계양구 임학동,중상사고,0,1,3,0,차대차 - 기타,교차로운행방법위반,건조,맑음,교차로 - 교차로안,이륜,남,50세,경상,승용,여,53세,경상
2020111000100042,2020년 11월 10일 04시,화요일,인천광역시 부평구 삼산동,중상사고,0,1,0,0,차대차 - 기타,안전거리미확보,건조,맑음,교차로 - 교차로부근,승용,남,28세,상해없음,승용,남,67세,중상
2020111000100091,2020년 11월 10일 07시,화요일,인천광역시 미추홀구 숭의동,중상사고,0,1,0,0,차대사람 - 횡단중,신호위반,건조,맑음,단일로 - 기타,승용,여,43세,상해없음,보행자,여,31세,중상
2020111000100136,2020년 11월 10일 08시,화요일,인천광역시 동구 화평동,경상사고,0,0,3,0,차대차 - 측면충돌,안전운전불이행,건조,맑음,교차로 - 교차로부근,승용,남,16세,상해없음,승용,남,49세,경상
2020111000100137,2020년 11월 10일 08시,화요일,인천광역시 남동구 구월동,경상사고,0,0,1,0,차대차 - 측면충돌,안전운전불이행,건조,맑음,단일로 - 기타,화물,남,49세,상해없음,승용,남,28세,경상
2020111000100138,2020년 11월 10일 08시,화요일,인천광역시 서구 가정동,경상사고,0,0,1,0,차량단독 - 기타,안전운전불이행,건조,맑음,단일로 - 기타,승합,남,51세,상해없음,,,,
2020111000100139,2020년 11월 10일 08시,화요일,인천광역시 강화군 내가면,경상사고,0,0,1,0,차대차 - 측면충돌,안전운전불이행,건조,맑음,단일로 - 기타,승용,여,49세,상해없음,자전거,남,43세,경상
2020111000100140,2020년 11월 10일 08시,화요일,인천광역시 부평구 삼산동,경상사고,0,0,2,0,차대차 - 기타,안전운전불이행,건조,맑음,교차로 - 교차로부근,승용,남,62세,상해없음,승용,남,27세,경상
2020111000100177,2020년 11월 10일 09시,화요일,인천광역시 미추홀구 주안동,부상신고사고,0,0,0,2,차대차 - 기타,안전운전불이행,건조,맑음,단일로 - 기타,승용,남,26세,상해없음,승용,남,45세,부상신고
2020111000100178,2020년 11월 10일 09시,화요일,인천광역시 미추홀구 주안동,중상사고,0,1,0,0,차대사람 - 횡단중,안전운전불이행,건조,맑음,기타 - 기타,승용,여,60세,상해없음,보행자,여,26세,중상
2020111000100179,2020년 11월 10일 09시,화요일,인천광역시 남동구 구월동,경상사고,0,0,1,0,차대차 - 측면충돌,과속,건조,맑음,교차로 - 교차로안,승용,남,33세,상해없음,승용,남,66세,경상
2020111000100180,2020년 11월 10일 09시,화요일,인천광역시 남동구 구월동,경상사고,0,0,1,0,차대차 - 측면충돌,신호위반,건조,맑음,교차로 - 교차로안,이륜,남,28세,상해없음,승용,여,59세,경상
2020111000100253,2020년 11월 10일 11시,화요일,인천광역시 남동구 간석동,경상사고,0,0,1,0,차대차 - 추돌,안전운전불이행,건조,맑음,단일로 - 기타,승용,남,66세,상해없음,승용,남,24세,경상
2020111000100289,2020년 11월 10일 12시,화요일,인천광역시 계양구 계산동,중상사고,0,1,0,0,차대차 - 측면충돌,안전운전불이행,건조,맑음,교차로 - 교차로횡단보도내,화물,남,63세,상해없음,자전거,남,80세,중상
2020111000100322,2020년 11월 10일 13시,화요일,인천광역시 미추홀구 숭의동,경상사고,0,0,2,0,차대차 - 추돌,안전운전불이행,건조,맑음,교차로 - 교차로부근,승용,여,32세,상해없음,승용,남,58세,경상
2020111000100323,2020년 11월 10일 13시,화요일,인천광역시 남동구 도림동,경상사고,0,0,1,0,차대차 - 측면충돌,교차로운행방법위반,건조,맑음,교차로 - 교차로안,이륜,남,18세,상해없음,승합,남,55세,상해없음
2020111000100361,2020년 11월 10일 14시,화요일,인천광역시 서구 마전동,경상사고,0,0,2,0,차대차 - 측면충돌,안전운전불이행,건조,맑음,교차로 - 교차로부근,화물,남,30세,상해없음,승용,남,26세,경상
2020111000100362,2020년 11월 10일 14시,화요일,인천광역시 서구 당하동,경상사고,0,0,1,0,차대사람 - 기타,안전운전불이행,건조,맑음,교차로 - 교차로부근,승용,여,39세,상해없음,보행자,여,76세,경상
2020111000100363,2020년 11월 10일 14시,화요일,인천광역시 계양구 계산동,중상사고,0,1,0,0,차대차 - 측면충돌,안전거리미확보,건조,맑음,단일로 - 기타,승합,남,64세,상해없음,이륜,남,25세,중상
2020111000100406,2020년 11월 10일 15시,화요일,인천광역시 남동구 구월동,경상사고,0,0,2,0,차대차 - 측면충돌,신호위반,건조,맑음,단일로 - 기타,승용,남,82세,경상,승용,여,68세,경상
2020111000100407,2020년 11월 10일 15시,화요일,인천광역시 서구 가좌동,경상사고,0,0,1,0,차대차 - 측면충돌,안전운전불이행,건조,맑음,교차로 - 교차로부근,승용,남,85세,상해없음,승용,남,52세,경상
2020111000100408,2020년 11월 10일 15시,화요일,인천광역시 남동구 만수동,부상신고사고,0,0,0,1,차대사람 - 기타,안전운전불이행,건조,맑음,단일로 - 기타,승용,남,48세,상해없음,보행자,남,37세,부상신고
2020111000100457,2020년 11월 10일 16시,화요일,인천광역시 남동구 간석동,경상사고,0,0,1,0,차대사람 - 기타,안전운전불이행,건조,맑음,교차로 - 교차로부근,기타불명,기타불명,미분류,기타불명,보행자,여,7세,경상
2020111000100458,2020년 11월 10일 16시,화요일,인천광역시 서구 가좌동,경상사고,0,0,1,0,차대차 - 측면충돌,안전운전불이행,건조,맑음,단일로 - 기타,화물,남,54세,상해없음,승용,여,56세,경상
2020111000100459,2020년 11월 10일 16시,화요일,인천광역시 서구 왕길동,중상사고,0,1,0,0,차대차 - 추돌,직진우회전진행방해,건조,맑음,교차로 - 교차로안,승용,남,53세,상해없음,승용,남,25세,중상
2020111000100520,2020년 11월 10일 17시,화요일,인천광역시 중구 신흥동1가,경상사고,0,0,1,0,차대차 - 측면충돌,안전운전불이행,건조,맑음,단일로 - 기타,승용,남,63세,경상,화물,남,68세,기타불명
2020111000100521,2020년 11월 10일 17시,화요일,인천광역시 동구 송림동,중상사고,0,1,0,0,차대사람 - 차도통행중,안전운전불이행,건조,맑음,단일로 - 기타,승용,여,39세,상해없음,보행자,여,73세,중상
2020111000100582,2020년 11월 10일 18시,화요일,인천광역시 계양구 박촌동,경상사고,0,0,1,0,차대차 - 측면충돌,안전거리미확보,건조,맑음,교차로 - 교차로부근,승용,남,72세,상해없음,승용,남,59세,경상
2020111000100583,2020년 11월 10일 18시,화요일,인천광역시 부평구 삼산동,경상사고,0,0,1,0,차대차 - 측면충돌,신호위반,건조,맑음,교차로 - 교차로안,승용,여,28세,상해없음,승용,남,28세,경상
2020111000100584,2020년 11월 10일 18시,화요일,인천광역시 연수구 선학동,경상사고,0,0,2,0,차대차 - 추돌,안전거리미확보,건조,맑음,단일로 - 교량,승용,남,33세,상해없음,승용,남,26세,경상
2020111000100627,2020년 11월 10일 19시,화요일,인천광역시 부평구 갈산동,사망사고,1,0,0,0,차대차 - 기타,신호위반,건조,맑음,교차로 - 교차로안,이륜,남,23세,상해없음,이륜,남,17세,사망
2020111000100666,2020년 11월 10일 20시,화요일,인천광역시 동구 송림동,경상사고,0,0,3,0,차대차 - 추돌,안전운전불이행,건조,맑음,기타 - 기타,승용,남,51세,상해없음,승용,여,47세,경상
2020111000100667,2020년 11월 10일 20시,화요일,인천광역시 남동구 구월동,경상사고,0,0,1,0,차대차 - 정면충돌,안전운전불이행,건조,맑음,단일로 - 기타,이륜,남,38세,경상,승용,남,62세,상해없음
2020111000100668,2020년 11월 10일 20시,화요일,인천광역시 계양구 작전동,경상사고,0,0,1,0,차대차 - 기타,신호위반,건조,맑음,교차로 - 교차로안,이륜,남,41세,상해없음,승용,남,33세,상해없음
2020111000100701,2020년 11월 10일 21시,화요일,인천광역시 남동구 만수동,경상사고,0,0,1,0,차대차 - 측면충돌,안전운전불이행,건조,맑음,단일로 - 기타,승용,남,61세,상해없음,승용,남,23세,기타불명
2020111000100702,2020년 11월 10일 21시,화요일,인천광역시 계양구 계산동,경상사고,0,0,1,0,차대차 - 측면충돌,안전운전불이행,건조,맑음,교차로 - 교차로안,승용,남,26세,상해없음,화물,여,58세,경상
2020111000100703,2020년 11월 10일 21시,화요일,인천광역시 계양구 작전동,경상사고,0,0,1,0,차대차 - 측면충돌,안전운전불이행,건조,맑음,교차로 - 교차로안,승용,남,55세,상해없음,승용,남,55세,경상
2020111100100009,2020년 11월 11일 00시,수요일,인천광역시 연수구 송도동,사망사고,1,0,2,0,차대차 - 측면충돌,안전운전불이행,건조,맑음,단일로 - 기타,화물,남,46세,사망,화물,남,25세,경상
2020111100100022,2020년 11월 11일 02시,수요일,인천광역시 계양구 계산동,경상사고,0,0,3,0,차대차 - 측면충돌,신호위반,건조,맑음,교차로 - 교차로안,이륜,남,23세,경상,승용,남,67세,경상
2020111100100031,2020년 11월 11일 04시,수요일,인천광역시 서구 석남동,중상사고,0,1,0,0,차대차 - 정면충돌,안전운전불이행,건조,맑음,단일로 - 기타,승용,남,38세,상해없음,이륜,남,23세,중상
2020111100100078,2020년 11월 11일 07시,수요일,인천광역시 중구 신흥동3가,경상사고,0,0,1,0,차대차 - 측면충돌,차로위반,건조,맑음,교차로 - 교차로부근,승용,남,26세,상해없음,승합,남,54세,경상
2020111100100122,2020년 11월 11일 08시,수요일,인천광역시 부평구 산곡동,경상사고,0,0,1,0,차대사람 - 횡단중,안전운전불이행,건조,맑음,단일로 - 기타,승용,남,25세,상해없음,보행자,여,62세,경상
2020111100100166,2020년 11월 11일 09시,수요일,인천광역시 중구 항동7가,경상사고,0,0,2,0,차대차 - 측면충돌,신호위반,건조,맑음,교차로 - 교차로안,승용,여,48세,경상,승용,남,27세,경상
2020111100100167,2020년 11월 11일 09시,수요일,인천광역시 연수구 청학동,경상사고,0,0,1,0,차대차 - 측면충돌,안전운전불이행,건조,맑음,단일로 - 기타,건설기계,남,55세,상해없음,승용,남,27세,경상
2020111100100168,2020년 11월 11일 09시,수요일,인천광역시 남동구 남촌동,경상사고,0,0,1,0,차대차 - 추돌,안전거리미확보,건조,맑음,단일로 - 기타,승용,남,28세,상해없음,승용,남,47세,경상
2020111100100210,2020년 11월 11일 10시,수요일,인천광역시 중구 신흥동3가,경상사고,0,0,1,0,차대차 - 측면충돌,안전운전불이행,건조,맑음,교차로 - 교차로안,특수,남,49세,기타불명,화물,남,61세,경상
2020111100100257,2020년 11월 11일 11시,수요일,인천광역시 남동구 간석동,경상사고,0,0,1,0,차대차 - 기타,안전거리미확보,건조,맑음,교차로 - 교차로부근,승용,남,55세,상해없음,승용,남,38세,경상
2020111100100258,2020년 11월 11일 11시,수요일,인천광역시 계양구 작전동,경상사고,0,0,1,0,차대차 - 측면충돌,안전거리미확보,건조,맑음,단일로 - 기타,승용,여,66세,상해없음,이륜,남,32세,경상
2020111100100299,2020년 11월 11일 12시,수요일,인천광역시 미추홀구 관교동,경상사고,0,0,1,0,차대차 - 측면충돌,안전운전불이행,건조,맑음,교차로 - 교차로횡단보도내,승용,여,61세,상해없음,승용,여,51세,경상
2020111100100300,2020년 11월 11일 12시,수요일,인천광역시 부평구 십정동,중상사고,0,1,0,0,차대사람 - 횡단중,안전운전불이행,건조,맑음,교차로 - 교차로안,화물,남,51세,상해없음,보행자,여,77세,중상
2020111100100340,2020년 11월 11일 13시,수요일,인천광역시 미추홀구 용현동,중상사고,0,1,0,0,차대차 - 측면충돌,교차로운행방법위반,건조,맑음,교차로 - 교차로안,화물,남,54세,상해없음,자전거,여,70세,중상
2020111100100341,2020년 11월 11일 13시,수요일,인천광역시 남동구 간석동,경상사고,0,0,2,0,차대차 - 측면충돌,안전운전불이행,건조,맑음,단일로 - 기타,화물,남,59세,상해없음,승용,남,24세,경상
2020111100100420,2020년 11월 11일 15시,수요일,인천광역시 미추홀구 주안동,경상사고,0,0,1,0,차대차 - 측면충돌,안전운전불이행,건조,맑음,단일로 - 기타,승용,여,50세,기타불명,승용,여,35세,경상
2020111100100421,2020년 11월 11일 15시,수요일,인천광역시 부평구 청천동,중상사고,0,1,0,0,차대차 - 측면충돌,안전운전불이행,건조,맑음,교차로 - 교차로안,이륜,남,24세,상해없음,자전거,남,9세,중상
2020111100100422,2020년 11월 11일 15시,수요일,인천광역시 남동구 구월동,경상사고,0,0,1,0,차대차 - 측면충돌,신호위반,건조,맑음,단일로 - 기타,승용,남,29세,상해없음,이륜,남,27세,경상
2020111100100424,2020년 11월 11일 15시,수요일,인천광역시 계양구 작전동,중상사고,0,1,0,0,차대차 - 측면충돌,안전운전불이행,건조,맑음,교차로 - 교차로안,화물,남,55세,상해없음,자전거,남,73세,중상
2020111100100472,2020년 11월 11일 16시,수요일,인천광역시 서구 가좌동,경상사고,0,0,1,0,차대차 - 기타,안전운전불이행,건조,맑음,교차로 - 교차로안,승용,남,76세,상해없음,승용,남,51세,경상
2020111100100473,2020년 11월 11일 16시,수요일,인천광역시 부평구 부평동,경상사고,0,0,1,0,차량단독 - 기타,안전운전불이행,건조,맑음,교차로 - 교차로부근,승합,남,29세,상해없음,,,,
2020111100100518,2020년 11월 11일 17시,수요일,인천광역시 중구 신흥동3가,경상사고,0,0,1,0,차대사람 - 기타,보행자보호의무위반,건조,맑음,단일로 - 기타,승용,남,33세,기타불명,보행자,여,59세,경상
2020111100100519,2020년 11월 11일 17시,수요일,인천광역시 서구 석남동,경상사고,0,0,1,0,차대차 - 기타,교차로운행방법위반,건조,맑음,교차로 - 교차로안,화물,남,57세,상해없음,이륜,남,44세,경상
2020111100100520,2020년 11월 11일 17시,수요일,인천광역시 서구 가좌동,경상사고,0,0,2,0,차대차 - 측면충돌,안전운전불이행,건조,맑음,단일로 - 기타,화물,남,67세,경상,승용,남,33세,경상
2020111100100590,2020년 11월 11일 18시,수요일,인천광역시 미추홀구 학익동,경상사고,0,0,1,0,차대차 - 측면충돌,교차로운행방법위반,건조,맑음,교차로 - 교차로안,승용,남,56세,기타불명,승합,남,61세,경상
2020111100100591,2020년 11월 11일 18시,수요일,인천광역시 미추홀구 주안동,경상사고,0,0,1,0,차대차 - 측면충돌,안전거리미확보,건조,맑음,교차로 - 교차로안,승용,남,49세,상해없음,승용,여,50세,경상
2020111100100592,2020년 11월 11일 18시,수요일,인천광역시 서구 석남동,경상사고,0,0,1,0,차대차 - 추돌,신호위반,건조,맑음,교차로 - 교차로안,이륜,남,22세,상해없음,이륜,남,40세,경상
2020111100100593,2020년 11월 11일 18시,수요일,인천광역시 계양구 귤현동,경상사고,0,0,1,0,차대차 - 측면충돌,안전운전불이행,건조,맑음,단일로 - 기타,승용,여,47세,상해없음,승용,여,26세,경상
2020111100100594,2020년 11월 11일 18시,수요일,인천광역시 남동구 논현동,경상사고,0,0,1,0,차대차 - 기타,교차로운행방법위반,건조,맑음,교차로 - 교차로안,기타불명,기타불명,미분류,기타불명,이륜,남,64세,경상
2020111200100016,2020년 11월 12일 00시,목요일,인천광역시 서구 석남동,사망사고,1,0,2,0,차대사람 - 횡단중,과속,건조,맑음,단일로 - 기타,승용,남,49세,상해없음,보행자,남,25세,사망
2020111200100038,2020년 11월 12일 02시,목요일,인천광역시 남동구 만수동,경상사고,0,0,1,0,차대차 - 추돌,안전운전불이행,건조,맑음,단일로 - 기타,승용,남,30세,상해없음,승용,남,59세,경상
2020111200100075,2020년 11월 12일 06시,목요일,인천광역시 부평구 산곡동,중상사고,0,1,0,0,차대차 - 측면충돌,안전운전불이행,건조,맑음,교차로 - 교차로부근,건설기계,남,54세,상해없음,승용,여,58세,중상
2020111200100076,2020년 11월 12일 06시,목요일,인천광역시 서구 청라동,경상사고,0,0,1,0,차대차 - 측면충돌,신호위반,건조,맑음,교차로 - 교차로안,승합,남,56세,상해없음,승용,여,58세,경상
2020111200100088,2020년 11월 12일 07시,목요일,인천광역시 서구 금곡동,경상사고,0,0,2,0,차대차 - 기타,안전운전불이행,건조,맑음,단일로 - 기타,승용,남,28세,경상,건설기계,남,48세,경상
2020111200100103,2020년 11월 12일 07시,목요일,인천광역시 부평구 십정동,경상사고,0,0,1,0,차대차 - 기타,안전운전불이행,건조,맑음,단일로 - 기타,화물,남,40세,상해없음,자전거,남,48세,경상
2020111200100104,2020년 11월 12일 07시,목요일,인천광역시 남동구 고잔동,중상사고,0,2,0,0,차대차 - 정면충돌,신호위반,건조,맑음,교차로 - 교차로안,승용,남,53세,중상,승용,남,34세,중상
2020111200100138,2020년 11월 12일 08시,목요일,인천광역시 남동구 간석동,경상사고,0,0,1,0,차대차 - 측면충돌,안전거리미확보,건조,맑음,단일로 - 기타,승용,남,62세,기타불명,승용,남,41세,경상
2020111200100180,2020년 11월 12일 09시,목요일,인천광역시 미추홀구 학익동,부상신고사고,0,0,0,1,차대차 - 추돌,안전운전불이행,건조,맑음,단일로 - 기타,승용,남,59세,상해없음,승용,여,27세,부상신고
2020111200100235,2020년 11월 12일 11시,목요일,인천광역시 미추홀구 주안동,경상사고,0,0,1,0,차대사람 - 횡단중,안전운전불이행,건조,맑음,교차로 - 교차로부근,승용,여,28세,상해없음,보행자,여,23세,경상
2020111200100237,2020년 11월 12일 11시,목요일,인천광역시 서구 가정동,경상사고,0,0,1,0,차대사람 - 기타,안전운전불이행,건조,맑음,단일로 - 기타,승합,남,47세,상해없음,보행자,남,46세,경상
2020111200100238,2020년 11월 12일 11시,목요일,인천광역시 부평구 삼산동,경상사고,0,0,1,0,차대차 - 기타,신호위반,건조,맑음,단일로 - 기타,승용,여,58세,상해없음,자전거,남,77세,경상
2020111200100271,2020년 11월 12일 12시,목요일,인천광역시 서구 석남동,경상사고,0,0,1,0,차대차 - 측면충돌,안전운전불이행,건조,맑음,단일로 - 기타,건설기계,남,60세,상해없음,승용,남,29세,경상
2020111200100341,2020년 11월 12일 14시,목요일,인천광역시 부평구 삼산동,부상신고사고,0,0,0,1,차대사람 - 횡단중,안전운전불이행,건조,맑음,단일로 - 기타,자전거,기타불명,미분류,기타불명,보행자,여,58세,부상신고
2020111200100343,2020년 11월 12일 14시,목요일,인천광역시 남동구 서창동,경상사고,0,0,1,1,차대사람 - 기타,안전운전불이행,건조,맑음,단일로 - 기타,이륜,남,48세,경상,보행자,남,7세,부상신고
2020111200100423,2020년 11월 12일 16시,목요일,인천광역시 부평구 청천동,경상사고,0,0,1,0,차대차 - 정면충돌,안전운전불이행,건조,맑음,단일로 - 기타,승용,여,54세,상해없음,자전거,남,9세,경상
2020111200100424,2020년 11월 12일 16시,목요일,인천광역시 남동구 구월동,경상사고,0,0,2,0,차대차 - 측면충돌,안전운전불이행,건조,맑음,교차로 - 교차로안,승용,남,45세,상해없음,승용,남,21세,경상
2020111200100476,2020년 11월 12일 17시,목요일,인천광역시 부평구 부평동,경상사고,0,0,1,1,차대차 - 측면충돌,안전운전불이행,건조,맑음,단일로 - 기타,승용,남,18세,상해없음,승합,남,49세,부상신고
2020111200100477,2020년 11월 12일 17시,목요일,인천광역시 서구 신현동,경상사고,0,0,1,0,차대차 - 측면충돌,안전운전불이행,건조,맑음,단일로 - 기타,승용,남,57세,상해없음,이륜,남,52세,경상
2020111200100478,2020년 11월 12일 17시,목요일,인천광역시 연수구 동춘동,경상사고,0,0,1,0,차대차 - 측면충돌,안전운전불이행,건조,맑음,단일로 - 기타,화물,남,65세,상해없음,승용,여,55세,경상
2020111200100554,2020년 11월 12일 18시,목요일,인천광역시 서구 당하동,경상사고,0,0,1,0,차대차 - 측면충돌,안전운전불이행,건조,맑음,교차로 - 교차로부근,건설기계,남,52세,상해없음,승용,남,61세,경상
2020111200100555,2020년 11월 12일 18시,목요일,인천광역시 남동구 남촌동,경상사고,0,0,1,0,차대차 - 정면충돌,안전운전불이행,건조,맑음,교차로 - 교차로부근,승용,여,29세,상해없음,승용,남,38세,경상
2020111200100691,2020년 11월 12일 23시,목요일,인천광역시 부평구 부평동,경상사고,0,0,1,0,차대차 - 측면충돌,교차로운행방법위반,건조,맑음,교차로 - 교차로안,승용,남,54세,상해없음,개인형이동수단(PM),여,20세,경상
2020111300100040,2020년 11월 13일 04시,금요일,인천광역시 서구 당하동,중상사고,0,1,1,0,차대차 - 측면충돌,안전운전불이행,건조,맑음,교차로 - 교차로부근,승용,남,43세,상해없음,승용,남,51세,중상
2020111300100044,2020년 11월 13일 05시,금요일,인천광역시 계양구 둑실동,경상사고,0,0,1,0,차대차 - 추돌,안전운전불이행,건조,맑음,단일로 - 기타,승용,남,27세,상해없음,승용,남,47세,경상
2020111300100066,2020년 11월 13일 06시,금요일,인천광역시 계양구 작전동,중상사고,0,2,0,0,차대차 - 측면충돌,안전거리미확보,건조,맑음,단일로 - 기타,승용,남,69세,상해없음,승용,여,47세,중상
2020111300100090,2020년 11월 13일 07시,금요일,인천광역시 미추홀구 용현동,경상사고,0,0,1,0,차대차 - 측면충돌,안전거리미확보,건조,맑음,단일로 - 기타,승용,남,57세,상해없음,승용,남,62세,경상
2020111300100091,2020년 11월 13일 07시,금요일,인천광역시 서구 원당동,경상사고,0,0,1,0,차대사람 - 횡단중,안전운전불이행,건조,맑음,교차로 - 교차로안,승용,남,33세,상해없음,보행자,남,76세,경상
2020111300100131,2020년 11월 13일 08시,금요일,인천광역시 부평구 구산동,경상사고,0,0,1,0,차대차 - 측면충돌,안전운전불이행,건조,맑음,단일로 - 기타,승용,남,38세,상해없음,승용,남,37세,경상
2020111300100132,2020년 11월 13일 08시,금요일,인천광역시 남동구 논현동,경상사고,0,0,1,0,차량단독 - 기타,안전운전불이행,건조,맑음,교차로 - 교차로안,승용,남,53세,상해없음,,,,
2020111300100200,2020년 11월 13일 10시,금요일,인천광역시 서구 당하동,경상사고,0,0,1,0,차대사람 - 차도통행중,안전운전불이행,건조,맑음,단일로 - 기타,화물,남,58세,상해없음,보행자,여,46세,경상
2020111300100201,2020년 11월 13일 10시,금요일,인천광역시 연수구 동춘동,중상사고,0,1,0,0,차대차 - 기타,안전운전불이행,건조,맑음,교차로 - 교차로안,화물,남,46세,상해없음,자전거,여,71세,중상
2020111300100231,2020년 11월 13일 11시,금요일,인천광역시 남동구 간석동,경상사고,0,0,1,0,차대차 - 측면충돌,안전운전불이행,건조,맑음,단일로 - 기타,승용,남,39세,상해없음,이륜,남,35세,경상
2020111300100318,2020년 11월 13일 14시,금요일,인천광역시 남동구 만수동,중상사고,0,1,0,0,차대사람 - 기타,안전운전불이행,건조,맑음,단일로 - 기타,승용,남,61세,상해없음,보행자,여,78세,중상
2020111300100319,2020년 11월 13일 14시,금요일,인천광역시 연수구 송도동,경상사고,0,0,1,1,차대차 - 기타,신호위반,건조,맑음,교차로 - 교차로안,화물,남,64세,부상신고,승용,여,38세,경상
2020111300100355,2020년 11월 13일 15시,금요일,인천광역시 미추홀구 도화동,경상사고,0,0,1,0,차대차 - 측면충돌,안전운전불이행,건조,맑음,교차로 - 교차로부근,승용,남,47세,상해없음,승용,남,23세,경상
2020111300100394,2020년 11월 13일 16시,금요일,인천광역시 미추홀구 도화동,경상사고,0,0,1,0,차대차 - 측면충돌,안전운전불이행,건조,맑음,단일로 - 기타,승용,여,65세,상해없음,승용,남,26세,경상
2020111300100395,2020년 11월 13일 16시,금요일,인천광역시 계양구 작전동,경상사고,0,0,1,0,차대차 - 기타,과속,건조,맑음,단일로 - 기타,승용,남,18세,상해없음,이륜,남,29세,경상
2020111300100396,2020년 11월 13일 16시,금요일,인천광역시 부평구 부평동,중상사고,0,1,0,0,차대사람 - 기타,안전운전불이행,건조,맑음,기타 - 기타,자전거,남,66세,상해없음,보행자,여,58세,중상
2020111300100508,2020년 11월 13일 18시,금요일,인천광역시 중구 신흥동3가,경상사고,0,0,2,0,차대차 - 측면충돌,안전거리미확보,건조,맑음,단일로 - 기타,승용,남,51세,상해없음,승용,남,32세,경상
2020111300100509,2020년 11월 13일 18시,금요일,인천광역시 미추홀구 주안동,경상사고,0,0,2,0,차대차 - 기타,안전운전불이행,건조,기타,교차로 - 교차로부근,승용,여,30세,기타불명,승용,남,43세,경상
2020111300100510,2020년 11월 13일 18시,금요일,인천광역시 남동구 구월동,중상사고,0,1,0,0,차대차 - 측면충돌,안전운전불이행,건조,맑음,교차로 - 교차로안,승용,남,15세,상해없음,이륜,여,31세,중상
2020111300100511,2020년 11월 13일 18시,금요일,인천광역시 서구 석남동,경상사고,0,0,2,0,차대차 - 측면충돌,안전운전불이행,건조,맑음,교차로 - 교차로안,승용,여,56세,경상,승용,남,51세,경상
2020111300100512,2020년 11월 13일 18시,금요일,인천광역시 연수구 선학동,중상사고,0,1,0,0,차대차 - 기타,교차로운행방법위반,건조,맑음,교차로 - 교차로안,승용,남,27세,상해없음,이륜,남,42세,중상
2020111300100513,2020년 11월 13일 18시,금요일,인천광역시 남동구 남촌동,경상사고,0,0,1,0,차대차 - 측면충돌,안전거리미확보,건조,맑음,단일로 - 교량,승합,남,68세,상해없음,승용,남,66세,경상
2020111300100561,2020년 11월 13일 19시,금요일,인천광역시 미추홀구 숭의동,경상사고,0,0,1,0,차대차 - 측면충돌,안전운전불이행,건조,맑음,교차로 - 교차로부근,승용,여,65세,상해없음,이륜,남,29세,경상
2020111300100562,2020년 11월 13일 19시,금요일,인천광역시 미추홀구 주안동,경상사고,0,0,1,0,차대사람 - 횡단중,보행자보호의무위반,건조,맑음,교차로 - 교차로부근,화물,남,65세,상해없음,보행자,남,29세,경상
2020111300100563,2020년 11월 13일 19시,금요일,인천광역시 계양구 병방동,경상사고,0,0,1,0,차대차 - 측면충돌,신호위반,건조,맑음,교차로 - 교차로안,승용,남,34세,상해없음,화물,남,40세,경상