사고번호,사고일시,요일,시군구,사고내용,사망자수,중상자수,경상자수,부상신고자수,사고유형,법규위반,노면상태,기상상태,도로형태,가해운전자 차종,가해운전자 성별,가해운전자 연령,가해운전자 상해정도,피해운전자 차종,피해운전자 성별,피해운전자 연령,피해운전자 상해정도
2020111800100249,2020년 11월 18일 11시,수요일,인천광역시 서구 원당동,경상사고,0,0,2,0,차대차 - 기타,안전운전불이행,건조,맑음,교차로 - 교차로부근,승합,남,65세,상해없음,승용,남,53세,경상
2020111800100279,2020년 11월 18일 12시,수요일,인천광역시 중구 신흥동3가,중상사고,0,1,0,0,차대사람 - 차도통행중,안전운전불이행,건조,맑음,단일로 - 기타,화물,남,50세,상해없음,보행자,여,50세,중상
2020111800100280,2020년 11월 18일 12시,수요일,인천광역시 서구 신현동,중상사고,0,1,1,0,차대차 - 기타,신호위반,건조,맑음,교차로 - 교차로안,이륜,남,32세,중상,승용,남,69세,경상
2020111800100309,2020년 11월 18일 13시,수요일,인천광역시 미추홀구 용현동,부상신고사고,0,0,0,1,차대사람 - 기타,안전운전불이행,건조,맑음,단일로 - 기타,승용,남,46세,상해없음,보행자,여,42세,부상신고
2020111800100310,2020년 11월 18일 13시,수요일,인천광역시 부평구 산곡동,경상사고,0,0,1,0,차대차 - 측면충돌,안전운전불이행,건조,맑음,교차로 - 교차로부근,화물,남,28세,상해없음,화물,남,37세,경상
2020111800100311,2020년 11월 18일 13시,수요일,인천광역시 서구 청라동,중상사고,0,1,1,0,차대차 - 정면충돌,신호위반,건조,맑음,교차로 - 교차로안,이륜,남,31세,중상,승용,여,29세,경상
2020111800100312,2020년 11월 18일 13시,수요일,인천광역시 계양구 동양동,중상사고,0,1,0,0,차대차 - 측면충돌,직진우회전진행방해,젖음/습기,흐림,교차로 - 교차로안,화물,남,54세,상해없음,승용,여,58세,중상
2020111800100313,2020년 11월 18일 13시,수요일,인천광역시 연수구 옥련동,경상사고,0,0,2,0,차대차 - 측면충돌,안전운전불이행,건조,흐림,교차로 - 교차로안,승용,남,63세,상해없음,승용,남,64세,경상
2020111800100344,2020년 11월 18일 14시,수요일,인천광역시 남동구 구월동,경상사고,0,0,1,0,차대차 - 기타,차로위반,건조,맑음,교차로 - 교차로부근,승용,여,38세,상해없음,승용,남,60세,상해없음
2020111800100416,2020년 11월 18일 16시,수요일,인천광역시 중구 신흥동3가,부상신고사고,0,0,0,1,차대차 - 측면충돌,신호위반,젖음/습기,비,교차로 - 교차로부근,특수,남,78세,상해없음,승용,남,33세,부상신고
2020111800100417,2020년 11월 18일 16시,수요일,인천광역시 계양구 작전동,경상사고,0,0,1,0,차대차 - 추돌,안전운전불이행,젖음/습기,비,교차로 - 교차로부근,이륜,남,18세,상해없음,승용,여,37세,상해없음
2020111800100533,2020년 11월 18일 18시,수요일,인천광역시 중구 선화동,경상사고,0,0,1,0,차대차 - 후진중충돌,안전운전불이행,건조,흐림,교차로 - 교차로안,화물,남,51세,상해없음,승용,남,45세,경상
2020111800100534,2020년 11월 18일 18시,수요일,인천광역시 서구 청라동,경상사고,0,0,1,0,차대차 - 추돌,안전운전불이행,건조,맑음,기타 - 기타,승용,남,36세,상해없음,자전거,남,12세,경상
2020111800100596,2020년 11월 18일 19시,수요일,인천광역시 서구 석남동,경상사고,0,0,3,0,차대차 - 추돌,안전운전불이행,건조,맑음,교차로 - 교차로부근,승합,남,65세,상해없음,화물,남,34세,경상
2020111800100621,2020년 11월 18일 20시,수요일,인천광역시 남동구 구월동,중상사고,0,1,4,0,차대차 - 기타,안전운전불이행,젖음/습기,비,교차로 - 교차로안,승용,남,25세,경상,화물,남,73세,경상
2020111800100622,2020년 11월 18일 20시,수요일,인천광역시 연수구 동춘동,중상사고,0,1,1,0,차대차 - 추돌,안전운전불이행,젖음/습기,비,단일로 - 기타,승용,남,47세,상해없음,승용,여,27세,중상
2020111800100654,2020년 11월 18일 21시,수요일,인천광역시 서구 청라동,경상사고,0,0,1,0,차대차 - 기타,안전운전불이행,젖음/습기,비,기타 - 기타,이륜,남,45세,상해없음,승용,여,25세,경상
2020111800100699,2020년 11월 18일 23시,수요일,인천광역시 부평구 부평동,경상사고,0,0,1,0,차대차 - 기타,신호위반,건조,맑음,교차로 - 교차로안,승용,남,59세,상해없음,승용,여,24세,경상
2020111900100011,2020년 11월 19일 00시,목요일,인천광역시 동구 송림동,사망사고,1,0,0,0,차대사람 - 횡단중,보행자보호의무위반,젖음/습기,비,교차로 - 교차로횡단보도내,승용,남,50세,상해없음,보행자,남,68세,사망
2020111900100038,2020년 11월 19일 02시,목요일,인천광역시 서구 석남동,경상사고,0,0,1,0,차량단독 - 기타,안전운전불이행,젖음/습기,비,단일로 - 지하차도(도로)내,승용,남,59세,상해없음,,,,
2020111900100044,2020년 11월 19일 03시,목요일,인천광역시 부평구 일신동,경상사고,0,0,1,0,차대차 - 기타,안전운전불이행,젖음/습기,비,단일로 - 기타,승용,남,39세,상해없음,화물,남,60세,경상
2020111900100090,2020년 11월 19일 06시,목요일,인천광역시 중구 운남동,경상사고,0,0,1,0,차대차 - 측면충돌,안전운전불이행,젖음/습기,비,교차로 - 교차로안,승용,남,51세,상해없음,승용,남,59세,경상
2020111900100091,2020년 11월 19일 06시,목요일,인천광역시 남동구 구월동,경상사고,0,0,1,0,차대차 - 기타,차로위반,젖음/습기,비,교차로 - 교차로안,승합,남,64세,상해없음,승용,남,46세,경상
2020111900100131,2020년 11월 19일 07시,목요일,인천광역시 남동구 간석동,부상신고사고,0,0,0,4,차대차 - 기타,차로위반,젖음/습기,비,교차로 - 교차로안,승용,여,43세,기타불명,승용,여,19세,부상신고
2020111900100189,2020년 11월 19일 08시,목요일,인천광역시 남동구 간석동,경상사고,0,0,1,0,차대차 - 측면충돌,안전거리미확보,젖음/습기,비,단일로 - 기타,화물,남,56세,상해없음,승용,여,38세,경상
2020111900100190,2020년 11월 19일 08시,목요일,인천광역시 연수구 청학동,경상사고,0,0,1,0,차대사람 - 차도통행중,안전운전불이행,건조,맑음,단일로 - 기타,승용,여,56세,상해없음,보행자,여,10세,경상
2020111900100231,2020년 11월 19일 09시,목요일,인천광역시 미추홀구 주안동,경상사고,0,0,2,0,차대차 - 측면충돌,안전운전불이행,건조,맑음,단일로 - 기타,승용,남,38세,경상,승합,남,56세,경상
2020111900100233,2020년 11월 19일 09시,목요일,인천광역시 서구 신현동,경상사고,0,0,2,0,차대차 - 기타,안전운전불이행,건조,맑음,단일로 - 기타,승용,여,43세,경상,승용,여,52세,경상
2020111900100264,2020년 11월 19일 10시,목요일,인천광역시 중구 관동1가,부상신고사고,0,0,0,1,차대사람 - 기타,안전운전불이행,젖음/습기,비,단일로 - 기타,승합,남,49세,상해없음,보행자,남,86세,부상신고
2020111900100298,2020년 11월 19일 11시,목요일,인천광역시 부평구 삼산동,중상사고,0,1,0,0,차대차 - 기타,안전거리미확보,젖음/습기,비,단일로 - 기타,승용,남,59세,상해없음,승용,남,70세,중상
2020111900100329,2020년 11월 19일 12시,목요일,인천광역시 서구 원당동,경상사고,0,0,1,0,차대차 - 측면충돌,안전운전불이행,건조,맑음,단일로 - 기타,승용,여,33세,상해없음,승용,여,27세,경상
2020111900100330,2020년 11월 19일 12시,목요일,인천광역시 남동구 논현동,사망사고,1,0,0,0,차대사람 - 횡단중,신호위반,젖음/습기,비,교차로 - 교차로안,화물,남,59세,상해없음,보행자,남,55세,사망
2020111900100399,2020년 11월 19일 14시,목요일,인천광역시 중구 운북동,경상사고,0,0,1,0,차대차 - 측면충돌,안전운전불이행,건조,맑음,교차로 - 교차로부근,승용,남,58세,상해없음,승용,여,62세,경상
2020111900100400,2020년 11월 19일 14시,목요일,인천광역시 미추홀구 주안동,경상사고,0,0,1,0,차대차 - 추돌,안전거리미확보,건조,맑음,교차로 - 교차로안,승용,남,36세,상해없음,승용,남,43세,경상
2020111900100506,2020년 11월 19일 17시,목요일,인천광역시 서구 가정동,경상사고,0,0,2,0,차대차 - 측면충돌,신호위반,건조,맑음,교차로 - 교차로안,이륜,남,32세,경상,승용,남,60세,경상
2020111900100507,2020년 11월 19일 17시,목요일,인천광역시 남동구 고잔동,중상사고,0,2,0,0,차대사람 - 횡단중,과속,건조,맑음,교차로 - 교차로횡단보도내,이륜,남,33세,중상,보행자,남,46세,중상
2020111900100559,2020년 11월 19일 18시,목요일,인천광역시 남동구 구월동,경상사고,0,0,1,0,차대차 - 기타,안전거리미확보,건조,맑음,교차로 - 교차로부근,승용,여,34세,상해없음,승용,남,48세,경상
2020111900100604,2020년 11월 19일 19시,목요일,인천광역시 연수구 선학동,경상사고,0,0,1,0,차대사람 - 보도통행중,안전운전불이행,건조,맑음,단일로 - 교량,승용,여,30세,상해없음,보행자,남,22세,경상
2020111900100628,2020년 11월 19일 20시,목요일,인천광역시 중구 운남동,경상사고,0,0,1,0,차대차 - 추돌,안전운전불이행,건조,맑음,단일로 - 터널,승용,남,26세,상해없음,승용,여,39세,경상
2020111900100629,2020년 11월 19일 20시,목요일,인천광역시 남동구 구월동,경상사고,0,0,1,0,차대사람 - 횡단중,보행자보호의무위반,건조,흐림,단일로 - 기타,승용,남,38세,상해없음,보행자,남,32세,경상
2020111900100658,2020년 11월 19일 21시,목요일,인천광역시 동구 송현동,경상사고,0,0,1,0,차대사람 - 횡단중,보행자보호의무위반,건조,맑음,교차로 - 교차로횡단보도내,승용,남,54세,상해없음,보행자,여,14세,경상
2020111900100659,2020년 11월 19일 21시,목요일,인천광역시 남동구 구월동,중상사고,0,1,0,0,차대차 - 측면충돌,교차로운행방법위반,건조,맑음,교차로 - 교차로안,자전거,여,27세,상해없음,이륜,남,29세,중상
2020112000100016,2020년 11월 20일 00시,금요일,인천광역시 계양구 효성동,경상사고,0,0,1,0,차대차 - 측면충돌,안전운전불이행,건조,맑음,단일로 - 교량,승용,남,41세,상해없음,승용,남,60세,경상
2020112000100059,2020년 11월 20일 05시,금요일,인천광역시 미추홀구 용현동,부상신고사고,0,0,0,1,차대차 - 측면충돌,안전운전불이행,건조,맑음,단일로 - 기타,승용,남,41세,상해없음,승용,남,58세,부상신고
2020112000100076,2020년 11월 20일 06시,금요일,인천광역시 미추홀구 주안동,중상사고,0,1,0,0,차대차 - 측면충돌,신호위반,건조,맑음,교차로 - 교차로횡단보도내,화물,남,63세,상해없음,이륜,남,68세,중상
2020112000100077,2020년 11월 20일 06시,금요일,인천광역시 부평구 부평동,중상사고,0,1,0,0,차대사람 - 기타,안전운전불이행,건조,맑음,교차로 - 교차로안,승용,남,66세,상해없음,보행자,여,65세,중상
2020112000100160,2020년 11월 20일 09시,금요일,인천광역시 서구 심곡동,경상사고,0,0,2,0,차대차 - 측면충돌,안전운전불이행,건조,맑음,교차로 - 교차로안,승용,남,62세,경상,승용,남,24세,상해없음
2020112000100217,2020년 11월 20일 11시,금요일,인천광역시 남동구 남촌동,경상사고,0,0,1,0,차대차 - 측면충돌,안전거리미확보,건조,맑음,단일로 - 기타,승용,남,69세,상해없음,승용,여,45세,경상
2020112000100218,2020년 11월 20일 11시,금요일,인천광역시 서구 가좌동,경상사고,0,0,1,0,차대차 - 측면충돌,안전운전불이행,건조,맑음,단일로 - 기타,승용,남,28세,상해없음,승용,여,50세,경상
2020112000100256,2020년 11월 20일 12시,금요일,인천광역시 남동구 간석동,경상사고,0,0,1,0,차대차 - 측면충돌,안전거리미확보,건조,흐림,단일로 - 기타,화물,남,30세,상해없음,승용,여,50세,경상
2020112000100257,2020년 11월 20일 12시,금요일,인천광역시 계양구 효성동,중상사고,0,1,0,0,차대사람 - 횡단중,보행자보호의무위반,건조,맑음,단일로 - 기타,이륜,남,39세,상해없음,보행자,여,67세,중상
2020112000100365,2020년 11월 20일 15시,금요일,인천광역시 남동구 간석동,경상사고,0,0,2,0,차대차 - 측면충돌,중앙선침범,건조,흐림,단일로 - 고가도로위,승용,남,39세,상해없음,화물,남,56세,경상
2020112000100366,2020년 11월 20일 15시,금요일,인천광역시 부평구 삼산동,부상신고사고,0,0,0,1,차대사람 - 횡단중,신호위반,건조,맑음,교차로 - 교차로횡단보도내,승합,남,61세,상해없음,보행자,남,10세,부상신고
2020112000100407,2020년 11월 20일 16시,금요일,인천광역시 남동구 구월동,경상사고,0,0,1,0,차대차 - 측면충돌,안전거리미확보,건조,맑음,단일로 - 기타,승합,여,37세,상해없음,승용,남,28세,경상
2020112000100468,2020년 11월 20일 17시,금요일,인천광역시 남동구 간석동,중상사고,0,1,0,0,차대사람 - 기타,안전운전불이행,건조,맑음,단일로 - 기타,승용,남,66세,상해없음,보행자,남,63세,중상
2020112000100469,2020년 11월 20일 17시,금요일,인천광역시 남동구 간석동,경상사고,0,0,1,0,차대차 - 측면충돌,안전거리미확보,건조,맑음,교차로 - 교차로부근,승용,여,32세,상해없음,승용,남,56세,경상
2020112000100470,2020년 11월 20일 17시,금요일,인천광역시 서구 검암동,중상사고,0,1,0,0,차대사람 - 기타,안전운전불이행,건조,맑음,단일로 - 기타,자전거,남,74세,상해없음,보행자,여,76세,중상
2020112000100471,2020년 11월 20일 17시,금요일,인천광역시 서구 청라동,중상사고,0,2,0,0,차대차 - 정면충돌,안전운전불이행,건조,맑음,단일로 - 기타,이륜,남,53세,중상,이륜,남,39세,중상
2020112000100551,2020년 11월 20일 18시,금요일,인천광역시 남동구 구월동,경상사고,0,0,1,0,차대사람 - 횡단중,안전운전불이행,건조,맑음,단일로 - 기타,승용,남,38세,상해없음,보행자,여,67세,경상
2020112000100594,2020년 11월 20일 19시,금요일,인천광역시 남동구 구월동,경상사고,0,0,1,0,차대차 - 측면충돌,안전거리미확보,건조,맑음,단일로 - 기타,승용,남,45세,기타불명,승용,여,40세,경상
2020112000100595,2020년 11월 20일 19시,금요일,인천광역시 서구 가정동,경상사고,0,0,1,0,차대차 - 기타,안전운전불이행,건조,맑음,기타 - 기타,승합,남,71세,상해없음,이륜,남,21세,경상
2020112000100596,2020년 11월 20일 19시,금요일,인천광역시 남동구 논현동,경상사고,0,0,1,0,차대사람 - 횡단중,안전운전불이행,건조,맑음,단일로 - 기타,승용,여,57세,상해없음,보행자,남,49세,경상
2020112000100639,2020년 11월 20일 20시,금요일,인천광역시 부평구 삼산동,경상사고,0,0,1,0,차대차 - 기타,안전운전불이행,건조,맑음,교차로 - 교차로부근,승합,남,63세,상해없음,승용,남,65세,경상
2020112000100670,2020년 11월 20일 21시,금요일,인천광역시 미추홀구 도화동,경상사고,0,0,1,0,차대차 - 정면충돌,안전운전불이행,건조,맑음,교차로 - 교차로안,승용,남,24세,상해없음,이륜,남,39세,경상
2020112000100671,2020년 11월 20일 21시,금요일,인천광역시 서구 경서동,중상사고,0,1,1,0,차대차 - 추돌,안전운전불이행,건조,맑음,교차로 - 교차로부근,승합,남,56세,상해없음,승용,남,32세,중상
2020112000100672,2020년 11월 20일 21시,금요일,인천광역시 서구 왕길동,경상사고,0,0,2,0,차대차 - 기타,안전운전불이행,건조,맑음,교차로 - 교차로안,승용,여,51세,상해없음,승용,남,21세,경상
2020112000100698,2020년 11월 20일 22시,금요일,인천광역시 중구 을왕동,경상사고,0,0,1,0,차대사람 - 기타,안전운전불이행,건조,맑음,단일로 - 기타,승용,남,22세,상해없음,보행자,남,22세,경상
2020112000100699,2020년 11월 20일 22시,금요일,인천광역시 중구 중산동,중상사고,0,1,0,0,차대사람 - 횡단중,안전운전불이행,건조,맑음,교차로 - 교차로횡단보도내,승용,여,44세,상해없음,보행자,남,40세,중상
2020112000100700,2020년 11월 20일 22시,금요일,인천광역시 미추홀구 도화동,경상사고,0,0,1,0,차대사람 - 기타,안전운전불이행,건조,맑음,단일로 - 기타,승용,남,27세,상해없음,보행자,남,44세,경상
2020112000100701,2020년 11월 20일 22시,금요일,인천광역시 부평구 부개동,경상사고,0,0,1,0,차대차 - 추돌,안전운전불이행,건조,맑음,단일로 - 기타,승용,여,34세,상해없음,승용,남,62세,경상
2020112100100017,2020년 11월 21일 00시,토요일,인천광역시 연수구 옥련동,경상사고,0,0,3,0,차대사람 - 길가장자리구역통행중,안전운전불이행,건조,맑음,단일로 - 터널,승용,남,55세,상해없음,보행자,남,29세,경상
2020112100100035,2020년 11월 21일 01시,토요일,인천광역시 남동구 운연동,부상신고사고,0,0,0,2,차대차 - 추돌,안전운전불이행,건조,맑음,단일로 - 교량,승용,남,30세,상해없음,승용,남,46세,부상신고
2020112100100047,2020년 11월 21일 02시,토요일,인천광역시 서구 마전동,경상사고,0,0,1,0,차대차 - 기타,안전운전불이행,건조,맑음,단일로 - 기타,승용,남,42세,상해없음,승용,남,55세,경상
2020112100100048,2020년 11월 21일 02시,토요일,인천광역시 연수구 동춘동,경상사고,0,0,1,0,차대사람 - 차도통행중,안전운전불이행,건조,맑음,단일로 - 기타,승용,남,26세,상해없음,보행자,남,36세,경상
2020112100100062,2020년 11월 21일 04시,토요일,인천광역시 부평구 부평동,경상사고,0,0,2,0,차대차 - 후진중충돌,안전운전불이행,건조,맑음,단일로 - 기타,승합,남,60세,상해없음,승용,여,30세,경상
2020112100100063,2020년 11월 21일 04시,토요일,인천광역시 남동구 만수동,경상사고,0,0,1,0,차대사람 - 기타,안전운전불이행,건조,맑음,주차장 - 주차장,화물,남,40세,상해없음,보행자,남,41세,경상
2020112100100083,2020년 11월 21일 06시,토요일,인천광역시 부평구 청천동,중상사고,0,1,2,0,차대차 - 측면충돌,신호위반,건조,맑음,교차로 - 교차로안,승용,남,19세,상해없음,승용,남,53세,중상
2020112100100084,2020년 11월 21일 06시,토요일,인천광역시 남동구 구월동,경상사고,0,0,2,0,차대차 - 추돌,안전운전불이행,건조,맑음,단일로 - 기타,승용,남,24세,상해없음,승용,남,39세,경상
2020112100100085,2020년 11월 21일 06시,토요일,인천광역시 서구 석남동,중상사고,0,1,0,0,차대사람 - 횡단중,안전운전불이행,건조,기타,교차로 - 교차로부근,승용,남,57세,상해없음,보행자,여,78세,중상
2020112100100117,2020년 11월 21일 08시,토요일,인천광역시 계양구 작전동,경상사고,0,0,1,0,차대차 - 측면충돌,안전거리미확보,건조,맑음,교차로 - 교차로부근,승용,남,78세,상해없음,승용,남,36세,경상
2020112100100163,2020년 11월 21일 10시,토요일,인천광역시 부평구 부평동,경상사고,0,0,1,0,차대차 - 기타,안전운전불이행,건조,맑음,교차로 - 교차로안,승합,남,48세,상해없음,승용,여,62세,경상
2020112100100197,2020년 11월 21일 11시,토요일,인천광역시 미추홀구 숭의동,부상신고사고,0,0,0,1,차대사람 - 횡단중,안전운전불이행,젖음/습기,비,교차로 - 교차로횡단보도내,기타불명,기타불명,미분류,기타불명,보행자,남,38세,부상신고
2020112100100198,2020년 11월 21일 11시,토요일,인천광역시 미추홀구 도화동,경상사고,0,0,1,0,차량단독 - 기타,안전운전불이행,건조,맑음,단일로 - 기타,승합,남,61세,기타불명,,,,
2020112100100199,2020년 11월 21일 11시,토요일,인천광역시 서구 가정동,경상사고,0,0,1,0,차대차 - 추돌,안전운전불이행,건조,맑음,교차로 - 교차로부근,승용,여,43세,상해없음,건설기계,남,42세,경상
2020112100100200,2020년 11월 21일 11시,토요일,인천광역시 서구 가좌동,경상사고,0,0,1,0,차대사람 - 보도통행중,안전운전불이행,건조,맑음,단일로 - 기타,자전거,남,15세,상해없음,보행자,여,93세,경상
2020112100100201,2020년 11월 21일 11시,토요일,인천광역시 서구 가정동,중상사고,0,1,0,0,차대차 - 기타,안전운전불이행,건조,맑음,단일로 - 기타,건설기계,남,41세,상해없음,건설기계,남,54세,중상
2020112100100285,2020년 11월 21일 13시,토요일,인천광역시 남동구 남촌동,경상사고,0,0,2,0,차대차 - 기타,안전거리미확보,건조,맑음,단일로 - 기타,승용,여,52세,경상,건설기계,남,46세,경상
2020112100100286,2020년 11월 21일 13시,토요일,인천광역시 남동구 남촌동,중상사고,0,1,0,0,차대사람 - 횡단중,보행자보호의무위반,건조,맑음,단일로 - 기타,승합,여,51세,상해없음,보행자,여,72세,중상
2020112100100327,2020년 11월 21일 14시,토요일,인천광역시 연수구 송도동,경상사고,0,0,1,0,차대차 - 측면충돌,안전거리미확보,건조,맑음,단일로 - 기타,승용,남,68세,상해없음,승용,남,35세,경상
2020112100100426,2020년 11월 21일 17시,토요일,인천광역시 옹진군 영흥면,경상사고,0,0,1,0,차대차 - 측면충돌,안전운전불이행,건조,맑음,교차로 - 교차로안,승용,남,28세,상해없음,승용,남,39세,경상
2020112100100427,2020년 11월 21일 17시,토요일,인천광역시 부평구 삼산동,경상사고,0,0,2,0,차대차 - 정면충돌,신호위반,건조,기타,교차로 - 교차로안,승용,남,31세,상해없음,승합,남,50세,경상
2020112100100507,2020년 11월 21일 19시,토요일,인천광역시 부평구 부개동,부상신고사고,0,0,0,1,차대차 - 정면충돌,안전운전불이행,건조,맑음,교차로 - 교차로부근,이륜,남,25세,부상신고,승합,남,52세,상해없음
2020112100100557,2020년 11월 21일 21시,토요일,인천광역시 연수구 송도동,경상사고,0,0,2,0,차대사람 - 횡단중,안전운전불이행,건조,맑음,교차로 - 교차로횡단보도내,승용,남,30세,상해없음,보행자,남,38세,경상
2020112100100572,2020년 11월 21일 22시,토요일,인천광역시 남동구 간석동,경상사고,0,0,2,0,차대차 - 측면충돌,안전운전불이행,건조,맑음,단일로 - 기타,승용,남,59세,상해없음,승용,남,25세,경상
2020112100100573,2020년 11월 21일 22시,토요일,인천광역시 서구 청라동,경상사고,0,0,1,0,차대사람 - 횡단중,안전운전불이행,젖음/습기,비,기타 - 기타,자전거,남,17세,상해없음,보행자,여,52세,경상
2020112100100574,2020년 11월 21일 22시,토요일,인천광역시 부평구 부평동,경상사고,0,0,1,0,차대차 - 측면충돌,안전운전불이행,건조,맑음,교차로 - 교차로부근,승합,남,37세,상해없음,이륜,남,23세,경상
2020112100100596,2020년 11월 21일 23시,토요일,인천광역시 미추홀구 용현동,경상사고,0,0,1,0,차대차 - 측면충돌,신호위반,건조,맑음,교차로 - 교차로안,화물,남,48세,상해없음,승용,남,57세,경상
2020112100100597,2020년 11월 21일 23시,토요일,인천광역시 서구 마전동,경상사고,0,0,2,0,차대차 - 측면충돌,안전운전불이행,건조,맑음,교차로 - 교차로부근,승용,남,21세,상해없음,승용,남,64세,경상
2020112200100030,2020년 11월 22일 01시,일요일,인천광역시 부평구 부평동,경상사고,0,0,2,0,차대차 - 기타,신호위반,건조,맑음,교차로 - 교차로안,승용,남,27세,상해없음,이륜,남,26세,경상
2020112200100031,2020년 11월 22일 01시,일요일,인천광역시 계양구 병방동,경상사고,0,0,1,0,차대차 - 측면충돌,안전운전불이행,건조,맑음,단일로 - 기타,화물,남,54세,상해없음,이륜,남,26세,경상
2020112200100048,2020년 11월 22일 02시,일요일,인천광역시 미추홀구 주안동,중상사고,0,1,1,0,차대차 - 정면충돌,신호위반,젖음/습기,비,교차로 - 교차로안,승용,남,64세,상해없음,승용,남,36세,중상
2020112200100049,2020년 11월 22일 02시,일요일,인천광역시 남동구 간석동,경상사고,0,0,1,0,차대차 - 측면충돌,중앙선침범,젖음/습기,비,단일로 - 기타,기타불명,기타불명,미분류,기타불명,승용,남,68세,경상
2020112200100066,2020년 11월 22일 04시,일요일,인천광역시 서구 왕길동,경상사고,0,0,1,0,차대차 - 측면충돌,안전운전불이행,젖음/습기,비,교차로 - 교차로안,승용,여,37세,상해없음,승합,남,47세,경상
2020112200100077,2020년 11월 22일 05시,일요일,인천광역시 미추홀구 주안동,경상사고,0,0,3,0,차대차 - 기타,안전운전불이행,젖음/습기,비,단일로 - 기타,승용,남,36세,상해없음,승용,남,37세,경상
2020112200100098,2020년 11월 22일 07시,일요일,인천광역시 미추홀구 주안동,경상사고,0,0,2,0,차대차 - 기타,안전운전불이행,건조,맑음,단일로 - 기타,승합,남,44세,상해없음,승용,남,28세,경상
2020112200100102,2020년 11월 22일 08시,일요일,인천광역시 연수구 송도동,경상사고,0,0,2,0,차대차 - 추돌,안전운전불이행,젖음/습기,흐림,교차로 - 교차로부근,승용,남,32세,상해없음,승용,남,48세,경상
2020112200100103,2020년 11월 22일 08시,일요일,인천광역시 부평구 일신동,경상사고,0,0,8,0,차대차 - 추돌,안전운전불이행,젖음/습기,비,단일로 - 교량,승용,남,18세,상해없음,승용,남,51세,경상
2020112200100141,2020년 11월 22일 11시,일요일,인천광역시 서구 당하동,경상사고,0,0,2,0,차대차 - 추돌,중앙선침범,건조,맑음,교차로 - 교차로부근,승용,여,70세,경상,승용,남,72세,경상
2020112200100162,2020년 11월 22일 12시,일요일,인천광역시 미추홀구 주안동,부상신고사고,0,0,0,1,차대사람 - 기타,안전운전불이행,건조,맑음,단일로 - 기타,승용,남,40세,상해없음,보행자,여,58세,부상신고
2020112200100211,2020년 11월 22일 14시,일요일,인천광역시 서구 당하동,경상사고,0,0,1,0,차대차 - 기타,신호위반,건조,맑음,교차로 - 교차로안,승용,남,35세,상해없음,이륜,남,48세,경상
2020112200100212,2020년 11월 22일 14시,일요일,인천광역시 서구 가정동,경상사고,0,0,2,0,차대차 - 추돌,안전운전불이행,건조,맑음,교차로 - 교차로부근,승용,남,39세,상해없음,승용,남,67세,경상
2020112200100262,2020년 11월 22일 16시,일요일,인천광역시 서구 가좌동,중상사고,0,1,1,0,차대사람 - 기타,안전운전불이행,건조,맑음,교차로 - 교차로횡단보도내,승용,남,75세,상해없음,보행자,남,47세,중상
2020112200100297,2020년 11월 22일 17시,일요일,인천광역시 남동구 간석동,경상사고,0,0,2,0,차대차 - 추돌,안전운전불이행,건조,맑음,단일로 - 기타,승용,남,35세,상해없음,승용,여,33세,경상
2020112200100298,2020년 11월 22일 17시,일요일,인천광역시 연수구 옥련동,중상사고,0,1,0,0,차대차 - 추돌,안전운전불이행,건조,맑음,교차로 - 교차로부근,승용,남,54세,상해없음,승용,남,37세,기타불명
2020112200100356,2020년 11월 22일 19시,일요일,인천광역시 부평구 부평동,경상사고,0,0,1,0,차대차 - 측면충돌,안전운전불이행,건조,맑음,교차로 - 교차로안,승용,남,25세,상해없음,이륜,남,19세,경상
2020112300100073,2020년 11월 23일 07시,월요일,인천광역시 부평구 청천동,경상사고,0,0,1,0,차대차 - 측면충돌,안전운전불이행,건조,맑음,교차로 - 교차로안,승용,남,63세,상해없음,승용,남,58세,경상
2020112300100074,2020년 11월 23일 07시,월요일,인천광역시 남동구 고잔동,중상사고,0,1,0,0,차대사람 - 횡단중,신호위반,건조,맑음,기타 - 기타,승용,남,68세,상해없음,보행자,여,35세,중상
2020112300100075,2020년 11월 23일 07시,월요일,인천광역시 남동구 장수동,경상사고,0,0,1,0,차대차 - 측면충돌,교차로운행방법위반,건조,맑음,교차로 - 교차로안,화물,남,43세,상해없음,승용,남,23세,경상
2020112300100076,2020년 11월 23일 07시,월요일,인천광역시 부평구 삼산동,부상신고사고,0,0,0,1,차대차 - 측면충돌,안전거리미확보,건조,맑음,단일로 - 교량,화물,남,51세,상해없음,승용,남,50세,부상신고
2020112300100188,2020년 11월 23일 10시,월요일,인천광역시 계양구 작전동,경상사고,0,0,2,0,차대차 - 기타,안전거리미확보,건조,맑음,단일로 - 기타,승용,남,39세,상해없음,특수,남,52세,경상
2020112300100215,2020년 11월 23일 11시,월요일,인천광역시 남동구 구월동,경상사고,0,0,2,0,차대차 - 추돌,안전운전불이행,건조,맑음,교차로 - 교차로부근,승용,남,37세,상해없음,화물,남,63세,경상
2020112300100263,2020년 11월 23일 12시,월요일,인천광역시 계양구 작전동,부상신고사고,0,0,0,2,차대차 - 측면충돌,안전거리미확보,건조,맑음,단일로 - 교량,승용,남,62세,상해없음,승용,남,25세,부상신고