사고번호,사고일시,요일,시군구,사고내용,사망자수,중상자수,경상자수,부상신고자수,사고유형,법규위반,노면상태,기상상태,도로형태,가해운전자 차종,가해운전자 성별,가해운전자 연령,가해운전자 상해정도,피해운전자 차종,피해운전자 성별,피해운전자 연령,피해운전자 상해정도
2020112800100052,2020년 11월 28일 07시,토요일,인천광역시 남동구 구월동,경상사고,0,0,2,0,차대차 - 정면충돌,신호위반,건조,맑음,교차로 - 교차로안,승용,남,26세,상해없음,승용,남,24세,경상
2020112800100125,2020년 11월 28일 10시,토요일,인천광역시 남동구 간석동,경상사고,0,0,2,0,차대차 - 측면충돌,중앙선침범,건조,맑음,단일로 - 기타,승용,남,73세,상해없음,승용,여,48세,경상
2020112800100126,2020년 11월 28일 10시,토요일,인천광역시 서구 가정동,경상사고,0,0,2,0,차대차 - 기타,신호위반,건조,맑음,교차로 - 교차로안,승용,여,53세,경상,승용,여,67세,경상
2020112800100127,2020년 11월 28일 10시,토요일,인천광역시 부평구 부평동,경상사고,0,0,1,0,차대사람 - 횡단중,보행자보호의무위반,건조,맑음,교차로 - 교차로횡단보도내,승용,여,65세,상해없음,보행자,여,23세,경상
2020112800100160,2020년 11월 28일 11시,토요일,인천광역시 옹진군 영흥면,경상사고,0,0,3,0,차대차 - 측면충돌,안전운전불이행,건조,맑음,단일로 - 기타,승용,남,33세,경상,승용,여,45세,경상
2020112800100161,2020년 11월 28일 11시,토요일,인천광역시 남동구 간석동,경상사고,0,0,1,0,차대차 - 측면충돌,교차로운행방법위반,건조,맑음,교차로 - 교차로안,승용,남,29세,상해없음,이륜,남,29세,경상
2020112800100193,2020년 11월 28일 12시,토요일,인천광역시 부평구 부평동,경상사고,0,0,1,0,차대차 - 측면충돌,교차로운행방법위반,건조,맑음,교차로 - 교차로안,승용,남,61세,상해없음,이륜,남,18세,경상
2020112800100252,2020년 11월 28일 13시,토요일,인천광역시 남동구 만수동,중상사고,0,1,0,0,차대차 - 측면충돌,안전운전불이행,건조,맑음,단일로 - 기타,승용,여,41세,상해없음,자전거,남,58세,중상
2020112800100253,2020년 11월 28일 13시,토요일,인천광역시 남동구 남촌동,중상사고,0,1,0,0,차대차 - 측면충돌,안전운전불이행,건조,맑음,단일로 - 기타,승용,남,58세,상해없음,자전거,남,18세,중상
2020112800100298,2020년 11월 28일 14시,토요일,인천광역시 부평구 산곡동,중상사고,0,1,1,0,차대차 - 측면충돌,신호위반,건조,맑음,교차로 - 교차로안,이륜,남,36세,기타불명,승용,남,29세,경상
2020112800100332,2020년 11월 28일 15시,토요일,인천광역시 부평구 십정동,경상사고,0,0,1,0,차대사람 - 기타,안전운전불이행,건조,맑음,단일로 - 기타,승용,여,33세,상해없음,보행자,여,67세,경상
2020112800100333,2020년 11월 28일 15시,토요일,인천광역시 연수구 선학동,경상사고,0,0,1,0,차대사람 - 기타,안전운전불이행,건조,맑음,기타 - 기타,승용,남,59세,상해없음,보행자,여,79세,경상
2020112800100373,2020년 11월 28일 16시,토요일,인천광역시 서구 경서동,중상사고,0,1,0,0,차대사람 - 기타,신호위반,건조,맑음,교차로 - 교차로안,승용,여,34세,상해없음,보행자,남,71세,중상
2020112800100409,2020년 11월 28일 17시,토요일,인천광역시 연수구 동춘동,경상사고,0,0,1,0,차대차 - 추돌,안전거리미확보,건조,맑음,단일로 - 기타,승용,남,33세,상해없음,승용,남,35세,경상
2020112800100477,2020년 11월 28일 19시,토요일,인천광역시 남동구 논현동,경상사고,0,0,1,0,차대차 - 측면충돌,안전운전불이행,건조,맑음,기타 - 기타,승용,남,60세,상해없음,승용,여,47세,경상
2020112800100502,2020년 11월 28일 20시,토요일,인천광역시 서구 마전동,경상사고,0,0,2,0,차대차 - 측면충돌,안전운전불이행,건조,맑음,교차로 - 교차로안,승합,남,51세,상해없음,승용,남,61세,경상
2020112800100503,2020년 11월 28일 20시,토요일,인천광역시 서구 검암동,중상사고,0,1,0,0,차대차 - 측면충돌,안전운전불이행,건조,맑음,교차로 - 교차로부근,승용,남,35세,상해없음,승용,남,70세,중상
2020112800100504,2020년 11월 28일 20시,토요일,인천광역시 부평구 갈산동,경상사고,0,0,3,0,차대차 - 추돌,안전운전불이행,건조,맑음,교차로 - 교차로부근,승용,남,45세,상해없음,승용,여,34세,경상
2020112800100541,2020년 11월 28일 21시,토요일,인천광역시 미추홀구 용현동,경상사고,0,0,2,0,차대차 - 후진중충돌,안전운전불이행,건조,맑음,단일로 - 기타,승용,남,49세,상해없음,승용,남,41세,경상
2020112800100542,2020년 11월 28일 21시,토요일,인천광역시 부평구 십정동,경상사고,0,0,2,0,차대차 - 측면충돌,차로위반,건조,맑음,단일로 - 기타,승용,남,51세,상해없음,승용,남,48세,경상
2020112800100543,2020년 11월 28일 21시,토요일,인천광역시 서구 가좌동,경상사고,0,0,2,0,차대차 - 추돌,신호위반,건조,맑음,교차로 - 교차로안,승용,여,53세,경상,승용,남,36세,경상
2020112800100569,2020년 11월 28일 22시,토요일,인천광역시 남동구 간석동,경상사고,0,0,1,0,차대차 - 기타,안전운전불이행,건조,맑음,단일로 - 기타,원동기,남,24세,상해없음,승용,여,44세,경상
2020112800100570,2020년 11월 28일 22시,토요일,인천광역시 서구 가좌동,경상사고,0,0,2,0,차대차 - 추돌,안전거리미확보,건조,맑음,단일로 - 고가도로위,승용,남,52세,상해없음,승용,남,45세,경상
2020112800100571,2020년 11월 28일 22시,토요일,인천광역시 강화군 강화읍,경상사고,0,0,1,0,차대차 - 측면충돌,신호위반,건조,흐림,교차로 - 교차로안,승용,남,41세,기타불명,승용,여,43세,경상
2020112800100582,2020년 11월 28일 23시,토요일,인천광역시 부평구 부평동,경상사고,0,0,1,0,차대사람 - 기타,안전운전불이행,건조,맑음,단일로 - 기타,승용,남,74세,상해없음,보행자,여,57세,경상
2020112900100014,2020년 11월 29일 00시,일요일,인천광역시 서구 왕길동,중상사고,0,1,0,0,차대차 - 기타,안전운전불이행,건조,맑음,교차로 - 교차로안,승용,남,53세,상해없음,이륜,남,18세,중상
2020112900100025,2020년 11월 29일 01시,일요일,인천광역시 남동구 구월동,중상사고,0,1,0,0,차대차 - 추돌,안전운전불이행,건조,맑음,교차로 - 교차로부근,승용,남,25세,상해없음,원동기,남,31세,중상
2020112900100026,2020년 11월 29일 01시,일요일,인천광역시 연수구 동춘동,경상사고,0,0,1,0,차량단독 - 공작물충돌,안전운전불이행,건조,맑음,교차로 - 교차로안,승용,남,36세,상해없음,,,,
2020112900100043,2020년 11월 29일 03시,일요일,인천광역시 서구 연희동,경상사고,0,0,1,0,차대차 - 추돌,안전운전불이행,건조,맑음,단일로 - 지하차도(도로)내,승용,남,66세,상해없음,건설기계,남,48세,경상
2020112900100099,2020년 11월 29일 10시,일요일,인천광역시 미추홀구 도화동,경상사고,0,0,1,0,차대차 - 측면충돌,안전운전불이행,건조,기타,단일로 - 기타,승용,남,29세,기타불명,승용,남,48세,경상
2020112900100117,2020년 11월 29일 11시,일요일,인천광역시 부평구 부평동,경상사고,0,0,1,0,차대사람 - 기타,안전운전불이행,건조,맑음,단일로 - 기타,승용,남,27세,상해없음,보행자,남,61세,경상
2020112900100194,2020년 11월 29일 14시,일요일,인천광역시 부평구 부평동,경상사고,0,0,1,0,차대차 - 추돌,안전운전불이행,건조,맑음,교차로 - 교차로부근,승용,남,23세,상해없음,승용,남,71세,경상
2020112900100275,2020년 11월 29일 17시,일요일,인천광역시 부평구 청천동,경상사고,0,0,2,0,차대차 - 측면충돌,신호위반,건조,맑음,교차로 - 교차로부근,승용,여,47세,상해없음,승용,남,66세,경상
2020112900100357,2020년 11월 29일 20시,일요일,인천광역시 서구 원창동,경상사고,0,0,3,0,차대차 - 측면충돌,안전운전불이행,건조,맑음,교차로 - 교차로안,승용,여,45세,상해없음,승용,남,72세,경상
2020112900100380,2020년 11월 29일 21시,일요일,인천광역시 남동구 구월동,경상사고,0,0,2,0,차대차 - 측면충돌,교차로운행방법위반,건조,맑음,교차로 - 교차로안,승용,남,76세,상해없음,승용,남,34세,경상
2020112900100398,2020년 11월 29일 22시,일요일,인천광역시 계양구 작전동,경상사고,0,0,4,0,차대차 - 측면충돌,교차로운행방법위반,건조,맑음,교차로 - 교차로안,승용,남,35세,상해없음,승용,남,18세,경상
2020113000100011,2020년 11월 30일 00시,월요일,인천광역시 부평구 부평동,경상사고,0,0,1,0,차대차 - 측면충돌,안전운전불이행,건조,맑음,단일로 - 기타,승용,남,26세,상해없음,이륜,남,58세,경상
2020113000100013,2020년 11월 30일 01시,월요일,인천광역시 남동구 도림동,중상사고,0,1,0,0,차대차 - 추돌,안전운전불이행,건조,맑음,단일로 - 교량,승용,남,58세,상해없음,승합,남,68세,중상
2020113000100029,2020년 11월 30일 05시,월요일,인천광역시 미추홀구 주안동,중상사고,0,1,0,0,차대사람 - 횡단중,보행자보호의무위반,건조,맑음,교차로 - 교차로안,승용,남,71세,상해없음,보행자,남,65세,중상
2020113000100079,2020년 11월 30일 07시,월요일,인천광역시 계양구 효성동,경상사고,0,0,1,0,차대사람 - 횡단중,신호위반,건조,맑음,교차로 - 교차로횡단보도내,승용,남,34세,상해없음,보행자,남,64세,경상
2020113000100122,2020년 11월 30일 08시,월요일,인천광역시 서구 석남동,경상사고,0,0,1,0,차대차 - 기타,안전운전불이행,건조,맑음,단일로 - 기타,승용,여,49세,상해없음,승용,여,60세,경상
2020113000100154,2020년 11월 30일 09시,월요일,인천광역시 미추홀구 숭의동,중상사고,0,1,0,0,차대사람 - 횡단중,보행자보호의무위반,건조,맑음,교차로 - 교차로횡단보도내,건설기계,남,56세,상해없음,보행자,여,53세,중상
2020113000100155,2020년 11월 30일 09시,월요일,인천광역시 서구 청라동,경상사고,0,0,2,0,차대차 - 추돌,안전운전불이행,건조,맑음,교차로 - 교차로안,승용,여,58세,상해없음,승용,여,33세,경상
2020113000100186,2020년 11월 30일 10시,월요일,인천광역시 서구 가좌동,경상사고,0,0,1,0,차대사람 - 기타,안전운전불이행,건조,맑음,단일로 - 기타,승용,여,37세,상해없음,보행자,남,43세,경상
2020113000100245,2020년 11월 30일 12시,월요일,인천광역시 중구 도원동,경상사고,0,0,2,0,차대차 - 측면충돌,기타,건조,맑음,교차로 - 교차로안,승용,여,34세,경상,승용,여,61세,경상
2020113000100246,2020년 11월 30일 12시,월요일,인천광역시 서구 원창동,경상사고,0,0,1,0,차대차 - 정면충돌,안전운전불이행,건조,맑음,교차로 - 교차로안,화물,남,64세,상해없음,승용,여,39세,경상
2020113000100247,2020년 11월 30일 12시,월요일,인천광역시 계양구 귤현동,경상사고,0,0,1,0,차대사람 - 횡단중,안전운전불이행,건조,맑음,교차로 - 교차로부근,기타불명,기타불명,미분류,기타불명,보행자,남,41세,경상
2020113000100248,2020년 11월 30일 12시,월요일,인천광역시 계양구 계산동,중상사고,0,1,0,0,차대차 - 측면충돌,안전거리미확보,건조,맑음,단일로 - 기타,승용,남,27세,상해없음,이륜,남,29세,중상
2020113000100283,2020년 11월 30일 13시,월요일,인천광역시 남동구 구월동,중상사고,0,1,0,0,차대사람 - 횡단중,안전운전불이행,건조,맑음,단일로 - 기타,승합,남,70세,상해없음,보행자,여,61세,중상
2020113000100284,2020년 11월 30일 13시,월요일,인천광역시 연수구 송도동,중상사고,0,1,0,0,차대차 - 측면충돌,신호위반,건조,맑음,교차로 - 교차로안,이륜,남,35세,중상,승용,남,35세,상해없음
2020113000100323,2020년 11월 30일 14시,월요일,인천광역시 미추홀구 숭의동,경상사고,0,0,1,0,차대차 - 기타,안전운전불이행,건조,맑음,교차로 - 교차로부근,승용,남,60세,상해없음,승용,여,55세,경상
2020113000100362,2020년 11월 30일 15시,월요일,인천광역시 남동구 구월동,경상사고,0,0,1,0,차대차 - 기타,신호위반,건조,맑음,교차로 - 교차로안,승용,여,52세,상해없음,이륜,남,33세,경상
2020113000100363,2020년 11월 30일 15시,월요일,인천광역시 서구 신현동,경상사고,0,0,1,0,차대차 - 측면충돌,안전운전불이행,건조,맑음,교차로 - 교차로안,이륜,남,35세,경상,승용,남,54세,상해없음
2020113000100411,2020년 11월 30일 16시,월요일,인천광역시 중구 운남동,경상사고,0,0,1,0,차대차 - 측면충돌,안전운전불이행,건조,맑음,기타 - 기타,승용,여,23세,상해없음,승용,남,76세,경상
2020113000100412,2020년 11월 30일 16시,월요일,인천광역시 부평구 부평동,경상사고,0,0,1,0,차량단독 - 기타,안전운전불이행,건조,맑음,단일로 - 기타,승합,남,42세,상해없음,,,,
2020113000100413,2020년 11월 30일 16시,월요일,인천광역시 계양구 계산동,중상사고,0,1,0,0,차대차 - 추돌,안전거리미확보,건조,맑음,단일로 - 기타,이륜,남,23세,기타불명,이륜,남,30세,중상
2020113000100456,2020년 11월 30일 17시,월요일,인천광역시 동구 송현동,중상사고,0,1,1,0,차대차 - 추돌,안전운전불이행,건조,맑음,단일로 - 기타,승용,남,42세,상해없음,승용,남,44세,경상
2020113000100457,2020년 11월 30일 17시,월요일,인천광역시 동구 송림동,경상사고,0,0,1,0,차대차 - 측면충돌,안전운전불이행,건조,맑음,단일로 - 기타,화물,남,40세,기타불명,승용,남,41세,경상
2020113000100458,2020년 11월 30일 17시,월요일,인천광역시 남동구 구월동,경상사고,0,0,1,0,차대차 - 측면충돌,안전거리미확보,건조,맑음,단일로 - 기타,승용,남,30세,상해없음,건설기계,남,43세,경상
2020113000100513,2020년 11월 30일 18시,월요일,인천광역시 남동구 만수동,경상사고,0,0,1,0,차량단독 - 기타,안전운전불이행,건조,맑음,단일로 - 기타,승합,남,60세,상해없음,,,,
2020113000100514,2020년 11월 30일 18시,월요일,인천광역시 서구 가좌동,경상사고,0,0,1,0,차량단독 - 기타,안전운전불이행,건조,맑음,단일로 - 기타,승합,남,46세,상해없음,,,,
2020113000100515,2020년 11월 30일 18시,월요일,인천광역시 서구 청라동,경상사고,0,0,1,0,차량단독 - 기타,안전운전불이행,건조,맑음,단일로 - 기타,승합,남,63세,상해없음,,,,
2020113000100516,2020년 11월 30일 18시,월요일,인천광역시 연수구 연수동,경상사고,0,0,1,0,차대차 - 추돌,안전운전불이행,건조,맑음,교차로 - 교차로부근,승용,남,22세,상해없음,이륜,남,28세,경상
2020113000100563,2020년 11월 30일 19시,월요일,인천광역시 중구 신흥동2가,경상사고,0,0,1,0,차대차 - 측면충돌,안전운전불이행,건조,맑음,교차로 - 교차로부근,승용,남,45세,상해없음,이륜,남,40세,경상
2020113000100564,2020년 11월 30일 19시,월요일,인천광역시 미추홀구 용현동,경상사고,0,0,3,0,차대차 - 측면충돌,안전운전불이행,건조,맑음,단일로 - 기타,승용,남,50세,경상,승합,남,64세,경상
2020113000100643,2020년 11월 30일 23시,월요일,인천광역시 서구 백석동,경상사고,0,0,1,0,차대차 - 추돌,안전운전불이행,건조,맑음,단일로 - 기타,승용,여,55세,상해없음,승용,남,39세,경상
2020120100100110,2020년 12월 1일 08시,화요일,인천광역시 중구 운북동,경상사고,0,0,1,0,차대차 - 추돌,안전운전불이행,건조,맑음,단일로 - 기타,특수,남,41세,상해없음,화물,남,55세,경상
2020120100100111,2020년 12월 1일 08시,화요일,인천광역시 중구 항동7가,경상사고,0,0,1,0,차대차 - 측면충돌,안전거리미확보,건조,맑음,기타 - 기타,화물,남,60세,상해없음,승용,남,37세,경상
2020120100100112,2020년 12월 1일 08시,화요일,인천광역시 미추홀구 숭의동,경상사고,0,0,1,0,차대차 - 추돌,안전운전불이행,건조,맑음,기타 - 기타,승용,여,55세,상해없음,승용,남,58세,경상
2020120100100113,2020년 12월 1일 08시,화요일,인천광역시 계양구 박촌동,경상사고,0,0,1,0,차대차 - 추돌,안전운전불이행,건조,맑음,단일로 - 기타,승용,여,29세,상해없음,승용,여,50세,경상
2020120100100114,2020년 12월 1일 08시,화요일,인천광역시 연수구 송도동,중상사고,0,1,0,0,차대차 - 기타,차로위반,건조,맑음,교차로 - 교차로안,승용,여,34세,상해없음,승용,남,35세,중상
2020120100100151,2020년 12월 1일 09시,화요일,인천광역시 계양구 병방동,경상사고,0,0,4,0,차대차 - 측면충돌,교차로운행방법위반,건조,맑음,교차로 - 교차로안,승용,여,47세,경상,승용,여,42세,경상
2020120100100180,2020년 12월 1일 10시,화요일,인천광역시 미추홀구 숭의동,중상사고,0,1,0,0,차대사람 - 기타,안전운전불이행,건조,맑음,단일로 - 기타,승용,남,51세,상해없음,보행자,남,45세,중상
2020120100100301,2020년 12월 1일 13시,화요일,인천광역시 미추홀구 도화동,경상사고,0,0,1,0,차대차 - 측면충돌,안전운전불이행,건조,맑음,교차로 - 교차로안,승용,남,25세,상해없음,승용,남,35세,경상
2020120100100342,2020년 12월 1일 14시,화요일,인천광역시 중구 항동7가,경상사고,0,0,1,0,차대차 - 측면충돌,안전운전불이행,건조,맑음,교차로 - 교차로부근,화물,남,66세,상해없음,특수,남,51세,경상
2020120100100343,2020년 12월 1일 14시,화요일,인천광역시 서구 왕길동,경상사고,0,0,1,0,차대차 - 추돌,안전거리미확보,건조,맑음,단일로 - 지하차도(도로)내,특수,남,59세,상해없음,승용,여,49세,경상
2020120100100378,2020년 12월 1일 15시,화요일,인천광역시 계양구 오류동,중상사고,0,1,0,0,차대사람 - 횡단중,안전운전불이행,건조,맑음,교차로 - 교차로횡단보도내,승용,남,60세,상해없음,보행자,여,66세,중상
2020120100100428,2020년 12월 1일 16시,화요일,인천광역시 중구 운북동,경상사고,0,0,1,0,차대차 - 추돌,안전운전불이행,건조,맑음,교차로 - 교차로부근,승합,남,55세,상해없음,승용,남,46세,경상
2020120100100429,2020년 12월 1일 16시,화요일,인천광역시 계양구 계산동,중상사고,0,1,0,0,차대차 - 측면충돌,교차로운행방법위반,건조,맑음,교차로 - 교차로안,승용,남,58세,상해없음,이륜,남,45세,중상
2020120100100477,2020년 12월 1일 17시,화요일,인천광역시 부평구 부평동,경상사고,0,0,1,0,차량단독 - 기타,안전운전불이행,건조,맑음,단일로 - 기타,승합,남,59세,상해없음,,,,
2020120100100478,2020년 12월 1일 17시,화요일,인천광역시 계양구 작전동,중상사고,0,1,0,0,차대차 - 측면충돌,안전운전불이행,건조,맑음,교차로 - 교차로안,승용,여,59세,기타불명,승용,남,49세,중상
2020120100100525,2020년 12월 1일 18시,화요일,인천광역시 미추홀구 용현동,중상사고,0,1,0,0,차대차 - 측면충돌,안전운전불이행,건조,맑음,단일로 - 기타,승용,남,50세,상해없음,승용,남,29세,중상
2020120100100526,2020년 12월 1일 18시,화요일,인천광역시 부평구 부평동,경상사고,0,0,4,0,차대차 - 측면충돌,안전운전불이행,건조,맑음,교차로 - 교차로부근,승용,남,25세,상해없음,승용,남,62세,경상
2020120100100527,2020년 12월 1일 18시,화요일,인천광역시 서구 연희동,경상사고,0,0,1,0,차대사람 - 기타,안전운전불이행,건조,맑음,기타 - 기타,승용,여,58세,상해없음,보행자,여,61세,경상
2020120100100529,2020년 12월 1일 18시,화요일,인천광역시 남동구 고잔동,중상사고,0,1,1,0,차대차 - 추돌,안전거리미확보,건조,맑음,단일로 - 지하차도(도로)내,승용,남,30세,상해없음,승용,여,29세,중상
2020120100100560,2020년 12월 1일 19시,화요일,인천광역시 미추홀구 주안동,경상사고,0,0,1,0,차대차 - 측면충돌,교차로운행방법위반,건조,맑음,교차로 - 교차로부근,승용,여,57세,상해없음,승용,남,27세,경상
2020120100100561,2020년 12월 1일 19시,화요일,인천광역시 남동구 구월동,경상사고,0,0,1,0,차대차 - 측면충돌,안전운전불이행,건조,맑음,단일로 - 기타,화물,남,22세,상해없음,승용,남,42세,경상
2020120100100618,2020년 12월 1일 21시,화요일,인천광역시 남동구 남촌동,경상사고,0,0,1,0,차대차 - 추돌,안전거리미확보,건조,맑음,교차로 - 교차로안,승용,남,32세,상해없음,승용,남,41세,경상
2020120200100055,2020년 12월 2일 07시,수요일,인천광역시 서구 금곡동,경상사고,0,0,2,0,차대차 - 추돌,신호위반,건조,맑음,교차로 - 교차로안,승용,남,51세,상해없음,승합,여,49세,경상
2020120200100056,2020년 12월 2일 07시,수요일,인천광역시 부평구 부평동,경상사고,0,0,1,0,차대차 - 추돌,안전운전불이행,건조,맑음,교차로 - 교차로부근,승용,남,50세,상해없음,승용,여,56세,경상
2020120200100085,2020년 12월 2일 08시,수요일,인천광역시 부평구 산곡동,경상사고,0,0,1,0,차대차 - 추돌,안전운전불이행,건조,맑음,단일로 - 기타,승합,남,59세,상해없음,승용,여,49세,경상
2020120200100086,2020년 12월 2일 08시,수요일,인천광역시 서구 석남동,중상사고,0,1,0,0,차대사람 - 기타,안전운전불이행,건조,맑음,교차로 - 교차로안,화물,남,56세,상해없음,보행자,여,73세,중상
2020120200100087,2020년 12월 2일 08시,수요일,인천광역시 서구 석남동,경상사고,0,0,1,0,차대차 - 기타,안전운전불이행,건조,맑음,단일로 - 기타,승용,여,54세,상해없음,건설기계,남,54세,경상
2020120200100112,2020년 12월 2일 09시,수요일,인천광역시 부평구 부평동,경상사고,0,0,1,0,차대차 - 기타,기타,건조,맑음,단일로 - 기타,화물,남,57세,상해없음,자전거,남,70세,경상
2020120200100113,2020년 12월 2일 09시,수요일,인천광역시 남동구 만수동,경상사고,0,0,3,0,차대차 - 정면충돌,교차로운행방법위반,건조,맑음,단일로 - 기타,승용,여,79세,상해없음,승용,여,39세,경상
2020120200100114,2020년 12월 2일 09시,수요일,인천광역시 부평구 부평동,경상사고,0,0,1,0,차대차 - 측면충돌,안전거리미확보,건조,맑음,단일로 - 기타,승용,여,63세,상해없음,승용,여,24세,경상
2020120200100115,2020년 12월 2일 09시,수요일,인천광역시 중구 율목동,경상사고,0,0,1,0,차대차 - 추돌,안전거리미확보,건조,맑음,단일로 - 터널,화물,남,56세,상해없음,승용,여,33세,경상
2020120200100135,2020년 12월 2일 10시,수요일,인천광역시 남동구 간석동,중상사고,0,1,1,0,차대차 - 추돌,안전운전불이행,건조,맑음,교차로 - 교차로부근,승용,남,23세,상해없음,이륜,남,48세,경상
2020120200100167,2020년 12월 2일 11시,수요일,인천광역시 미추홀구 주안동,중상사고,0,2,0,0,차대차 - 기타,안전운전불이행,건조,맑음,단일로 - 기타,승용,남,48세,상해없음,승용,남,29세,중상
2020120200100168,2020년 12월 2일 11시,수요일,인천광역시 연수구 송도동,중상사고,0,1,0,0,차대차 - 기타,안전운전불이행,건조,맑음,교차로 - 교차로횡단보도내,승용,남,57세,상해없음,자전거,여,78세,중상
2020120200100198,2020년 12월 2일 12시,수요일,인천광역시 남동구 구월동,경상사고,0,0,1,0,차대차 - 측면충돌,신호위반,건조,맑음,교차로 - 교차로안,승용,남,57세,상해없음,이륜,남,28세,경상
2020120200100199,2020년 12월 2일 12시,수요일,인천광역시 계양구 하야동,중상사고,0,1,0,0,차대차 - 측면충돌,안전운전불이행,건조,맑음,교차로 - 교차로안,승용,남,64세,상해없음,화물,남,62세,중상
2020120200100200,2020년 12월 2일 12시,수요일,인천광역시 남동구 남촌동,경상사고,0,0,1,0,차대사람 - 길가장자리구역통행중,안전운전불이행,건조,맑음,단일로 - 기타,승용,여,59세,상해없음,보행자,여,65세,경상
2020120200100228,2020년 12월 2일 13시,수요일,인천광역시 서구 가좌동,경상사고,0,0,1,0,차대차 - 측면충돌,안전운전불이행,건조,맑음,단일로 - 기타,화물,남,53세,상해없음,승용,남,66세,경상
2020120200100229,2020년 12월 2일 13시,수요일,인천광역시 부평구 부평동,부상신고사고,0,0,0,1,차대차 - 기타,교차로운행방법위반,건조,맑음,교차로 - 교차로부근,승용,여,55세,상해없음,이륜,남,19세,부상신고
2020120200100230,2020년 12월 2일 13시,수요일,인천광역시 남동구 논현동,중상사고,0,1,0,0,차대사람 - 횡단중,신호위반,건조,맑음,교차로 - 교차로횡단보도내,화물,남,56세,상해없음,보행자,여,80세,중상
2020120200100261,2020년 12월 2일 14시,수요일,인천광역시 부평구 부평동,중상사고,0,1,0,0,차대차 - 기타,신호위반,건조,맑음,교차로 - 교차로횡단보도내,이륜,남,17세,상해없음,자전거,남,80세,중상
2020120200100262,2020년 12월 2일 14시,수요일,인천광역시 부평구 부평동,경상사고,0,0,1,0,차대차 - 측면충돌,기타,건조,맑음,기타 - 기타,화물,남,60세,상해없음,승용,남,36세,경상
2020120200100263,2020년 12월 2일 14시,수요일,인천광역시 부평구 청천동,경상사고,0,0,3,0,차대차 - 측면충돌,차로위반,건조,맑음,단일로 - 기타,승용,여,36세,상해없음,승용,남,22세,경상
2020120200100264,2020년 12월 2일 14시,수요일,인천광역시 남동구 만수동,중상사고,0,1,0,0,차대차 - 측면충돌,안전운전불이행,건조,맑음,단일로 - 기타,화물,남,50세,상해없음,자전거,여,73세,중상
2020120200100293,2020년 12월 2일 15시,수요일,인천광역시 연수구 동춘동,경상사고,0,0,2,0,차대차 - 추돌,안전운전불이행,건조,맑음,단일로 - 기타,승용,남,30세,상해없음,승용,남,59세,경상
2020120200100322,2020년 12월 2일 16시,수요일,인천광역시 중구 신흥동3가,중상사고,0,2,0,0,차대차 - 추돌,안전운전불이행,건조,맑음,기타 - 기타,승용,남,48세,상해없음,승용,남,51세,중상
2020120200100375,2020년 12월 2일 17시,수요일,인천광역시 서구 가좌동,경상사고,0,0,1,0,차대차 - 추돌,안전운전불이행,건조,맑음,교차로 - 교차로안,승용,남,54세,상해없음,승용,남,25세,경상
2020120200100376,2020년 12월 2일 17시,수요일,인천광역시 서구 왕길동,경상사고,0,0,1,0,차대차 - 정면충돌,안전운전불이행,건조,맑음,교차로 - 교차로안,승용,여,41세,상해없음,승용,남,47세,경상
2020120200100440,2020년 12월 2일 18시,수요일,인천광역시 계양구 귤현동,경상사고,0,0,1,0,차대차 - 기타,안전거리미확보,건조,맑음,단일로 - 기타,승용,여,54세,기타불명,승합,남,49세,상해없음
2020120200100494,2020년 12월 2일 19시,수요일,인천광역시 중구 중산동,경상사고,0,0,1,0,차대차 - 측면충돌,중앙선침범,건조,맑음,단일로 - 기타,사륜오토바이(ATV),남,54세,상해없음,승합,남,51세,경상
2020120200100495,2020년 12월 2일 19시,수요일,인천광역시 남동구 장수동,중상사고,0,1,0,0,차대차 - 기타,교차로운행방법위반,건조,맑음,교차로 - 교차로안,화물,남,67세,상해없음,이륜,남,49세,중상
2020120200100522,2020년 12월 2일 20시,수요일,인천광역시 부평구 부평동,중상사고,0,1,0,0,차대사람 - 보도통행중,안전운전불이행,건조,맑음,기타 - 기타,자전거,여,72세,상해없음,보행자,여,51세,중상
2020120200100549,2020년 12월 2일 21시,수요일,인천광역시 부평구 부개동,경상사고,0,0,1,0,차대사람 - 기타,안전운전불이행,건조,맑음,단일로 - 기타,승용,여,28세,상해없음,보행자,남,39세,경상
2020120200100572,2020년 12월 2일 23시,수요일,인천광역시 부평구 구산동,경상사고,0,0,1,0,차대차 - 추돌,안전운전불이행,건조,맑음,단일로 - 기타,승용,남,56세,상해없음,승용,여,25세,경상
2020120300100006,2020년 12월 3일 00시,목요일,인천광역시 계양구 임학동,경상사고,0,0,1,0,차대차 - 기타,안전운전불이행,건조,맑음,단일로 - 기타,기타불명,기타불명,미분류,기타불명,이륜,남,65세,경상
2020120300100014,2020년 12월 3일 01시,목요일,인천광역시 계양구 동양동,경상사고,0,0,1,0,차대차 - 측면충돌,차로위반,건조,맑음,단일로 - 기타,화물,남,60세,상해없음,승용,남,52세,경상
2020120300100121,2020년 12월 3일 09시,목요일,인천광역시 강화군 강화읍,중상사고,0,1,0,0,차대사람 - 횡단중,안전운전불이행,건조,맑음,단일로 - 기타,승용,남,64세,상해없음,보행자,남,79세,중상
2020120300100123,2020년 12월 3일 09시,목요일,인천광역시 남동구 남촌동,중상사고,0,1,0,0,차대차 - 추돌,안전운전불이행,건조,맑음,단일로 - 기타,승용,남,54세,상해없음,승용,여,37세,중상