사고번호,사고일시,요일,시군구,사고내용,사망자수,중상자수,경상자수,부상신고자수,사고유형,법규위반,노면상태,기상상태,도로형태,가해운전자 차종,가해운전자 성별,가해운전자 연령,가해운전자 상해정도,피해운전자 차종,피해운전자 성별,피해운전자 연령,피해운전자 상해정도
2020120300100144,2020년 12월 3일 10시,목요일,인천광역시 미추홀구 주안동,경상사고,0,0,1,0,차대차 - 측면충돌,안전운전불이행,건조,맑음,교차로 - 교차로부근,승합,여,54세,경상,승용,남,21세,상해없음
2020120300100313,2020년 12월 3일 15시,목요일,인천광역시 남동구 만수동,경상사고,0,0,1,0,차대차 - 측면충돌,안전운전불이행,건조,맑음,교차로 - 교차로부근,승용,여,50세,상해없음,승용,여,61세,경상
2020120300100344,2020년 12월 3일 16시,목요일,인천광역시 동구 만석동,경상사고,0,0,1,0,차대사람 - 기타,안전운전불이행,건조,맑음,단일로 - 기타,승합,남,46세,상해없음,보행자,여,60세,경상
2020120300100393,2020년 12월 3일 17시,목요일,인천광역시 미추홀구 관교동,경상사고,0,0,1,0,차대차 - 추돌,안전운전불이행,건조,맑음,기타 - 기타,화물,남,47세,상해없음,승용,남,미분류,기타불명
2020120300100394,2020년 12월 3일 17시,목요일,인천광역시 부평구 구산동,중상사고,0,1,0,0,차대차 - 측면충돌,안전거리미확보,건조,맑음,교차로 - 교차로부근,승용,남,53세,기타불명,승용,여,52세,중상
2020120300100446,2020년 12월 3일 18시,목요일,인천광역시 부평구 갈산동,경상사고,0,0,1,0,차대차 - 추돌,안전거리미확보,건조,맑음,교차로 - 교차로부근,승용,여,47세,상해없음,승용,여,30세,경상
2020120300100447,2020년 12월 3일 18시,목요일,인천광역시 계양구 작전동,경상사고,0,0,1,0,차대차 - 추돌,안전운전불이행,건조,맑음,교차로 - 교차로안,승용,남,55세,상해없음,승용,여,35세,경상
2020120300100505,2020년 12월 3일 20시,목요일,인천광역시 서구 왕길동,경상사고,0,0,1,0,차대사람 - 횡단중,신호위반,건조,맑음,교차로 - 교차로안,이륜,남,35세,상해없음,보행자,여,15세,경상
2020120300100529,2020년 12월 3일 21시,목요일,인천광역시 미추홀구 주안동,경상사고,0,0,1,0,차대차 - 측면충돌,안전운전불이행,건조,맑음,단일로 - 기타,승용,남,28세,상해없음,승용,여,49세,경상
2020120300100530,2020년 12월 3일 21시,목요일,인천광역시 서구 마전동,경상사고,0,0,1,0,차대차 - 추돌,안전운전불이행,건조,맑음,단일로 - 기타,승용,남,40세,상해없음,승용,남,31세,경상
2020120300100531,2020년 12월 3일 21시,목요일,인천광역시 계양구 임학동,중상사고,0,1,0,0,차대차 - 기타,신호위반,건조,맑음,교차로 - 교차로부근,이륜,남,29세,중상,승용,남,41세,상해없음
2020120300100557,2020년 12월 3일 23시,목요일,인천광역시 부평구 부평동,부상신고사고,0,0,0,2,차대차 - 기타,안전운전불이행,건조,맑음,단일로 - 지하차도(도로)내,승용,여,17세,상해없음,승용,여,35세,부상신고
2020120400100010,2020년 12월 4일 00시,금요일,인천광역시 중구 운서동,경상사고,0,0,4,0,차대차 - 측면충돌,교차로운행방법위반,건조,맑음,교차로 - 교차로안,승용,남,27세,경상,승용,남,40세,경상
2020120400100011,2020년 12월 4일 00시,금요일,인천광역시 부평구 청천동,경상사고,0,0,3,0,차대차 - 측면충돌,신호위반,건조,맑음,교차로 - 교차로안,화물,남,32세,경상,승용,남,53세,상해없음
2020120400100020,2020년 12월 4일 01시,금요일,인천광역시 중구 운서동,경상사고,0,0,2,0,차대차 - 측면충돌,교차로운행방법위반,건조,맑음,교차로 - 교차로안,화물,남,38세,경상,승용,남,63세,경상
2020120400100029,2020년 12월 4일 04시,금요일,인천광역시 남동구 구월동,중상사고,0,1,0,0,차대사람 - 횡단중,안전운전불이행,건조,맑음,단일로 - 기타,승용,남,66세,상해없음,보행자,남,76세,중상
2020120400100067,2020년 12월 4일 06시,금요일,인천광역시 중구 운남동,부상신고사고,0,0,0,1,차대차 - 측면충돌,안전운전불이행,건조,맑음,교차로 - 교차로안,화물,남,73세,상해없음,화물,남,60세,상해없음
2020120400100088,2020년 12월 4일 07시,금요일,인천광역시 서구 가좌동,사망사고,1,0,0,0,차대차 - 정면충돌,신호위반,건조,맑음,교차로 - 교차로안,이륜,남,19세,사망,승합,남,49세,상해없음
2020120400100121,2020년 12월 4일 08시,금요일,인천광역시 중구 운서동,경상사고,0,0,2,0,차대차 - 측면충돌,교차로운행방법위반,건조,맑음,교차로 - 교차로안,승용,남,48세,경상,승용,남,44세,경상
2020120400100122,2020년 12월 4일 08시,금요일,인천광역시 미추홀구 도화동,경상사고,0,0,1,0,차대차 - 측면충돌,안전운전불이행,건조,맑음,교차로 - 교차로횡단보도내,승용,남,63세,상해없음,승용,남,60세,경상
2020120400100158,2020년 12월 4일 09시,금요일,인천광역시 미추홀구 주안동,경상사고,0,0,1,0,차량단독 - 기타,안전운전불이행,건조,맑음,단일로 - 기타,승합,남,55세,상해없음,,,,
2020120400100189,2020년 12월 4일 10시,금요일,인천광역시 중구 신흥동3가,중상사고,0,1,0,0,차대차 - 측면충돌,교차로운행방법위반,건조,맑음,교차로 - 교차로안,특수,남,62세,상해없음,승용,여,24세,중상
2020120400100214,2020년 12월 4일 11시,금요일,인천광역시 중구 운서동,경상사고,0,0,1,0,차대차 - 측면충돌,안전운전불이행,건조,맑음,교차로 - 교차로부근,승용,남,35세,상해없음,이륜,남,36세,경상
2020120400100215,2020년 12월 4일 11시,금요일,인천광역시 미추홀구 주안동,경상사고,0,0,1,0,차대사람 - 기타,안전운전불이행,건조,맑음,기타 - 기타,기타불명,기타불명,미분류,기타불명,보행자,남,62세,경상
2020120400100216,2020년 12월 4일 11시,금요일,인천광역시 미추홀구 주안동,경상사고,0,0,1,0,차대차 - 기타,안전운전불이행,건조,맑음,교차로 - 교차로부근,승용,남,66세,상해없음,승용,남,45세,경상
2020120400100217,2020년 12월 4일 11시,금요일,인천광역시 서구 오류동,사망사고,1,0,0,0,차대차 - 측면충돌,안전운전불이행,건조,맑음,교차로 - 교차로부근,화물,남,63세,상해없음,이륜,남,57세,사망
2020120400100276,2020년 12월 4일 13시,금요일,인천광역시 부평구 십정동,경상사고,0,0,1,0,차대차 - 측면충돌,안전운전불이행,건조,맑음,교차로 - 교차로안,승용,여,56세,상해없음,승용,여,43세,경상
2020120400100277,2020년 12월 4일 13시,금요일,인천광역시 남동구 구월동,경상사고,0,0,1,0,차대차 - 기타,차로위반,건조,맑음,단일로 - 기타,화물,남,41세,상해없음,승합,남,52세,상해없음
2020120400100278,2020년 12월 4일 13시,금요일,인천광역시 서구 마전동,경상사고,0,0,1,0,차대차 - 정면충돌,안전운전불이행,건조,맑음,단일로 - 기타,화물,남,67세,상해없음,사륜오토바이(ATV),남,70세,경상
2020120400100310,2020년 12월 4일 14시,금요일,인천광역시 미추홀구 학익동,사망사고,1,0,2,1,차대차 - 정면충돌,중앙선침범,건조,맑음,교차로 - 교차로부근,승용,남,62세,사망,승합,남,58세,부상신고
2020120400100344,2020년 12월 4일 15시,금요일,인천광역시 연수구 송도동,경상사고,0,0,1,1,차대차 - 측면충돌,신호위반,건조,맑음,교차로 - 교차로안,승용,여,41세,상해없음,승합,남,67세,경상
2020120400100345,2020년 12월 4일 15시,금요일,인천광역시 남동구 논현동,경상사고,0,0,1,0,차대차 - 추돌,안전운전불이행,건조,맑음,단일로 - 기타,승용,남,59세,상해없음,승용,여,24세,경상
2020120400100442,2020년 12월 4일 17시,금요일,인천광역시 미추홀구 주안동,경상사고,0,0,1,0,차대차 - 측면충돌,안전거리미확보,건조,맑음,단일로 - 기타,승용,여,59세,상해없음,승용,남,53세,경상
2020120400100509,2020년 12월 4일 18시,금요일,인천광역시 동구 송림동,경상사고,0,0,1,0,차대차 - 측면충돌,안전운전불이행,건조,맑음,교차로 - 교차로안,화물,남,59세,상해없음,승용,남,45세,경상
2020120400100510,2020년 12월 4일 18시,금요일,인천광역시 남동구 논현동,경상사고,0,0,1,0,차대차 - 정면충돌,신호위반,건조,맑음,교차로 - 교차로안,이륜,남,35세,상해없음,화물,남,55세,경상
2020120400100591,2020년 12월 4일 20시,금요일,인천광역시 미추홀구 주안동,경상사고,0,0,1,0,차대차 - 추돌,안전운전불이행,건조,맑음,단일로 - 기타,승용,남,29세,상해없음,승용,여,32세,경상
2020120400100628,2020년 12월 4일 21시,금요일,인천광역시 미추홀구 주안동,경상사고,0,0,1,0,차대차 - 기타,안전운전불이행,건조,맑음,교차로 - 교차로안,승용,남,62세,상해없음,승용,남,61세,경상
2020120400100649,2020년 12월 4일 22시,금요일,인천광역시 남동구 간석동,경상사고,0,0,6,0,차대차 - 측면충돌,안전운전불이행,건조,맑음,교차로 - 교차로안,승용,남,22세,상해없음,승합,남,40세,경상
2020120400100650,2020년 12월 4일 22시,금요일,인천광역시 서구 청라동,경상사고,0,0,1,0,차대사람 - 횡단중,기타,건조,맑음,단일로 - 기타,승용,남,56세,상해없음,보행자,남,20세,경상
2020120500100090,2020년 12월 5일 09시,토요일,인천광역시 계양구 병방동,경상사고,0,0,1,0,차대사람 - 보도통행중,안전운전불이행,건조,맑음,단일로 - 기타,승용,여,58세,상해없음,보행자,남,62세,경상
2020120500100162,2020년 12월 5일 11시,토요일,인천광역시 미추홀구 학익동,경상사고,0,0,3,0,차대차 - 측면충돌,안전거리미확보,건조,맑음,교차로 - 교차로부근,승용,여,62세,경상,승용,남,54세,경상
2020120500100163,2020년 12월 5일 11시,토요일,인천광역시 미추홀구 주안동,경상사고,0,0,1,0,차대차 - 기타,안전운전불이행,건조,맑음,교차로 - 교차로안,승합,남,68세,상해없음,이륜,남,28세,경상
2020120500100164,2020년 12월 5일 11시,토요일,인천광역시 서구 청라동,경상사고,0,0,1,0,차대차 - 기타,안전운전불이행,건조,맑음,교차로 - 교차로부근,승용,남,28세,상해없음,이륜,남,33세,경상
2020120500100291,2020년 12월 5일 14시,토요일,인천광역시 계양구 작전동,경상사고,0,0,1,0,차대사람 - 차도통행중,안전운전불이행,건조,맑음,교차로 - 교차로안,승용,남,38세,상해없음,보행자,남,38세,경상
2020120500100320,2020년 12월 5일 15시,토요일,인천광역시 미추홀구 용현동,경상사고,0,0,1,0,차대차 - 측면충돌,안전운전불이행,건조,맑음,단일로 - 기타,승용,남,60세,상해없음,승용,남,23세,경상
2020120500100345,2020년 12월 5일 16시,토요일,인천광역시 미추홀구 용현동,경상사고,0,0,1,0,차대차 - 기타,기타,건조,맑음,단일로 - 기타,승용,남,45세,상해없음,이륜,남,50세,경상
2020120500100393,2020년 12월 5일 17시,토요일,인천광역시 남동구 간석동,중상사고,0,1,0,0,차대차 - 측면충돌,안전운전불이행,건조,맑음,교차로 - 교차로안,승합,남,62세,상해없음,화물,남,59세,중상
2020120500100394,2020년 12월 5일 17시,토요일,인천광역시 남동구 구월동,경상사고,0,0,3,0,차대차 - 측면충돌,안전운전불이행,건조,맑음,교차로 - 교차로안,이륜,남,16세,상해없음,승용,남,25세,경상
2020120500100495,2020년 12월 5일 20시,토요일,인천광역시 남동구 서창동,경상사고,0,0,1,0,차대사람 - 횡단중,보행자보호의무위반,건조,맑음,교차로 - 교차로횡단보도내,화물,남,35세,상해없음,보행자,여,48세,경상
2020120500100542,2020년 12월 5일 22시,토요일,인천광역시 미추홀구 주안동,부상신고사고,0,0,0,1,차대차 - 기타,신호위반,건조,맑음,교차로 - 교차로안,기타불명,기타불명,미분류,기타불명,이륜,남,45세,부상신고
2020120600100033,2020년 12월 6일 02시,일요일,인천광역시 서구 석남동,중상사고,0,1,0,0,차대차 - 추돌,안전운전불이행,건조,맑음,단일로 - 기타,이륜,남,17세,중상,승용,남,51세,기타불명
2020120600100044,2020년 12월 6일 05시,일요일,인천광역시 남동구 만수동,중상사고,0,1,0,0,차대차 - 측면충돌,신호위반,건조,맑음,교차로 - 교차로안,승용,여,59세,상해없음,승용,여,55세,중상
2020120600100142,2020년 12월 6일 12시,일요일,인천광역시 서구 가좌동,경상사고,0,0,2,0,차대차 - 기타,안전거리미확보,건조,맑음,단일로 - 기타,승용,남,68세,상해없음,승용,남,70세,경상
2020120600100172,2020년 12월 6일 13시,일요일,인천광역시 남동구 만수동,경상사고,0,0,1,0,차대차 - 측면충돌,안전운전불이행,건조,맑음,단일로 - 기타,승용,남,28세,상해없음,승용,남,34세,경상
2020120600100173,2020년 12월 6일 13시,일요일,인천광역시 계양구 선주지동,경상사고,0,0,1,0,차대사람 - 횡단중,안전운전불이행,건조,맑음,단일로 - 기타,자전거,남,39세,상해없음,보행자,여,13세,경상
2020120600100174,2020년 12월 6일 13시,일요일,인천광역시 부평구 부개동,경상사고,0,0,1,0,차대차 - 추돌,안전운전불이행,건조,맑음,교차로 - 교차로부근,승용,남,45세,기타불명,화물,남,61세,경상
2020120600100241,2020년 12월 6일 15시,일요일,인천광역시 미추홀구 주안동,경상사고,0,0,1,0,차대차 - 측면충돌,안전운전불이행,건조,맑음,교차로 - 교차로안,승용,여,36세,상해없음,승용,여,50세,경상
2020120600100242,2020년 12월 6일 15시,일요일,인천광역시 계양구 작전동,경상사고,0,0,1,0,차대차 - 추돌,안전운전불이행,건조,맑음,교차로 - 교차로부근,화물,남,47세,상해없음,이륜,남,24세,경상
2020120600100243,2020년 12월 6일 15시,일요일,인천광역시 중구 신흥동3가,중상사고,0,1,0,0,차대차 - 추돌,안전운전불이행,건조,맑음,단일로 - 기타,승용,남,60세,상해없음,승용,남,33세,중상
2020120600100263,2020년 12월 6일 16시,일요일,인천광역시 부평구 부개동,경상사고,0,0,1,0,차대차 - 기타,안전운전불이행,건조,맑음,교차로 - 교차로안,승용,여,36세,상해없음,승용,여,45세,경상
2020120600100287,2020년 12월 6일 17시,일요일,인천광역시 중구 신흥동3가,중상사고,0,2,1,0,차대차 - 추돌,안전운전불이행,건조,맑음,교차로 - 교차로부근,화물,남,52세,상해없음,승용,남,55세,중상
2020120600100288,2020년 12월 6일 17시,일요일,인천광역시 부평구 십정동,경상사고,0,0,1,0,차대차 - 기타,안전거리미확보,건조,맑음,교차로 - 교차로부근,승용,남,67세,상해없음,승용,남,61세,경상
2020120600100289,2020년 12월 6일 17시,일요일,인천광역시 부평구 부평동,경상사고,0,0,1,0,차대차 - 기타,안전운전불이행,건조,맑음,교차로 - 교차로안,승용,남,36세,상해없음,이륜,남,19세,경상
2020120600100320,2020년 12월 6일 18시,일요일,인천광역시 미추홀구 용현동,경상사고,0,0,1,0,차대차 - 기타,기타,건조,맑음,교차로 - 교차로안,승용,남,25세,상해없음,이륜,남,55세,상해없음
2020120600100321,2020년 12월 6일 18시,일요일,인천광역시 서구 청라동,경상사고,0,0,1,0,차대사람 - 횡단중,신호위반,건조,맑음,교차로 - 교차로횡단보도내,이륜,남,34세,상해없음,보행자,남,28세,경상
2020120600100350,2020년 12월 6일 19시,일요일,인천광역시 서구 검암동,경상사고,0,0,1,0,차대차 - 기타,안전운전불이행,건조,맑음,교차로 - 교차로부근,승용,남,49세,상해없음,승용,남,43세,기타불명
2020120700100007,2020년 12월 7일 00시,월요일,인천광역시 서구 마전동,경상사고,0,0,1,0,차대차 - 기타,안전운전불이행,건조,맑음,단일로 - 기타,승용,남,30세,상해없음,승용,남,51세,경상
2020120700100019,2020년 12월 7일 04시,월요일,인천광역시 계양구 계산동,중상사고,0,1,0,0,차대사람 - 차도통행중,안전운전불이행,건조,맑음,교차로 - 교차로부근,승용,남,59세,상해없음,보행자,남,70세,중상
2020120700100096,2020년 12월 7일 08시,월요일,인천광역시 부평구 삼산동,중상사고,0,1,2,0,차대차 - 추돌,안전운전불이행,건조,맑음,단일로 - 교량,승용,남,62세,상해없음,승용,남,44세,중상
2020120700100124,2020년 12월 7일 09시,월요일,인천광역시 부평구 청천동,경상사고,0,0,1,0,차대차 - 측면충돌,안전운전불이행,건조,맑음,단일로 - 교량,특수,남,54세,상해없음,승용,남,41세,경상
2020120700100157,2020년 12월 7일 10시,월요일,인천광역시 중구 운서동,경상사고,0,0,2,0,차대차 - 측면충돌,신호위반,건조,맑음,교차로 - 교차로안,승용,남,52세,상해없음,승용,남,67세,경상
2020120700100184,2020년 12월 7일 11시,월요일,인천광역시 서구 가정동,경상사고,0,0,1,0,차대사람 - 기타,안전운전불이행,건조,맑음,교차로 - 교차로부근,승용,남,71세,상해없음,보행자,남,36세,경상
2020120700100204,2020년 12월 7일 12시,월요일,인천광역시 서구 가좌동,경상사고,0,0,2,0,차대차 - 측면충돌,안전운전불이행,건조,맑음,교차로 - 교차로안,화물,남,57세,상해없음,승용,남,24세,경상
2020120700100205,2020년 12월 7일 12시,월요일,인천광역시 남동구 도림동,경상사고,0,0,2,0,차대차 - 추돌,안전운전불이행,건조,맑음,교차로 - 교차로부근,이륜,남,74세,상해없음,승용,남,77세,경상
2020120700100229,2020년 12월 7일 13시,월요일,인천광역시 미추홀구 주안동,부상신고사고,0,0,0,1,차대사람 - 기타,안전운전불이행,건조,맑음,단일로 - 기타,승용,남,41세,상해없음,보행자,남,12세,부상신고
2020120700100230,2020년 12월 7일 13시,월요일,인천광역시 서구 가좌동,중상사고,0,1,0,0,차대차 - 기타,중앙선침범,건조,맑음,단일로 - 기타,승용,남,51세,상해없음,이륜,남,42세,중상
2020120700100251,2020년 12월 7일 14시,월요일,인천광역시 남동구 구월동,경상사고,0,0,1,0,차대차 - 기타,기타,건조,맑음,단일로 - 기타,승용,남,59세,상해없음,승용,남,47세,경상
2020120700100327,2020년 12월 7일 16시,월요일,인천광역시 부평구 청천동,경상사고,0,0,2,0,차대차 - 측면충돌,안전운전불이행,건조,맑음,단일로 - 기타,승용,여,55세,경상,승용,남,25세,경상
2020120700100370,2020년 12월 7일 17시,월요일,인천광역시 부평구 삼산동,중상사고,0,1,0,0,차대차 - 기타,안전운전불이행,건조,맑음,기타 - 기타,승용,여,51세,상해없음,자전거,남,69세,중상
2020120700100410,2020년 12월 7일 18시,월요일,인천광역시 계양구 계산동,중상사고,0,1,0,0,차대사람 - 횡단중,안전운전불이행,건조,맑음,단일로 - 기타,승합,남,51세,상해없음,보행자,여,28세,중상
2020120700100449,2020년 12월 7일 19시,월요일,인천광역시 서구 공촌동,경상사고,0,0,1,0,차대차 - 추돌,안전운전불이행,건조,맑음,교차로 - 교차로부근,승용,남,41세,상해없음,화물,남,41세,경상
2020120700100479,2020년 12월 7일 20시,월요일,인천광역시 남동구 간석동,경상사고,0,0,2,0,차대차 - 측면충돌,신호위반,건조,흐림,교차로 - 교차로안,승용,남,38세,상해없음,승용,남,64세,경상
2020120700100480,2020년 12월 7일 20시,월요일,인천광역시 서구 가정동,경상사고,0,0,1,0,차대차 - 추돌,안전운전불이행,건조,맑음,교차로 - 교차로안,승용,남,26세,상해없음,승용,남,41세,경상
2020120700100481,2020년 12월 7일 20시,월요일,인천광역시 연수구 송도동,경상사고,0,0,1,0,차대사람 - 횡단중,보행자보호의무위반,건조,맑음,교차로 - 교차로횡단보도내,자전거,남,37세,상해없음,보행자,남,58세,경상
2020120800100038,2020년 12월 8일 06시,화요일,인천광역시 남동구 고잔동,경상사고,0,0,1,0,차대사람 - 기타,안전운전불이행,건조,맑음,단일로 - 기타,개인형이동수단(PM),남,22세,상해없음,보행자,여,61세,경상
2020120800100137,2020년 12월 8일 09시,화요일,인천광역시 연수구 송도동,경상사고,0,0,1,0,차대차 - 측면충돌,안전운전불이행,건조,맑음,교차로 - 교차로부근,승용,여,40세,상해없음,승용,남,34세,경상
2020120800100192,2020년 12월 8일 11시,화요일,인천광역시 계양구 작전동,경상사고,0,0,5,0,차대차 - 측면충돌,안전거리미확보,건조,맑음,단일로 - 기타,승용,남,64세,경상,승용,남,18세,경상
2020120800100193,2020년 12월 8일 11시,화요일,인천광역시 계양구 작전동,경상사고,0,0,1,0,차대차 - 측면충돌,안전거리미확보,건조,맑음,교차로 - 교차로부근,승용,여,51세,상해없음,화물,남,39세,경상
2020120800100227,2020년 12월 8일 12시,화요일,인천광역시 동구 화평동,중상사고,0,1,0,0,차대사람 - 횡단중,보행자보호의무위반,건조,맑음,교차로 - 교차로횡단보도내,원동기,남,28세,상해없음,보행자,여,62세,중상
2020120800100262,2020년 12월 8일 13시,화요일,인천광역시 미추홀구 주안동,경상사고,0,0,1,0,차대차 - 후진중충돌,안전운전불이행,건조,맑음,단일로 - 기타,화물,남,37세,상해없음,승용,여,49세,경상
2020120800100263,2020년 12월 8일 13시,화요일,인천광역시 부평구 십정동,중상사고,0,1,0,0,차대차 - 기타,안전운전불이행,건조,맑음,단일로 - 기타,승용,남,20세,상해없음,승용,여,47세,중상
2020120800100310,2020년 12월 8일 14시,화요일,인천광역시 서구 가좌동,중상사고,0,1,0,0,차대차 - 기타,교차로운행방법위반,건조,맑음,교차로 - 교차로안,승용,남,69세,상해없음,자전거,남,60세,중상
2020120800100311,2020년 12월 8일 14시,화요일,인천광역시 남동구 고잔동,경상사고,0,0,1,0,차대차 - 측면충돌,안전운전불이행,건조,맑음,단일로 - 기타,화물,남,55세,상해없음,승용,남,34세,경상
2020120800100348,2020년 12월 8일 15시,화요일,인천광역시 계양구 작전동,경상사고,0,0,1,0,차대차 - 기타,안전운전불이행,건조,맑음,주차장 - 주차장,승용,남,61세,상해없음,승용,여,42세,경상
2020120800100382,2020년 12월 8일 16시,화요일,인천광역시 부평구 부평동,경상사고,0,0,1,0,차대차 - 측면충돌,교차로운행방법위반,건조,맑음,교차로 - 교차로안,화물,남,62세,상해없음,승용,남,67세,경상
2020120800100383,2020년 12월 8일 16시,화요일,인천광역시 남동구 구월동,경상사고,0,0,1,0,차대사람 - 기타,안전운전불이행,건조,맑음,단일로 - 기타,승용,여,49세,상해없음,보행자,남,54세,경상
2020120800100384,2020년 12월 8일 16시,화요일,인천광역시 연수구 연수동,중상사고,0,2,0,0,차대차 - 측면충돌,신호위반,건조,맑음,교차로 - 교차로안,승용,남,27세,상해없음,승용,여,45세,중상
2020120800100436,2020년 12월 8일 17시,화요일,인천광역시 미추홀구 도화동,경상사고,0,0,1,0,차대차 - 기타,안전거리미확보,건조,맑음,단일로 - 기타,화물,남,57세,상해없음,승용,남,24세,경상
2020120800100437,2020년 12월 8일 17시,화요일,인천광역시 서구 검암동,중상사고,0,1,0,0,차대차 - 측면충돌,과속,건조,맑음,단일로 - 기타,이륜,남,35세,중상,승용,남,40세,상해없음
2020120800100438,2020년 12월 8일 17시,화요일,인천광역시 강화군 내가면,경상사고,0,0,1,0,차대차 - 측면충돌,안전운전불이행,건조,맑음,교차로 - 교차로안,승용,남,79세,상해없음,승용,남,26세,경상
2020120800100537,2020년 12월 8일 19시,화요일,인천광역시 미추홀구 용현동,경상사고,0,0,1,0,차대차 - 기타,안전운전불이행,건조,기타,교차로 - 교차로안,기타불명,기타불명,미분류,기타불명,승합,여,54세,기타불명
2020120800100538,2020년 12월 8일 19시,화요일,인천광역시 부평구 십정동,중상사고,0,1,0,0,차대사람 - 차도통행중,안전운전불이행,건조,맑음,단일로 - 기타,승용,여,32세,상해없음,보행자,남,62세,중상
2020120800100615,2020년 12월 8일 22시,화요일,인천광역시 서구 청라동,경상사고,0,0,5,0,차대차 - 추돌,안전운전불이행,건조,맑음,교차로 - 교차로부근,승용,남,57세,경상,승용,여,27세,경상
2020120800100616,2020년 12월 8일 22시,화요일,인천광역시 연수구 송도동,경상사고,0,0,1,0,차량단독 - 공작물충돌,안전운전불이행,건조,맑음,교차로 - 교차로안,승용,남,66세,상해없음,,,,
2020120900100007,2020년 12월 9일 00시,수요일,인천광역시 서구 연희동,경상사고,0,0,1,0,차대차 - 기타,안전운전불이행,건조,맑음,교차로 - 교차로안,승용,여,59세,상해없음,이륜,남,44세,경상
2020120900100039,2020년 12월 9일 06시,수요일,인천광역시 중구 북성동1가,사망사고,1,0,0,0,차대차 - 정면충돌,안전운전불이행,건조,맑음,교차로 - 교차로안,승용,여,53세,상해없음,자전거,남,79세,사망
2020120900100062,2020년 12월 9일 07시,수요일,인천광역시 남동구 구월동,경상사고,0,0,1,0,차대사람 - 기타,안전운전불이행,건조,맑음,교차로 - 교차로부근,기타불명,기타불명,미분류,기타불명,보행자,남,65세,경상
2020120900100063,2020년 12월 9일 07시,수요일,인천광역시 서구 금곡동,경상사고,0,0,1,0,차대차 - 추돌,안전운전불이행,건조,맑음,단일로 - 기타,승용,남,34세,상해없음,승용,남,45세,경상
2020120900100103,2020년 12월 9일 08시,수요일,인천광역시 계양구 서운동,경상사고,0,0,1,0,차대차 - 추돌,안전거리미확보,건조,맑음,단일로 - 기타,승용,남,60세,기타불명,승용,남,31세,경상
2020120900100104,2020년 12월 9일 08시,수요일,인천광역시 남동구 논현동,경상사고,0,0,1,0,차대차 - 측면충돌,안전운전불이행,건조,맑음,기타 - 기타,승용,여,33세,상해없음,자전거,남,17세,경상
2020120900100144,2020년 12월 9일 09시,수요일,인천광역시 부평구 청천동,경상사고,0,0,1,0,차대차 - 측면충돌,차로위반,건조,맑음,단일로 - 기타,화물,남,55세,상해없음,승용,남,23세,경상
2020120900100145,2020년 12월 9일 09시,수요일,인천광역시 서구 마전동,경상사고,0,0,1,0,차대차 - 후진중충돌,안전운전불이행,건조,맑음,단일로 - 기타,승용,여,46세,상해없음,승용,남,26세,경상
2020120900100146,2020년 12월 9일 09시,수요일,인천광역시 서구 가좌동,경상사고,0,0,1,0,차대차 - 측면충돌,안전운전불이행,건조,맑음,교차로 - 교차로부근,승용,여,53세,상해없음,화물,남,62세,경상
2020120900100147,2020년 12월 9일 09시,수요일,인천광역시 연수구 송도동,경상사고,0,0,1,0,차대차 - 추돌,안전운전불이행,건조,맑음,단일로 - 기타,승용,남,37세,상해없음,화물,남,52세,경상
2020120900100176,2020년 12월 9일 10시,수요일,인천광역시 남동구 구월동,경상사고,0,0,2,0,차대차 - 추돌,안전운전불이행,건조,맑음,단일로 - 기타,화물,남,44세,상해없음,화물,남,58세,경상
2020120900100257,2020년 12월 9일 13시,수요일,인천광역시 미추홀구 학익동,경상사고,0,0,1,0,차대차 - 추돌,안전운전불이행,건조,맑음,단일로 - 기타,이륜,남,25세,기타불명,승용,여,44세,경상
2020120900100259,2020년 12월 9일 13시,수요일,인천광역시 서구 원창동,경상사고,0,0,1,0,차대차 - 기타,안전운전불이행,건조,맑음,단일로 - 기타,승용,여,48세,상해없음,이륜,남,42세,경상
2020120900100383,2020년 12월 9일 17시,수요일,인천광역시 서구 불로동,중상사고,0,1,0,0,차대사람 - 기타,안전운전불이행,건조,맑음,교차로 - 교차로안,승용,여,47세,상해없음,보행자,여,49세,중상
2020120900100384,2020년 12월 9일 17시,수요일,인천광역시 서구 석남동,경상사고,0,0,2,0,차대차 - 기타,안전운전불이행,건조,맑음,기타 - 기타,기타불명,기타불명,미분류,기타불명,화물,여,54세,경상
2020120900100446,2020년 12월 9일 18시,수요일,인천광역시 미추홀구 용현동,경상사고,0,0,1,0,차대사람 - 횡단중,신호위반,건조,맑음,교차로 - 교차로횡단보도내,원동기,남,47세,상해없음,보행자,남,9세,경상
2020120900100447,2020년 12월 9일 18시,수요일,인천광역시 연수구 송도동,경상사고,0,0,2,0,차대차 - 측면충돌,신호위반,건조,맑음,교차로 - 교차로부근,승용,여,43세,상해없음,승용,남,20세,경상
2020120900100504,2020년 12월 9일 19시,수요일,인천광역시 중구 운서동,경상사고,0,0,1,0,차대차 - 측면충돌,신호위반,건조,맑음,교차로 - 교차로안,이륜,남,18세,상해없음,승용,여,33세,경상
2020120900100505,2020년 12월 9일 19시,수요일,인천광역시 미추홀구 주안동,경상사고,0,0,2,0,차대차 - 기타,기타,건조,맑음,단일로 - 기타,승용,남,60세,상해없음,승용,남,27세,경상