사고번호,사고일시,요일,시군구,사고내용,사망자수,중상자수,경상자수,부상신고자수,사고유형,법규위반,노면상태,기상상태,도로형태,가해운전자 차종,가해운전자 성별,가해운전자 연령,가해운전자 상해정도,피해운전자 차종,피해운전자 성별,피해운전자 연령,피해운전자 상해정도
2020120900100506,2020년 12월 9일 19시,수요일,인천광역시 부평구 십정동,경상사고,0,0,2,0,차대차 - 정면충돌,안전운전불이행,건조,맑음,단일로 - 기타,승용,여,55세,상해없음,승용,남,23세,경상
2020120900100507,2020년 12월 9일 19시,수요일,인천광역시 남동구 간석동,경상사고,0,0,1,0,차대차 - 측면충돌,안전운전불이행,건조,맑음,단일로 - 기타,이륜,남,32세,상해없음,승용,남,29세,경상
2020120900100508,2020년 12월 9일 19시,수요일,인천광역시 연수구 선학동,경상사고,0,0,1,0,차대차 - 측면충돌,신호위반,건조,맑음,단일로 - 기타,승용,남,40세,상해없음,승용,남,58세,경상
2020120900100537,2020년 12월 9일 20시,수요일,인천광역시 서구 마전동,경상사고,0,0,1,0,차대차 - 기타,차로위반,건조,맑음,교차로 - 교차로안,화물,남,63세,상해없음,승용,남,42세,경상
2020120900100539,2020년 12월 9일 20시,수요일,인천광역시 부평구 일신동,부상신고사고,0,0,0,1,차대차 - 추돌,안전운전불이행,건조,맑음,단일로 - 교량,승용,남,26세,상해없음,승용,남,35세,부상신고
2020120900100567,2020년 12월 9일 21시,수요일,인천광역시 연수구 송도동,경상사고,0,0,2,0,차대차 - 측면충돌,기타,건조,맑음,단일로 - 기타,승용,남,41세,상해없음,승용,여,23세,경상
2020120900100568,2020년 12월 9일 21시,수요일,인천광역시 연수구 선학동,경상사고,0,0,1,0,차대차 - 기타,차로위반,건조,맑음,단일로 - 기타,승용,남,33세,상해없음,화물,남,49세,경상
2020120900100569,2020년 12월 9일 21시,수요일,인천광역시 남동구 논현동,경상사고,0,0,1,0,차대차 - 측면충돌,안전운전불이행,건조,맑음,단일로 - 기타,승용,남,27세,상해없음,승합,남,59세,상해없음
2020120900100590,2020년 12월 9일 22시,수요일,인천광역시 미추홀구 주안동,경상사고,0,0,2,0,차대차 - 추돌,안전운전불이행,건조,맑음,교차로 - 교차로부근,승용,남,27세,상해없음,승용,여,67세,상해없음
2020121000100011,2020년 12월 10일 01시,목요일,인천광역시 서구 경서동,경상사고,0,0,1,0,차대차 - 기타,안전운전불이행,건조,맑음,교차로 - 교차로안,승용,남,22세,상해없음,승용,남,29세,경상
2020121000100054,2020년 12월 10일 07시,목요일,인천광역시 중구 신흥동3가,경상사고,0,0,1,0,차대차 - 기타,안전운전불이행,건조,맑음,교차로 - 교차로부근,승용,남,64세,상해없음,승용,남,37세,경상
2020121000100055,2020년 12월 10일 07시,목요일,인천광역시 남동구 만수동,경상사고,0,0,1,0,차대사람 - 횡단중,보행자보호의무위반,젖음/습기,흐림,교차로 - 교차로횡단보도내,승용,남,41세,상해없음,보행자,남,58세,경상
2020121000100106,2020년 12월 10일 09시,목요일,인천광역시 부평구 산곡동,중상사고,0,1,0,0,차대차 - 기타,안전운전불이행,건조,맑음,단일로 - 기타,화물,남,32세,기타불명,승합,남,53세,상해없음
2020121000100122,2020년 12월 10일 10시,목요일,인천광역시 남동구 만수동,중상사고,0,1,2,1,차대차 - 측면충돌,안전운전불이행,건조,맑음,단일로 - 기타,승용,여,51세,상해없음,승용,여,51세,중상
2020121000100149,2020년 12월 10일 11시,목요일,인천광역시 서구 원당동,중상사고,0,1,0,0,차대차 - 기타,교차로운행방법위반,건조,맑음,교차로 - 교차로안,승용,남,58세,상해없음,이륜,남,45세,중상
2020121000100150,2020년 12월 10일 11시,목요일,인천광역시 서구 가정동,경상사고,0,0,2,0,차대차 - 측면충돌,안전운전불이행,건조,맑음,단일로 - 기타,승용,여,63세,상해없음,화물,남,52세,경상
2020121000100151,2020년 12월 10일 11시,목요일,인천광역시 서구 가정동,경상사고,0,0,3,0,차대차 - 기타,안전운전불이행,건조,맑음,교차로 - 교차로안,건설기계,남,50세,경상,승용,여,44세,경상
2020121000100209,2020년 12월 10일 13시,목요일,인천광역시 부평구 일신동,경상사고,0,0,1,0,차대차 - 추돌,안전운전불이행,건조,맑음,단일로 - 기타,승용,남,22세,상해없음,승용,여,47세,경상
2020121000100254,2020년 12월 10일 15시,목요일,인천광역시 계양구 목상동,중상사고,0,1,1,0,차대사람 - 길가장자리구역통행중,안전운전불이행,건조,맑음,단일로 - 기타,자전거,남,22세,경상,보행자,여,61세,중상
2020121000100255,2020년 12월 10일 15시,목요일,인천광역시 계양구 작전동,경상사고,0,0,1,0,차대차 - 측면충돌,안전운전불이행,건조,맑음,교차로 - 교차로부근,화물,여,59세,상해없음,승용,여,55세,경상
2020121000100284,2020년 12월 10일 16시,목요일,인천광역시 부평구 갈산동,부상신고사고,0,0,0,1,차대사람 - 차도통행중,안전운전불이행,건조,맑음,단일로 - 기타,화물,남,48세,상해없음,보행자,여,41세,부상신고
2020121000100336,2020년 12월 10일 17시,목요일,인천광역시 미추홀구 관교동,경상사고,0,0,3,0,차대차 - 측면충돌,안전운전불이행,건조,맑음,단일로 - 기타,승용,여,60세,상해없음,승용,남,22세,경상
2020121000100475,2020년 12월 10일 20시,목요일,인천광역시 중구 인현동,중상사고,0,1,0,0,차대사람 - 횡단중,신호위반,건조,맑음,단일로 - 기타,승용,남,48세,상해없음,보행자,여,59세,중상
2020121000100505,2020년 12월 10일 21시,목요일,인천광역시 미추홀구 주안동,경상사고,0,0,1,0,차대차 - 기타,안전거리미확보,건조,맑음,단일로 - 기타,승용,남,60세,상해없음,이륜,남,33세,경상
2020121000100506,2020년 12월 10일 21시,목요일,인천광역시 연수구 동춘동,경상사고,0,0,3,0,차대차 - 추돌,과속,건조,맑음,단일로 - 기타,승용,남,29세,상해없음,승용,남,42세,경상
2020121000100529,2020년 12월 10일 22시,목요일,인천광역시 남동구 간석동,경상사고,0,0,1,0,차대차 - 추돌,안전운전불이행,건조,맑음,단일로 - 기타,이륜,남,41세,상해없음,승용,남,65세,상해없음
2020121000100542,2020년 12월 10일 23시,목요일,인천광역시 서구 연희동,경상사고,0,0,3,0,차대차 - 정면충돌,안전운전불이행,건조,맑음,단일로 - 지하차도(도로)내,승용,남,30세,경상,승용,여,26세,경상
2020121100100024,2020년 12월 11일 04시,금요일,인천광역시 서구 가정동,경상사고,0,0,1,0,차대차 - 추돌,신호위반,건조,맑음,교차로 - 교차로안,승용,남,58세,상해없음,개인형이동수단(PM),남,43세,경상
2020121100100032,2020년 12월 11일 05시,금요일,인천광역시 부평구 부개동,경상사고,0,0,1,0,차대차 - 측면충돌,안전운전불이행,건조,맑음,교차로 - 교차로부근,특수,남,28세,상해없음,화물,남,30세,경상
2020121100100088,2020년 12월 11일 08시,금요일,인천광역시 서구 석남동,경상사고,0,0,2,0,차대차 - 추돌,신호위반,건조,맑음,교차로 - 교차로부근,승용,여,27세,경상,승용,남,30세,경상
2020121100100089,2020년 12월 11일 08시,금요일,인천광역시 연수구 선학동,경상사고,0,0,1,0,차대차 - 측면충돌,안전운전불이행,서리/결빙,눈,단일로 - 기타,승용,남,37세,상해없음,승용,남,57세,경상
2020121100100120,2020년 12월 11일 10시,금요일,인천광역시 남동구 구월동,경상사고,0,0,1,0,차대차 - 추돌,안전운전불이행,건조,맑음,단일로 - 기타,승용,남,47세,상해없음,이륜,남,31세,경상
2020121100100182,2020년 12월 11일 12시,금요일,인천광역시 남동구 간석동,경상사고,0,0,1,0,차대차 - 측면충돌,교차로운행방법위반,건조,맑음,교차로 - 교차로안,승합,남,57세,상해없음,승용,여,61세,경상
2020121100100183,2020년 12월 11일 12시,금요일,인천광역시 강화군 선원면,경상사고,0,0,1,0,차대차 - 측면충돌,안전운전불이행,건조,맑음,교차로 - 교차로안,화물,남,47세,상해없음,승용,남,67세,경상
2020121100100184,2020년 12월 11일 12시,금요일,인천광역시 연수구 송도동,경상사고,0,0,1,0,차대차 - 측면충돌,안전거리미확보,건조,맑음,교차로 - 교차로안,승용,남,37세,상해없음,승용,남,34세,경상
2020121100100213,2020년 12월 11일 13시,금요일,인천광역시 남동구 고잔동,중상사고,0,1,0,0,차대차 - 추돌,안전운전불이행,건조,맑음,단일로 - 지하차도(도로)내,특수,남,60세,상해없음,특수,남,45세,중상
2020121100100256,2020년 12월 11일 14시,금요일,인천광역시 부평구 부평동,중상사고,0,1,0,0,차대차 - 기타,안전운전불이행,건조,맑음,기타 - 기타,승합,남,47세,상해없음,승용,남,33세,중상
2020121100100323,2020년 12월 11일 16시,금요일,인천광역시 동구 송현동,경상사고,0,0,1,0,차대차 - 측면충돌,안전거리미확보,건조,맑음,단일로 - 기타,화물,남,49세,상해없음,승용,남,67세,경상
2020121100100324,2020년 12월 11일 16시,금요일,인천광역시 서구 경서동,경상사고,0,0,3,0,차대차 - 기타,안전운전불이행,건조,맑음,기타 - 기타,화물,남,49세,상해없음,화물,남,45세,경상
2020121100100325,2020년 12월 11일 16시,금요일,인천광역시 서구 마전동,경상사고,0,0,1,0,차대차 - 추돌,안전운전불이행,건조,맑음,교차로 - 교차로안,승용,남,48세,상해없음,승용,여,50세,경상
2020121100100438,2020년 12월 11일 18시,금요일,인천광역시 계양구 서운동,경상사고,0,0,1,0,차대차 - 측면충돌,안전운전불이행,건조,맑음,교차로 - 교차로부근,승용,남,34세,상해없음,승용,남,51세,경상
2020121100100439,2020년 12월 11일 18시,금요일,인천광역시 서구 원창동,중상사고,0,1,0,0,차대차 - 측면충돌,안전운전불이행,건조,맑음,단일로 - 기타,승합,남,68세,상해없음,승용,남,40세,중상
2020121100100489,2020년 12월 11일 19시,금요일,인천광역시 미추홀구 주안동,중상사고,0,1,0,0,차대차 - 기타,중앙선침범,건조,기타,단일로 - 기타,화물,남,58세,상해없음,이륜,남,42세,중상
2020121100100490,2020년 12월 11일 19시,금요일,인천광역시 계양구 계산동,경상사고,0,0,1,0,차대차 - 기타,안전운전불이행,건조,맑음,단일로 - 기타,기타불명,기타불명,미분류,기타불명,이륜,남,34세,경상
2020121100100524,2020년 12월 11일 20시,금요일,인천광역시 미추홀구 주안동,경상사고,0,0,1,0,차대차 - 측면충돌,안전거리미확보,건조,맑음,단일로 - 기타,이륜,남,25세,상해없음,이륜,여,31세,경상
2020121100100525,2020년 12월 11일 20시,금요일,인천광역시 서구 연희동,경상사고,0,0,1,0,차대차 - 기타,안전운전불이행,건조,맑음,단일로 - 기타,화물,남,58세,상해없음,승용,남,45세,경상
2020121100100526,2020년 12월 11일 20시,금요일,인천광역시 계양구 작전동,경상사고,0,0,13,0,차대차 - 측면충돌,안전거리미확보,건조,맑음,교차로 - 교차로안,승용,남,23세,상해없음,승합,남,52세,경상
2020121100100564,2020년 12월 11일 21시,금요일,인천광역시 남동구 구월동,중상사고,0,1,0,0,차대차 - 측면충돌,신호위반,건조,맑음,단일로 - 기타,승용,남,76세,상해없음,이륜,남,27세,중상
2020121100100565,2020년 12월 11일 21시,금요일,인천광역시 서구 왕길동,경상사고,0,0,1,0,차대사람 - 횡단중,안전운전불이행,건조,맑음,교차로 - 교차로안,승용,여,29세,상해없음,보행자,남,46세,경상
2020121100100566,2020년 12월 11일 21시,금요일,인천광역시 부평구 부개동,경상사고,0,0,2,0,차대차 - 측면충돌,신호위반,건조,맑음,교차로 - 교차로안,승용,남,24세,상해없음,승용,남,41세,경상
2020121100100594,2020년 12월 11일 22시,금요일,인천광역시 남동구 구월동,경상사고,0,0,1,0,차대차 - 측면충돌,교차로운행방법위반,건조,맑음,교차로 - 교차로안,승용,남,48세,상해없음,승용,남,30세,경상
2020121200100035,2020년 12월 12일 05시,토요일,인천광역시 부평구 삼산동,경상사고,0,0,1,0,차대차 - 측면충돌,안전거리미확보,건조,맑음,단일로 - 기타,승용,남,41세,상해없음,승용,남,69세,경상
2020121200100046,2020년 12월 12일 06시,토요일,인천광역시 미추홀구 숭의동,중상사고,0,1,0,0,차대사람 - 횡단중,안전운전불이행,건조,맑음,교차로 - 교차로부근,승용,남,54세,상해없음,보행자,남,64세,중상
2020121200100047,2020년 12월 12일 06시,토요일,인천광역시 남동구 간석동,경상사고,0,0,1,0,차대사람 - 횡단중,보행자보호의무위반,건조,흐림,교차로 - 교차로안,화물,남,56세,상해없음,보행자,남,71세,경상
2020121200100057,2020년 12월 12일 07시,토요일,인천광역시 미추홀구 숭의동,경상사고,0,0,1,0,차대차 - 측면충돌,안전운전불이행,건조,맑음,교차로 - 교차로부근,승용,남,70세,상해없음,승용,남,36세,경상
2020121200100070,2020년 12월 12일 08시,토요일,인천광역시 중구 항동7가,경상사고,0,0,1,0,차대차 - 측면충돌,안전운전불이행,건조,맑음,단일로 - 기타,승용,남,50세,상해없음,승용,남,28세,경상
2020121200100107,2020년 12월 12일 10시,토요일,인천광역시 부평구 산곡동,경상사고,0,0,1,0,차대차 - 측면충돌,안전운전불이행,건조,맑음,교차로 - 교차로부근,건설기계,남,62세,상해없음,승용,남,70세,경상
2020121200100108,2020년 12월 12일 10시,토요일,인천광역시 서구 청라동,경상사고,0,0,1,0,차대차 - 기타,안전운전불이행,건조,맑음,기타 - 기타,승용,남,28세,상해없음,승용,남,52세,경상
2020121200100133,2020년 12월 12일 11시,토요일,인천광역시 동구 송림동,경상사고,0,0,1,0,차대사람 - 차도통행중,안전운전불이행,건조,맑음,단일로 - 기타,승용,남,47세,상해없음,보행자,여,52세,경상
2020121200100134,2020년 12월 12일 11시,토요일,인천광역시 계양구 임학동,경상사고,0,0,1,0,차대차 - 측면충돌,안전운전불이행,건조,맑음,단일로 - 기타,화물,남,61세,상해없음,이륜,남,50세,경상
2020121200100135,2020년 12월 12일 11시,토요일,인천광역시 계양구 상야동,중상사고,0,1,1,0,차대차 - 기타,안전운전불이행,건조,맑음,단일로 - 기타,자전거,남,69세,경상,자전거,남,47세,중상
2020121200100174,2020년 12월 12일 12시,토요일,인천광역시 남동구 구월동,경상사고,0,0,1,0,차대차 - 기타,안전운전불이행,건조,맑음,단일로 - 기타,화물,남,54세,상해없음,승용,여,45세,경상
2020121200100175,2020년 12월 12일 12시,토요일,인천광역시 서구 오류동,경상사고,0,0,1,0,차대차 - 추돌,교차로운행방법위반,건조,맑음,교차로 - 교차로안,화물,남,24세,상해없음,화물,남,41세,경상
2020121200100176,2020년 12월 12일 12시,토요일,인천광역시 계양구 작전동,경상사고,0,0,1,0,차대차 - 측면충돌,기타,건조,맑음,교차로 - 교차로안,승용,남,51세,상해없음,이륜,남,63세,경상
2020121200100270,2020년 12월 12일 15시,토요일,인천광역시 서구 금곡동,경상사고,0,0,2,0,차대차 - 추돌,안전거리미확보,건조,맑음,단일로 - 기타,승용,여,32세,상해없음,승용,여,55세,경상
2020121200100299,2020년 12월 12일 16시,토요일,인천광역시 미추홀구 주안동,부상신고사고,0,0,0,1,차대차 - 후진중충돌,안전운전불이행,건조,맑음,기타 - 기타,기타불명,기타불명,미분류,기타불명,이륜,남,23세,부상신고
2020121200100300,2020년 12월 12일 16시,토요일,인천광역시 서구 청라동,중상사고,0,1,1,0,차대차 - 기타,신호위반,건조,맑음,교차로 - 교차로안,이륜,남,27세,중상,승용,남,41세,경상
2020121200100332,2020년 12월 12일 17시,토요일,인천광역시 미추홀구 도화동,경상사고,0,0,1,0,차대사람 - 기타,안전운전불이행,건조,맑음,단일로 - 기타,기타불명,기타불명,미분류,기타불명,보행자,남,55세,경상
2020121200100333,2020년 12월 12일 17시,토요일,인천광역시 서구 석남동,경상사고,0,0,2,0,차대차 - 측면충돌,안전운전불이행,건조,맑음,교차로 - 교차로부근,승용,여,25세,경상,승용,남,47세,경상
2020121200100335,2020년 12월 12일 17시,토요일,인천광역시 계양구 서운동,경상사고,0,0,1,0,차대차 - 추돌,안전운전불이행,건조,맑음,단일로 - 기타,승용,여,29세,상해없음,승용,남,28세,경상
2020121200100385,2020년 12월 12일 18시,토요일,인천광역시 미추홀구 숭의동,경상사고,0,0,1,0,차대차 - 기타,안전거리미확보,건조,맑음,교차로 - 교차로부근,이륜,남,47세,상해없음,이륜,남,29세,경상
2020121200100386,2020년 12월 12일 18시,토요일,인천광역시 서구 석남동,경상사고,0,0,1,0,차량단독 - 공작물충돌,기타,건조,맑음,기타 - 기타,자전거,남,54세,경상,,,,
2020121200100420,2020년 12월 12일 19시,토요일,인천광역시 미추홀구 주안동,경상사고,0,0,1,0,차대차 - 추돌,안전운전불이행,건조,기타,단일로 - 기타,승용,남,50세,기타불명,이륜,남,28세,경상
2020121200100421,2020년 12월 12일 19시,토요일,인천광역시 남동구 간석동,경상사고,0,0,1,0,차대차 - 추돌,안전운전불이행,건조,맑음,단일로 - 기타,승용,남,61세,상해없음,이륜,남,60세,경상
2020121200100448,2020년 12월 12일 20시,토요일,인천광역시 남동구 서창동,경상사고,0,0,1,0,차대사람 - 횡단중,보행자보호의무위반,건조,맑음,교차로 - 교차로횡단보도내,승용,여,25세,상해없음,보행자,남,35세,경상
2020121200100449,2020년 12월 12일 20시,토요일,인천광역시 중구 항동1가,중상사고,0,1,0,0,차대차 - 추돌,안전운전불이행,건조,맑음,단일로 - 기타,승용,남,46세,상해없음,승용,남,53세,중상
2020121200100472,2020년 12월 12일 21시,토요일,인천광역시 부평구 산곡동,경상사고,0,0,1,0,차대차 - 추돌,안전운전불이행,건조,맑음,단일로 - 기타,승용,남,45세,상해없음,승용,남,45세,경상
2020121200100473,2020년 12월 12일 21시,토요일,인천광역시 남동구 간석동,경상사고,0,0,1,0,차대사람 - 횡단중,보행자보호의무위반,건조,맑음,교차로 - 교차로부근,이륜,남,25세,상해없음,보행자,남,24세,경상
2020121200100474,2020년 12월 12일 21시,토요일,인천광역시 서구 오류동,경상사고,0,0,1,0,차대차 - 기타,안전운전불이행,건조,맑음,단일로 - 기타,승용,남,46세,상해없음,승용,남,34세,경상
2020121200100481,2020년 12월 12일 22시,토요일,인천광역시 남동구 구월동,경상사고,0,0,1,0,차대차 - 측면충돌,안전운전불이행,건조,흐림,교차로 - 교차로안,승용,남,56세,상해없음,승용,남,32세,경상
2020121200100482,2020년 12월 12일 22시,토요일,인천광역시 서구 검암동,부상신고사고,0,0,0,1,차대차 - 측면충돌,안전운전불이행,건조,맑음,교차로 - 교차로안,이륜,남,29세,부상신고,이륜,남,44세,상해없음
2020121300100181,2020년 12월 13일 14시,일요일,인천광역시 서구 신현동,경상사고,0,0,1,0,차대차 - 기타,안전운전불이행,건조,맑음,단일로 - 기타,화물,남,65세,상해없음,승용,남,29세,경상
2020121300100210,2020년 12월 13일 15시,일요일,인천광역시 남동구 서창동,중상사고,0,1,0,0,차대차 - 기타,안전운전불이행,건조,맑음,교차로 - 교차로안,승용,여,63세,상해없음,이륜,남,37세,중상
2020121300100226,2020년 12월 13일 16시,일요일,인천광역시 서구 석남동,중상사고,0,1,0,0,차대차 - 기타,교차로운행방법위반,젖음/습기,맑음,교차로 - 교차로안,승용,남,74세,상해없음,이륜,남,41세,중상
2020121300100257,2020년 12월 13일 17시,일요일,인천광역시 연수구 선학동,경상사고,0,0,4,0,차대차 - 측면충돌,교차로운행방법위반,건조,맑음,교차로 - 교차로안,승용,남,22세,경상,승용,남,74세,경상
2020121300100290,2020년 12월 13일 18시,일요일,인천광역시 남동구 남촌동,경상사고,0,0,1,0,차대차 - 추돌,안전운전불이행,건조,흐림,단일로 - 기타,화물,남,46세,상해없음,승용,남,58세,경상
2020121300100326,2020년 12월 13일 19시,일요일,인천광역시 중구 율목동,경상사고,0,0,1,0,차대차 - 측면충돌,안전운전불이행,건조,맑음,교차로 - 교차로부근,승용,남,76세,상해없음,승용,남,29세,경상
2020121300100350,2020년 12월 13일 20시,일요일,인천광역시 남동구 만수동,중상사고,0,1,2,0,차대차 - 기타,안전운전불이행,건조,맑음,단일로 - 기타,화물,남,46세,상해없음,승용,남,39세,중상
2020121300100380,2020년 12월 13일 22시,일요일,인천광역시 미추홀구 도화동,경상사고,0,0,1,0,차대차 - 후진중충돌,안전운전불이행,건조,맑음,단일로 - 기타,기타불명,기타불명,미분류,기타불명,승용,여,47세,경상
2020121400100010,2020년 12월 14일 02시,월요일,인천광역시 미추홀구 주안동,부상신고사고,0,0,0,2,차대차 - 추돌,안전운전불이행,건조,맑음,교차로 - 교차로부근,승용,남,33세,상해없음,승용,남,39세,부상신고
2020121400100011,2020년 12월 14일 02시,월요일,인천광역시 남동구 논현동,경상사고,0,0,1,0,차대차 - 추돌,신호위반,건조,맑음,교차로 - 교차로안,화물,남,66세,상해없음,화물,남,33세,경상
2020121400100024,2020년 12월 14일 05시,월요일,인천광역시 계양구 계산동,경상사고,0,0,1,0,차대차 - 추돌,안전거리미확보,건조,맑음,교차로 - 교차로부근,화물,남,60세,상해없음,승용,남,70세,경상
2020121400100053,2020년 12월 14일 07시,월요일,인천광역시 동구 송현동,경상사고,0,0,1,0,차대사람 - 기타,안전운전불이행,건조,맑음,교차로 - 교차로횡단보도내,기타불명,기타불명,미분류,기타불명,보행자,남,26세,경상
2020121400100095,2020년 12월 14일 08시,월요일,인천광역시 부평구 부개동,경상사고,0,0,2,0,차대차 - 후진중충돌,안전운전불이행,건조,맑음,단일로 - 기타,승용,여,56세,상해없음,승용,남,54세,경상
2020121400100122,2020년 12월 14일 09시,월요일,인천광역시 서구 청라동,경상사고,0,0,1,0,차대차 - 기타,안전운전불이행,건조,맑음,단일로 - 기타,기타불명,기타불명,미분류,기타불명,이륜,남,31세,경상
2020121400100176,2020년 12월 14일 11시,월요일,인천광역시 남동구 만수동,경상사고,0,0,1,0,차대차 - 기타,신호위반,건조,맑음,교차로 - 교차로안,화물,남,41세,상해없음,자전거,남,7세,경상
2020121400100238,2020년 12월 14일 13시,월요일,인천광역시 미추홀구 주안동,경상사고,0,0,1,0,차대차 - 측면충돌,안전운전불이행,건조,맑음,교차로 - 교차로부근,승용,여,43세,상해없음,건설기계,남,59세,경상
2020121400100276,2020년 12월 14일 14시,월요일,인천광역시 동구 송현동,중상사고,0,1,0,0,차대차 - 추돌,안전운전불이행,건조,맑음,교차로 - 교차로안,화물,남,46세,상해없음,화물,남,52세,상해없음
2020121400100277,2020년 12월 14일 14시,월요일,인천광역시 남동구 만수동,경상사고,0,0,1,0,차대사람 - 횡단중,안전운전불이행,건조,맑음,교차로 - 교차로횡단보도내,승용,남,63세,상해없음,보행자,여,39세,경상
2020121400100309,2020년 12월 14일 15시,월요일,인천광역시 연수구 동춘동,중상사고,0,1,0,0,차대차 - 기타,안전운전불이행,건조,맑음,교차로 - 교차로횡단보도내,승용,남,30세,상해없음,자전거,여,43세,중상
2020121400100310,2020년 12월 14일 15시,월요일,인천광역시 연수구 송도동,경상사고,0,0,1,0,차대차 - 정면충돌,안전운전불이행,건조,맑음,단일로 - 기타,승용,여,57세,상해없음,승용,여,64세,경상
2020121400100337,2020년 12월 14일 16시,월요일,인천광역시 남동구 구월동,경상사고,0,0,2,0,차대차 - 측면충돌,안전운전불이행,건조,맑음,단일로 - 기타,승용,남,56세,상해없음,승용,남,44세,경상
2020121400100338,2020년 12월 14일 16시,월요일,인천광역시 부평구 부평동,경상사고,0,0,1,0,차대차 - 측면충돌,안전운전불이행,건조,맑음,단일로 - 기타,승용,남,34세,상해없음,이륜,남,26세,경상
2020121400100378,2020년 12월 14일 17시,월요일,인천광역시 서구 청라동,경상사고,0,0,1,0,차대차 - 기타,신호위반,건조,맑음,교차로 - 교차로안,승용,여,58세,상해없음,승용,남,38세,경상
2020121400100436,2020년 12월 14일 18시,월요일,인천광역시 남동구 간석동,경상사고,0,0,1,0,차대차 - 측면충돌,안전거리미확보,건조,맑음,단일로 - 기타,승합,남,51세,상해없음,승용,남,31세,경상
2020121400100437,2020년 12월 14일 18시,월요일,인천광역시 서구 가좌동,경상사고,0,0,2,0,차대차 - 측면충돌,신호위반,건조,맑음,교차로 - 교차로안,승용,여,52세,상해없음,특수,남,57세,경상
2020121400100501,2020년 12월 14일 20시,월요일,인천광역시 부평구 십정동,경상사고,0,0,1,0,차대차 - 추돌,안전운전불이행,건조,맑음,교차로 - 교차로부근,승용,남,53세,상해없음,승용,여,26세,경상
2020121400100502,2020년 12월 14일 20시,월요일,인천광역시 남동구 만수동,부상신고사고,0,0,0,1,차대사람 - 길가장자리구역통행중,안전운전불이행,건조,맑음,교차로 - 교차로부근,기타불명,기타불명,미분류,기타불명,보행자,남,26세,부상신고
2020121400100503,2020년 12월 14일 20시,월요일,인천광역시 연수구 송도동,경상사고,0,0,1,0,차대차 - 측면충돌,교차로운행방법위반,건조,맑음,교차로 - 교차로안,승용,여,59세,상해없음,승용,남,40세,경상
2020121400100526,2020년 12월 14일 21시,월요일,인천광역시 남동구 구월동,경상사고,0,0,2,0,차대차 - 측면충돌,교차로운행방법위반,건조,맑음,교차로 - 교차로안,승용,남,30세,상해없음,승용,남,54세,경상
2020121400100541,2020년 12월 14일 22시,월요일,인천광역시 부평구 부평동,경상사고,0,0,1,0,차대차 - 추돌,안전운전불이행,건조,맑음,교차로 - 교차로부근,승용,남,40세,상해없음,승용,남,39세,경상
2020121500100003,2020년 12월 15일 00시,화요일,인천광역시 서구 왕길동,사망사고,1,1,0,0,차량단독 - 공작물충돌,과속,젖음/습기,맑음,단일로 - 기타,승용,남,26세,사망,,,,
2020121500100046,2020년 12월 15일 07시,화요일,인천광역시 동구 송현동,경상사고,0,0,1,0,차대사람 - 보도통행중,보행자보호의무위반,건조,맑음,교차로 - 교차로부근,승용,남,52세,상해없음,보행자,남,31세,경상
2020121500100076,2020년 12월 15일 08시,화요일,인천광역시 서구 가좌동,경상사고,0,0,1,0,차대차 - 추돌,안전운전불이행,건조,맑음,교차로 - 교차로부근,승용,남,55세,상해없음,승용,남,33세,경상
2020121500100122,2020년 12월 15일 10시,화요일,인천광역시 중구 운서동,중상사고,0,1,1,0,차대차 - 측면충돌,교차로운행방법위반,건조,맑음,교차로 - 교차로안,화물,남,50세,중상,승합,남,37세,경상
2020121500100123,2020년 12월 15일 10시,화요일,인천광역시 남동구 구월동,경상사고,0,0,1,0,차대차 - 측면충돌,안전운전불이행,건조,흐림,단일로 - 기타,승용,여,41세,상해없음,화물,남,24세,경상
2020121500100184,2020년 12월 15일 12시,화요일,인천광역시 남동구 간석동,경상사고,0,0,1,0,차대차 - 기타,안전운전불이행,건조,맑음,단일로 - 기타,승용,여,70세,상해없음,승용,여,41세,경상
2020121500100219,2020년 12월 15일 13시,화요일,인천광역시 미추홀구 주안동,경상사고,0,0,1,0,차대차 - 측면충돌,차로위반,건조,맑음,단일로 - 기타,승용,남,48세,기타불명,승합,남,69세,경상
2020121500100220,2020년 12월 15일 13시,화요일,인천광역시 서구 경서동,경상사고,0,0,1,0,차대차 - 기타,안전운전불이행,건조,맑음,단일로 - 기타,화물,남,58세,상해없음,승용,남,49세,경상
2020121500100258,2020년 12월 15일 14시,화요일,인천광역시 서구 경서동,경상사고,0,0,1,0,차대차 - 후진중충돌,안전운전불이행,건조,맑음,교차로 - 교차로부근,건설기계,남,34세,상해없음,승용,남,23세,경상
2020121500100296,2020년 12월 15일 15시,화요일,인천광역시 중구 운남동,경상사고,0,0,1,0,차대사람 - 횡단중,보행자보호의무위반,건조,맑음,교차로 - 교차로횡단보도내,승용,남,45세,상해없음,보행자,여,53세,경상
2020121500100297,2020년 12월 15일 15시,화요일,인천광역시 남동구 논현동,경상사고,0,0,1,0,차대차 - 추돌,안전운전불이행,건조,맑음,단일로 - 기타,승용,남,32세,상해없음,승용,남,42세,경상